file	ordinal	example_id	line	before_sha256	after_sha256	status
guides/part-07-coreai-swift-runtime/references/03-states-and-pipelined-execution.md	0	-	306	95874f2d2f1a9b8a46e7e2b4aa2f3baf4f133d07ba9819c4f089598bc3581152	95874f2d2f1a9b8a46e7e2b4aa2f3baf4f133d07ba9819c4f089598bc3581152	unchanged
guides/part-07-coreai-swift-runtime/references/03-states-and-pipelined-execution.md	1	-	364	ce8e4f1a13695f003ffbd44c888ad44b4d220a1a05b514c24c1ac1212e0b15f8	ce8e4f1a13695f003ffbd44c888ad44b4d220a1a05b514c24c1ac1212e0b15f8	unchanged
guides/part-07-coreai-swift-runtime/references/03-states-and-pipelined-execution.md	2	-	382	77933a693a59cbe12d0f956cdf558a6ab8529578905f914cb65c819786dffa1c	77933a693a59cbe12d0f956cdf558a6ab8529578905f914cb65c819786dffa1c	unchanged
guides/part-07-coreai-swift-runtime/references/03-states-and-pipelined-execution.md	3	-	424	bd1adb7ca84f82e5022920435a575240f355bf5564a382503175a090ae6fa294	bd1adb7ca84f82e5022920435a575240f355bf5564a382503175a090ae6fa294	unchanged
guides/part-07-coreai-swift-runtime/references/03-states-and-pipelined-execution.md	4	-	491	037eea29ff4f8ceab225de3fa325b9d3a0c836d2e345082145cd298f0369d7a2	037eea29ff4f8ceab225de3fa325b9d3a0c836d2e345082145cd298f0369d7a2	unchanged
guides/part-07-coreai-swift-runtime/references/03-states-and-pipelined-execution.md	5	-	610	79753bfbf538b549df183c7b693e48fe2604cb0e254d5b971ae86247c886d99d	79753bfbf538b549df183c7b693e48fe2604cb0e254d5b971ae86247c886d99d	unchanged
guides/part-07-coreai-swift-runtime/references/03-states-and-pipelined-execution.md	6	-	668	235b4fd00304003c78e2dd116acf581d1395de11becb1308c8e0f88b34fc211c	235b4fd00304003c78e2dd116acf581d1395de11becb1308c8e0f88b34fc211c	unchanged
guides/part-07-coreai-swift-runtime/references/03-states-and-pipelined-execution.md	7	-	1258	0067045ad83bca816b63d24246fe4f81ce94b61466d733a4edcc9e2aab9de167	0067045ad83bca816b63d24246fe4f81ce94b61466d733a4edcc9e2aab9de167	unchanged
guides/part-07-coreai-swift-runtime/references/03-states-and-pipelined-execution.md	8	-	1277	8396651e62e66aa9a5e286a289663898a7bff20517a935b00d8594a5457547f6	8396651e62e66aa9a5e286a289663898a7bff20517a935b00d8594a5457547f6	unchanged
guides/part-07-coreai-swift-runtime/references/03-states-and-pipelined-execution.md	9	-	1282	6407307d37742b8da5f3e3e617b1aed3c69126768df5be6427b53407f1f09783	6407307d37742b8da5f3e3e617b1aed3c69126768df5be6427b53407f1f09783	unchanged
guides/part-07-coreai-swift-runtime/references/03-states-and-pipelined-execution.md	10	-	1305	051d3ef0553a79dc209ea35029ffc863aa0fa8ecb0d68c7fe008f1c8cc618dc9	051d3ef0553a79dc209ea35029ffc863aa0fa8ecb0d68c7fe008f1c8cc618dc9	unchanged
guides/part-07-coreai-swift-runtime/references/03-states-and-pipelined-execution.md	11	-	1328	5db1258f3c6630d364537f769ad0610bfd7bf9e56d50405be644352bf27cef84	5db1258f3c6630d364537f769ad0610bfd7bf9e56d50405be644352bf27cef84	unchanged
guides/part-07-coreai-swift-runtime/references/03-states-and-pipelined-execution.md	12	-	1337	3c67151e8da6266a9f6892a3946d3a21f60233f2696f5b8e3008e6fe39d305e7	3c67151e8da6266a9f6892a3946d3a21f60233f2696f5b8e3008e6fe39d305e7	unchanged
guides/part-07-coreai-swift-runtime/references/03-states-and-pipelined-execution.md	13	-	2620	55d50a8341bd685b83fbe4806dca95dc1d8d823a1c7a104dee95fecf3594bbfe	55d50a8341bd685b83fbe4806dca95dc1d8d823a1c7a104dee95fecf3594bbfe	unchanged
guides/part-07-coreai-swift-runtime/references/03-states-and-pipelined-execution.md	14	-	3126	fc7e8220aabee5f91e0b25c3c357a2189ee8b173f868ad14146b3cca3dd12d74	fc7e8220aabee5f91e0b25c3c357a2189ee8b173f868ad14146b3cca3dd12d74	unchanged
guides/part-07-coreai-swift-runtime/references/04-bundles-engines-and-guided-decoding.md	15	-	218	27c746b073171b9227477107afc8f7e9f4ad7365bfe231419281973d97cea514	27c746b073171b9227477107afc8f7e9f4ad7365bfe231419281973d97cea514	unchanged
guides/part-07-coreai-swift-runtime/references/04-bundles-engines-and-guided-decoding.md	16	-	822	48a20f6629087b5477ddbab9ac2d218379b3a94705ea43f162c74e3354bac2dc	48a20f6629087b5477ddbab9ac2d218379b3a94705ea43f162c74e3354bac2dc	unchanged
guides/part-07-coreai-swift-runtime/references/04-bundles-engines-and-guided-decoding.md	17	-	848	db641b15d6548bf75bc38254cf511d90d6433304b7bf9400c82fbd39c4f9b215	db641b15d6548bf75bc38254cf511d90d6433304b7bf9400c82fbd39c4f9b215	unchanged
guides/part-07-coreai-swift-runtime/references/04-bundles-engines-and-guided-decoding.md	18	-	1709	358e241cda0db56dc9393349ea7fbd5e7b988c62f9fc975a4f69a82b6eeb333c	358e241cda0db56dc9393349ea7fbd5e7b988c62f9fc975a4f69a82b6eeb333c	unchanged
guides/part-08-coreai-pytorch-conversion/references/01-conversion-and-the-io-contract.md	19	-	32	cca4c146ac577c501d279a8aa067e690fabefe011994cd21a4bdbc7d7cf221eb	cca4c146ac577c501d279a8aa067e690fabefe011994cd21a4bdbc7d7cf221eb	unchanged
guides/part-08-coreai-pytorch-conversion/references/01-conversion-and-the-io-contract.md	20	-	123	305bc1bf7ecb306cfe6ba3d87313b5af0f9b091b41cfb0512d1275708744124d	305bc1bf7ecb306cfe6ba3d87313b5af0f9b091b41cfb0512d1275708744124d	unchanged
guides/part-08-coreai-pytorch-conversion/references/01-conversion-and-the-io-contract.md	21	-	148	49fcab45617dfed96f53306d43bf646562aee96409469a53ac58402fe3aa45c8	49fcab45617dfed96f53306d43bf646562aee96409469a53ac58402fe3aa45c8	unchanged
guides/part-08-coreai-pytorch-conversion/references/01-conversion-and-the-io-contract.md	22	-	180	2b4cd70edf812fb6ea58fe8930a3a7fedec6a448b1695496946db42e84c54e81	2b4cd70edf812fb6ea58fe8930a3a7fedec6a448b1695496946db42e84c54e81	unchanged
guides/part-08-coreai-pytorch-conversion/references/01-conversion-and-the-io-contract.md	23	-	270	f0b7f678b66f1e5dfba31ce4e9b206576d137270cd164a7a9533460fc9084c60	f0b7f678b66f1e5dfba31ce4e9b206576d137270cd164a7a9533460fc9084c60	unchanged
guides/part-08-coreai-pytorch-conversion/references/01-conversion-and-the-io-contract.md	24	-	319	1413304588e7db84dcae83bc473e24db6652991737e26b0066c88d840d84a64c	1413304588e7db84dcae83bc473e24db6652991737e26b0066c88d840d84a64c	unchanged
guides/part-08-coreai-pytorch-conversion/references/01-conversion-and-the-io-contract.md	25	-	383	f3f14c4e81437c5e8babf6be092eb2835814ca47a7773150bafd6cad8f6b871c	f3f14c4e81437c5e8babf6be092eb2835814ca47a7773150bafd6cad8f6b871c	unchanged
guides/part-08-coreai-pytorch-conversion/references/01-conversion-and-the-io-contract.md	26	-	424	6490ce73137391d4aba3ded4a9af27e79537de03c789080a6a410d5e4814544b	6490ce73137391d4aba3ded4a9af27e79537de03c789080a6a410d5e4814544b	unchanged
guides/part-08-coreai-pytorch-conversion/references/01-conversion-and-the-io-contract.md	27	-	446	027c3734ddc23d2346a039973d9064ccd8a23cd639d4d379c585fa303660e458	027c3734ddc23d2346a039973d9064ccd8a23cd639d4d379c585fa303660e458	unchanged
guides/part-08-coreai-pytorch-conversion/references/01-conversion-and-the-io-contract.md	28	-	480	7f58061c8a5f389cfa6e6bf5bf281f1bd723f5d3b5fa3d98d50bbde1a6932006	7f58061c8a5f389cfa6e6bf5bf281f1bd723f5d3b5fa3d98d50bbde1a6932006	unchanged
guides/part-08-coreai-pytorch-conversion/references/01-conversion-and-the-io-contract.md	29	-	507	5dd9a52d0298b08e65c6440e87182cffea33a3fe5d19536cc13ad49b33bc578b	5dd9a52d0298b08e65c6440e87182cffea33a3fe5d19536cc13ad49b33bc578b	unchanged
guides/part-08-coreai-pytorch-conversion/references/01-conversion-and-the-io-contract.md	30	-	571	77ea7d2be19055b3ac78287d7df8104a34e834542f90c6d3f5dba12dd6e18471	77ea7d2be19055b3ac78287d7df8104a34e834542f90c6d3f5dba12dd6e18471	unchanged
guides/part-08-coreai-pytorch-conversion/references/01-conversion-and-the-io-contract.md	31	-	587	13a4581d1028ccd54ad976926a6e7dd19d594772ad2ca8bd4ed84c95673fea6d	13a4581d1028ccd54ad976926a6e7dd19d594772ad2ca8bd4ed84c95673fea6d	unchanged
guides/part-08-coreai-pytorch-conversion/references/01-conversion-and-the-io-contract.md	32	-	607	112cc25fdff6fd9b36c3b39f720099a8590b1c033dd674ba954d1b97a6c05265	112cc25fdff6fd9b36c3b39f720099a8590b1c033dd674ba954d1b97a6c05265	unchanged
guides/part-08-coreai-pytorch-conversion/references/01-conversion-and-the-io-contract.md	33	-	647	e8563717e14725bd74c25c333b39399db10fbd4320423de01b42b3b66c574f5a	e8563717e14725bd74c25c333b39399db10fbd4320423de01b42b3b66c574f5a	unchanged
guides/part-08-coreai-pytorch-conversion/references/01-conversion-and-the-io-contract.md	34	-	685	b645a9f044be5d66afc8470bc6c165a6fa36d6efdd70c60edf180b9e28343d2c	b645a9f044be5d66afc8470bc6c165a6fa36d6efdd70c60edf180b9e28343d2c	unchanged
guides/part-08-coreai-pytorch-conversion/references/01-conversion-and-the-io-contract.md	35	-	718	bfcbddc9d8fab5864916a53cefc0380ef1443a32415756f41b5dad96fb79e401	bfcbddc9d8fab5864916a53cefc0380ef1443a32415756f41b5dad96fb79e401	unchanged
guides/part-08-coreai-pytorch-conversion/references/01-conversion-and-the-io-contract.md	36	-	744	1499d8751360f6d92b7fb858b667693999c7df50159b20853674333737b51612	1499d8751360f6d92b7fb858b667693999c7df50159b20853674333737b51612	unchanged
guides/part-08-coreai-pytorch-conversion/references/01-conversion-and-the-io-contract.md	37	-	764	0df29cb119c6987426e9b4a47f6236c3ece9a09e46569657e2cfaf52934823d1	0df29cb119c6987426e9b4a47f6236c3ece9a09e46569657e2cfaf52934823d1	unchanged
guides/part-08-coreai-pytorch-conversion/references/01-conversion-and-the-io-contract.md	38	-	782	44e3cfb28b66053b1ce61d0e9ff0e252a9ed2de5922acb6beeb6660bd033e098	44e3cfb28b66053b1ce61d0e9ff0e252a9ed2de5922acb6beeb6660bd033e098	unchanged
guides/part-08-coreai-pytorch-conversion/references/01-conversion-and-the-io-contract.md	39	-	821	14d328343464c29252f0872899cacd345edeb860ecbfae1b835c65fe6bc2a69b	14d328343464c29252f0872899cacd345edeb860ecbfae1b835c65fe6bc2a69b	unchanged
guides/part-08-coreai-pytorch-conversion/references/01-conversion-and-the-io-contract.md	40	-	905	23bbfd1d4c4f9fac33da59b3149b51be3820db7b49d91cb66a1ae850d90ccd5d	23bbfd1d4c4f9fac33da59b3149b51be3820db7b49d91cb66a1ae850d90ccd5d	unchanged
guides/part-08-coreai-pytorch-conversion/references/01-conversion-and-the-io-contract.md	41	-	939	422844177eef202655caee13d3278f136e860fcc502620b4b02377ca4be6b6b3	422844177eef202655caee13d3278f136e860fcc502620b4b02377ca4be6b6b3	unchanged
guides/part-08-coreai-pytorch-conversion/references/01-conversion-and-the-io-contract.md	42	-	965	93f6e5ef2bc7b50bba6aeaa629e17fd73e6b0600ad9bfbba497183ac85690418	93f6e5ef2bc7b50bba6aeaa629e17fd73e6b0600ad9bfbba497183ac85690418	unchanged
guides/part-08-coreai-pytorch-conversion/references/01-conversion-and-the-io-contract.md	43	-	975	5bfb6842f86d5c0a68c7362330b185eb8698ef76bddd35a05bfdb08a22c45d92	5bfb6842f86d5c0a68c7362330b185eb8698ef76bddd35a05bfdb08a22c45d92	unchanged
guides/part-08-coreai-pytorch-conversion/references/01-conversion-and-the-io-contract.md	44	-	992	b0861dabe44c2bef1b87d55ae2fb3fe7e312a87fca30a8c05248e3849908aa76	b0861dabe44c2bef1b87d55ae2fb3fe7e312a87fca30a8c05248e3849908aa76	unchanged
guides/part-08-coreai-pytorch-conversion/references/01-conversion-and-the-io-contract.md	45	-	1045	af72dc668e9f80218a929d8ca3bff4218623f0a76dd442acec7d4d237c2d8d8c	af72dc668e9f80218a929d8ca3bff4218623f0a76dd442acec7d4d237c2d8d8c	unchanged
guides/part-08-coreai-pytorch-conversion/references/01-conversion-and-the-io-contract.md	46	-	1163	bcd781f7c48974eda6579e74bed8ec1e4b3900688878f07e90f4b4ca1538eae8	bcd781f7c48974eda6579e74bed8ec1e4b3900688878f07e90f4b4ca1538eae8	unchanged
guides/part-08-coreai-pytorch-conversion/references/01-conversion-and-the-io-contract.md	47	-	1204	048ff0826fc1f85334d55d84887c3c06cca8bb79290fc5d0328e304da821429e	048ff0826fc1f85334d55d84887c3c06cca8bb79290fc5d0328e304da821429e	unchanged
guides/part-08-coreai-pytorch-conversion/references/01-conversion-and-the-io-contract.md	48	-	1212	0c94f825d34bf426b9f080ebf4fe5e9a44897822446f242cdc857c0436c88806	0c94f825d34bf426b9f080ebf4fe5e9a44897822446f242cdc857c0436c88806	unchanged
guides/part-08-coreai-pytorch-conversion/references/01-conversion-and-the-io-contract.md	49	-	1333	11d67441c48e0810ce776df652a2b4e254ac4266c2ad59e358747dbb4fafb775	11d67441c48e0810ce776df652a2b4e254ac4266c2ad59e358747dbb4fafb775	unchanged
guides/part-08-coreai-pytorch-conversion/references/01-conversion-and-the-io-contract.md	50	-	1393	f255cd53206266c65c7e98623ccfb54bad5c52c06f59538280a677f5c5edec32	f255cd53206266c65c7e98623ccfb54bad5c52c06f59538280a677f5c5edec32	unchanged
guides/part-08-coreai-pytorch-conversion/references/01-conversion-and-the-io-contract.md	51	-	1444	302f595a33c78b34c6bc5aecbbe2c5ee6b17572e4a3293dd7e63b1e18ae2890d	302f595a33c78b34c6bc5aecbbe2c5ee6b17572e4a3293dd7e63b1e18ae2890d	unchanged
guides/part-08-coreai-pytorch-conversion/references/01-conversion-and-the-io-contract.md	52	-	1490	1e2c4ab9e5b9ad83765000b93839fa0c18113dc070c2b1f943b7405c883b2b29	1e2c4ab9e5b9ad83765000b93839fa0c18113dc070c2b1f943b7405c883b2b29	unchanged
guides/part-08-coreai-pytorch-conversion/references/01-conversion-and-the-io-contract.md	53	-	1520	b44ab494c9798b9bf74cdd5a815804effe7cc73fa933c4bfc5d0505536a338ed	b44ab494c9798b9bf74cdd5a815804effe7cc73fa933c4bfc5d0505536a338ed	unchanged
guides/part-08-coreai-pytorch-conversion/references/01-conversion-and-the-io-contract.md	54	-	1536	64dcc170ddb4f94ad44c74e22f3eeab82da0193369f9c75273fca20ed6e7da0a	64dcc170ddb4f94ad44c74e22f3eeab82da0193369f9c75273fca20ed6e7da0a	unchanged
guides/part-08-coreai-pytorch-conversion/references/01-conversion-and-the-io-contract.md	55	-	1689	77933a693a59cbe12d0f956cdf558a6ab8529578905f914cb65c819786dffa1c	77933a693a59cbe12d0f956cdf558a6ab8529578905f914cb65c819786dffa1c	unchanged
guides/part-08-coreai-pytorch-conversion/references/01-conversion-and-the-io-contract.md	56	-	1728	ce8e4f1a13695f003ffbd44c888ad44b4d220a1a05b514c24c1ac1212e0b15f8	ce8e4f1a13695f003ffbd44c888ad44b4d220a1a05b514c24c1ac1212e0b15f8	unchanged
guides/part-08-coreai-pytorch-conversion/references/01-conversion-and-the-io-contract.md	57	-	1782	23adbc4283e1975dd3370a7ff20f62864b816c7e61515ef7b1fa5a808ddfe9f9	23adbc4283e1975dd3370a7ff20f62864b816c7e61515ef7b1fa5a808ddfe9f9	unchanged
guides/part-08-coreai-pytorch-conversion/references/01-conversion-and-the-io-contract.md	58	-	1798	235b4fd00304003c78e2dd116acf581d1395de11becb1308c8e0f88b34fc211c	235b4fd00304003c78e2dd116acf581d1395de11becb1308c8e0f88b34fc211c	unchanged
guides/part-08-coreai-pytorch-conversion/references/01-conversion-and-the-io-contract.md	59	-	1877	683b4fb4e803f9e38e8ae4130520ea875dc2352247bee935e5bb4f78c0085c69	683b4fb4e803f9e38e8ae4130520ea875dc2352247bee935e5bb4f78c0085c69	unchanged
guides/part-08-coreai-pytorch-conversion/references/01-conversion-and-the-io-contract.md	60	-	1917	e768619af29299fdcf281382c312b65f816574b424bb714311cd1b44f90b00b6	e768619af29299fdcf281382c312b65f816574b424bb714311cd1b44f90b00b6	unchanged
guides/part-08-coreai-pytorch-conversion/references/01-conversion-and-the-io-contract.md	61	-	1957	2472e7f747d5c9c59cd5b8b97f45048de97598f774a21220f63312eefd658b80	2472e7f747d5c9c59cd5b8b97f45048de97598f774a21220f63312eefd658b80	unchanged
guides/part-08-coreai-pytorch-conversion/references/01-conversion-and-the-io-contract.md	62	-	1971	d874d2ec05089a672645c17cebc4eed2d4ba15f6b9c4d6b5dccdac14c77bf999	d874d2ec05089a672645c17cebc4eed2d4ba15f6b9c4d6b5dccdac14c77bf999	unchanged
guides/part-08-coreai-pytorch-conversion/references/01-conversion-and-the-io-contract.md	63	-	2224	dd300684f29288a4ce8c8f1a74e5af989d4ff6d72c0818a473dad1c3032f2de9	dd300684f29288a4ce8c8f1a74e5af989d4ff6d72c0818a473dad1c3032f2de9	unchanged
guides/part-08-coreai-pytorch-conversion/references/01-conversion-and-the-io-contract.md	64	-	2310	14c77b945e5229135378e8535fc7425aac57f067aa6ad80e869cdb350078ccaf	14c77b945e5229135378e8535fc7425aac57f067aa6ad80e869cdb350078ccaf	unchanged
guides/part-08-coreai-pytorch-conversion/references/01-conversion-and-the-io-contract.md	65	-	2335	281647f9b01297f29ff76fb9b67d644e3e0f41e57c3439f190a85954ea523024	281647f9b01297f29ff76fb9b67d644e3e0f41e57c3439f190a85954ea523024	unchanged
guides/part-08-coreai-pytorch-conversion/references/01-conversion-and-the-io-contract.md	66	shipped-asset-gate	2370	3a8dbb1228994fb5db0a7692a34de882f1809ff508343f5a7a60389bbab1bba5	3a8dbb1228994fb5db0a7692a34de882f1809ff508343f5a7a60389bbab1bba5	unchanged
guides/part-08-coreai-pytorch-conversion/references/01-conversion-and-the-io-contract.md	67	-	2438	098091c5319214a32ee9f3f377fb6cb4ed613df9043684aaf9180e9baef80290	098091c5319214a32ee9f3f377fb6cb4ed613df9043684aaf9180e9baef80290	unchanged
guides/part-08-coreai-pytorch-conversion/references/01-conversion-and-the-io-contract.md	68	-	2485	496fa10affded0fdb7b63aea5e8e86cb565b21a8ee4de93fcc1d2f5fb9033e4c	496fa10affded0fdb7b63aea5e8e86cb565b21a8ee4de93fcc1d2f5fb9033e4c	unchanged
guides/part-08-coreai-pytorch-conversion/references/01-conversion-and-the-io-contract.md	69	-	2550	5a4e930c41d0089c9e029cd6c44f04dbb442982424ddef5854763c79dfc57cc6	5a4e930c41d0089c9e029cd6c44f04dbb442982424ddef5854763c79dfc57cc6	unchanged
guides/part-08-coreai-pytorch-conversion/references/01-conversion-and-the-io-contract.md	70	-	2575	a7926a2c4790b0dd22428bb43444e437420980b6d5f578e47f7a2dd42d859349	a7926a2c4790b0dd22428bb43444e437420980b6d5f578e47f7a2dd42d859349	unchanged
guides/part-08-coreai-pytorch-conversion/references/01-conversion-and-the-io-contract.md	71	-	2658	82c2ba387257e5781a22670fc6699ddb27ae307f1c57cade7b6290634b51846d	82c2ba387257e5781a22670fc6699ddb27ae307f1c57cade7b6290634b51846d	unchanged
guides/part-08-coreai-pytorch-conversion/references/01-conversion-and-the-io-contract.md	72	-	2680	5edb4e6fc8620aac7f2ce6e31af998525a0f98780ef0ce90063512190ec40d48	5edb4e6fc8620aac7f2ce6e31af998525a0f98780ef0ce90063512190ec40d48	unchanged
guides/part-08-coreai-pytorch-conversion/references/01-conversion-and-the-io-contract.md	73	state-protocol	2842	be5c472aa653a23374a082b4e815804ae7dec4e4af2967c1a71be1c39c43441f	be5c472aa653a23374a082b4e815804ae7dec4e4af2967c1a71be1c39c43441f	unchanged
guides/part-08-coreai-pytorch-conversion/references/01-conversion-and-the-io-contract.md	74	-	2950	a95b7d669123ac84031ddcdc376fb0dd5d6f448234fd1f8dc89b0ddc405e5753	a95b7d669123ac84031ddcdc376fb0dd5d6f448234fd1f8dc89b0ddc405e5753	unchanged
guides/part-08-coreai-pytorch-conversion/references/02-op-coverage-composites-and-externalization.md	75	-	158	b3288dec9cf73cb38d047b1ce89dd33d84054ffa267bd6b5f40639297ecb4469	b3288dec9cf73cb38d047b1ce89dd33d84054ffa267bd6b5f40639297ecb4469	unchanged
guides/part-08-coreai-pytorch-conversion/references/02-op-coverage-composites-and-externalization.md	76	-	167	1d9c523cd433922b007dc438c6ef7e8309387898085eef931c6090e5c98d7159	1d9c523cd433922b007dc438c6ef7e8309387898085eef931c6090e5c98d7159	unchanged
guides/part-08-coreai-pytorch-conversion/references/02-op-coverage-composites-and-externalization.md	77	-	233	de6f4b9e45254752755ed5bd2276c5d19d97c1764a34ec025a7542bc4e5733f1	de6f4b9e45254752755ed5bd2276c5d19d97c1764a34ec025a7542bc4e5733f1	unchanged
guides/part-08-coreai-pytorch-conversion/references/02-op-coverage-composites-and-externalization.md	78	-	290	58412bde846d661f9eb3c4a67d734b4c29d3d1c8a0c3f7766e20624a3e700e77	58412bde846d661f9eb3c4a67d734b4c29d3d1c8a0c3f7766e20624a3e700e77	unchanged
guides/part-08-coreai-pytorch-conversion/references/02-op-coverage-composites-and-externalization.md	79	-	316	7708ee6ee01b8d07136c587c282fbbfd23d5ebc08bbda7cde61d84b437be1bfa	7708ee6ee01b8d07136c587c282fbbfd23d5ebc08bbda7cde61d84b437be1bfa	unchanged
guides/part-08-coreai-pytorch-conversion/references/02-op-coverage-composites-and-externalization.md	80	-	402	77ea7d2be19055b3ac78287d7df8104a34e834542f90c6d3f5dba12dd6e18471	77ea7d2be19055b3ac78287d7df8104a34e834542f90c6d3f5dba12dd6e18471	unchanged
guides/part-08-coreai-pytorch-conversion/references/02-op-coverage-composites-and-externalization.md	81	-	423	6d3bbc803042c48b13941289d79c93a9f78ff9eaea3bb707691e50312e74649a	6d3bbc803042c48b13941289d79c93a9f78ff9eaea3bb707691e50312e74649a	unchanged
guides/part-08-coreai-pytorch-conversion/references/02-op-coverage-composites-and-externalization.md	82	-	445	5dd9a52d0298b08e65c6440e87182cffea33a3fe5d19536cc13ad49b33bc578b	5dd9a52d0298b08e65c6440e87182cffea33a3fe5d19536cc13ad49b33bc578b	unchanged
guides/part-08-coreai-pytorch-conversion/references/02-op-coverage-composites-and-externalization.md	83	-	507	12ca66a3219e017655283a4d17a41cd7dd7db00cdb9ef5e828b23d1c2e030de8	12ca66a3219e017655283a4d17a41cd7dd7db00cdb9ef5e828b23d1c2e030de8	unchanged
guides/part-08-coreai-pytorch-conversion/references/02-op-coverage-composites-and-externalization.md	84	-	535	027c3734ddc23d2346a039973d9064ccd8a23cd639d4d379c585fa303660e458	027c3734ddc23d2346a039973d9064ccd8a23cd639d4d379c585fa303660e458	unchanged
guides/part-08-coreai-pytorch-conversion/references/02-op-coverage-composites-and-externalization.md	85	-	553	39291bdeaaca0ba2217d59f3497486c4caf7a10c73879d102d7fbcf43d34b264	39291bdeaaca0ba2217d59f3497486c4caf7a10c73879d102d7fbcf43d34b264	unchanged
guides/part-08-coreai-pytorch-conversion/references/02-op-coverage-composites-and-externalization.md	86	-	600	a27f3ba94bda71141a13b9e6878f05e049d169a9671e3d0b040fb44e96bd02f9	a27f3ba94bda71141a13b9e6878f05e049d169a9671e3d0b040fb44e96bd02f9	unchanged
guides/part-08-coreai-pytorch-conversion/references/02-op-coverage-composites-and-externalization.md	87	-	646	27122f0afdaaa64ee2e5e8b50d8222ed139381c3e76e55d9ff8f4996d5813e90	27122f0afdaaa64ee2e5e8b50d8222ed139381c3e76e55d9ff8f4996d5813e90	unchanged
guides/part-08-coreai-pytorch-conversion/references/02-op-coverage-composites-and-externalization.md	88	-	699	bb6bb88526745d6d1fca01c48ae395dcf07bb3bb292fd995b595d226e928b6f2	bb6bb88526745d6d1fca01c48ae395dcf07bb3bb292fd995b595d226e928b6f2	unchanged
guides/part-08-coreai-pytorch-conversion/references/02-op-coverage-composites-and-externalization.md	89	-	723	2407f71323a59b96410d4800f222aef4c0386b08461e0a6e6b095c24e08ca4ba	2407f71323a59b96410d4800f222aef4c0386b08461e0a6e6b095c24e08ca4ba	unchanged
guides/part-08-coreai-pytorch-conversion/references/02-op-coverage-composites-and-externalization.md	90	-	862	d4be53bcab81b81b28645fac0faf0431c3a8f9af1238175e0912adc11b721471	d4be53bcab81b81b28645fac0faf0431c3a8f9af1238175e0912adc11b721471	unchanged
guides/part-08-coreai-pytorch-conversion/references/02-op-coverage-composites-and-externalization.md	91	-	921	3267889e599e57b3209f45d1da09aeb91bf1c907459142f72b8da8a0bc3013e4	3267889e599e57b3209f45d1da09aeb91bf1c907459142f72b8da8a0bc3013e4	unchanged
guides/part-08-coreai-pytorch-conversion/references/02-op-coverage-composites-and-externalization.md	92	-	1010	a281e1a1ba53ae2a0ebe8fc362ee1ccbb39fe47672f274fb8bc199e6926258e2	a281e1a1ba53ae2a0ebe8fc362ee1ccbb39fe47672f274fb8bc199e6926258e2	unchanged
guides/part-08-coreai-pytorch-conversion/references/02-op-coverage-composites-and-externalization.md	93	-	1071	dfa6839fcb930a07a963b8d9b85b6452214cb32b703976cfc01870fddf2a0086	dfa6839fcb930a07a963b8d9b85b6452214cb32b703976cfc01870fddf2a0086	unchanged
guides/part-08-coreai-pytorch-conversion/references/02-op-coverage-composites-and-externalization.md	94	-	1095	515159a2e8762cd0536fbbce99135c6b77302b445a420303c467bf71f7185569	515159a2e8762cd0536fbbce99135c6b77302b445a420303c467bf71f7185569	unchanged
guides/part-08-coreai-pytorch-conversion/references/02-op-coverage-composites-and-externalization.md	95	-	1170	cd1afa91a4e26f6a0dce8db67415e819506f623242595bbfda189f0f36317898	cd1afa91a4e26f6a0dce8db67415e819506f623242595bbfda189f0f36317898	unchanged
guides/part-08-coreai-pytorch-conversion/references/02-op-coverage-composites-and-externalization.md	96	-	1187	852bcb715b885775b39a6717f75d2bc59e141a723f9b05e755872ec33aeccf57	852bcb715b885775b39a6717f75d2bc59e141a723f9b05e755872ec33aeccf57	unchanged
guides/part-08-coreai-pytorch-conversion/references/02-op-coverage-composites-and-externalization.md	97	-	1306	b714307e7cdf68c774799b4d526a8cea24f229e1276deb0866b42cdb0e2fd89c	b714307e7cdf68c774799b4d526a8cea24f229e1276deb0866b42cdb0e2fd89c	unchanged
guides/part-08-coreai-pytorch-conversion/references/02-op-coverage-composites-and-externalization.md	98	-	1396	fcf767a1dc47e8c8ead4de6b0ccddbf05230700d49d38f450b3b1f433f53b591	fcf767a1dc47e8c8ead4de6b0ccddbf05230700d49d38f450b3b1f433f53b591	unchanged
guides/part-08-coreai-pytorch-conversion/references/02-op-coverage-composites-and-externalization.md	99	-	1406	fd6b1f0c83e511e622b0f88a914cf25ad73e4310f36f453a8d999ff5073c9e89	fd6b1f0c83e511e622b0f88a914cf25ad73e4310f36f453a8d999ff5073c9e89	unchanged
guides/part-08-coreai-pytorch-conversion/references/02-op-coverage-composites-and-externalization.md	100	-	1448	e3fb6871f58f302df6f35e18f38f30418dd490863c2c458a45e0a107c8b3208d	e3fb6871f58f302df6f35e18f38f30418dd490863c2c458a45e0a107c8b3208d	unchanged
guides/part-08-coreai-pytorch-conversion/references/02-op-coverage-composites-and-externalization.md	101	-	1525	50cd8e6b10a460c488ad97fd288d2f3eecd7b4051d6a2da296ddca0da81b73ae	50cd8e6b10a460c488ad97fd288d2f3eecd7b4051d6a2da296ddca0da81b73ae	unchanged
guides/part-08-coreai-pytorch-conversion/references/02-op-coverage-composites-and-externalization.md	102	-	1560	70e1293eb084c61c3c23cb41636ca6390ef139886d92c271d0360c5e8a595eca	70e1293eb084c61c3c23cb41636ca6390ef139886d92c271d0360c5e8a595eca	unchanged
guides/part-08-coreai-pytorch-conversion/references/02-op-coverage-composites-and-externalization.md	103	-	1675	cdc0d9447365fa2bb9b321046d1a2680143012db229cd6a3a6d24e16fed9dcd8	cdc0d9447365fa2bb9b321046d1a2680143012db229cd6a3a6d24e16fed9dcd8	unchanged
guides/part-08-coreai-pytorch-conversion/references/02-op-coverage-composites-and-externalization.md	104	-	1714	faf1236808fd58715dfba2afe2afe111f15464977c4f0b4c322748861c7b113c	faf1236808fd58715dfba2afe2afe111f15464977c4f0b4c322748861c7b113c	unchanged
guides/part-08-coreai-pytorch-conversion/references/02-op-coverage-composites-and-externalization.md	105	-	1762	db4e8bf7e4437da5c49303d8cebfcf06454fe3424826156119737dadd3e9842e	db4e8bf7e4437da5c49303d8cebfcf06454fe3424826156119737dadd3e9842e	unchanged
guides/part-08-coreai-pytorch-conversion/references/02-op-coverage-composites-and-externalization.md	106	-	1790	463a88b93f468202d40f674c3c3f653ad16c4ded2de66c74632de276d12b57b0	463a88b93f468202d40f674c3c3f653ad16c4ded2de66c74632de276d12b57b0	unchanged
guides/part-08-coreai-pytorch-conversion/references/02-op-coverage-composites-and-externalization.md	107	-	1833	d1cf586e271b07ccb8bb42a9d860c106f92406c83e1454cf5994c4659b4cd301	d1cf586e271b07ccb8bb42a9d860c106f92406c83e1454cf5994c4659b4cd301	unchanged
guides/part-08-coreai-pytorch-conversion/references/02-op-coverage-composites-and-externalization.md	108	-	1862	a3b4803630390ef72a9ad2ae18db23b37ae33a0aff2d712e76625260dda702d4	a3b4803630390ef72a9ad2ae18db23b37ae33a0aff2d712e76625260dda702d4	unchanged
guides/part-08-coreai-pytorch-conversion/references/02-op-coverage-composites-and-externalization.md	109	-	1940	1351727d37068a1d66fe078ec216074e837fc062c6098fb080aa498f942d505a	1351727d37068a1d66fe078ec216074e837fc062c6098fb080aa498f942d505a	unchanged
guides/part-08-coreai-pytorch-conversion/references/02-op-coverage-composites-and-externalization.md	110	-	1971	0df29cb119c6987426e9b4a47f6236c3ece9a09e46569657e2cfaf52934823d1	0df29cb119c6987426e9b4a47f6236c3ece9a09e46569657e2cfaf52934823d1	unchanged
guides/part-08-coreai-pytorch-conversion/references/02-op-coverage-composites-and-externalization.md	111	-	2037	d75246cf86d3ee3d33f4baee59f142e4702b93e12afa49b37ef2c3776a78ca40	d75246cf86d3ee3d33f4baee59f142e4702b93e12afa49b37ef2c3776a78ca40	unchanged
guides/part-08-coreai-pytorch-conversion/references/02-op-coverage-composites-and-externalization.md	112	-	2100	fa9e0f2e27c4acef6eb043fca25b9a303d3d7f18d0198080ddb2d1f71b42c603	fa9e0f2e27c4acef6eb043fca25b9a303d3d7f18d0198080ddb2d1f71b42c603	unchanged
guides/part-08-coreai-pytorch-conversion/references/02-op-coverage-composites-and-externalization.md	113	-	2200	b522eaed33e5a146373edb2d3ae82ece789da0a31c6deb5b0f0dd18aaa29369b	b522eaed33e5a146373edb2d3ae82ece789da0a31c6deb5b0f0dd18aaa29369b	unchanged
guides/part-08-coreai-pytorch-conversion/references/02-op-coverage-composites-and-externalization.md	114	-	2266	de65b8650e4bc8ac8e8fb6b9252506dacbd58ca6239bcf17407138e49cf247a5	de65b8650e4bc8ac8e8fb6b9252506dacbd58ca6239bcf17407138e49cf247a5	unchanged
guides/part-08-coreai-pytorch-conversion/references/02-op-coverage-composites-and-externalization.md	115	-	2290	23bbfd1d4c4f9fac33da59b3149b51be3820db7b49d91cb66a1ae850d90ccd5d	23bbfd1d4c4f9fac33da59b3149b51be3820db7b49d91cb66a1ae850d90ccd5d	unchanged
guides/part-08-coreai-pytorch-conversion/references/02-op-coverage-composites-and-externalization.md	116	-	2378	85b0fba7a0443400393e0fdc76c1adf3d07a3eb58bf8cd2e1e82101bf1d96eb2	85b0fba7a0443400393e0fdc76c1adf3d07a3eb58bf8cd2e1e82101bf1d96eb2	unchanged
guides/part-08-coreai-pytorch-conversion/references/02-op-coverage-composites-and-externalization.md	117	-	2398	5730d27dbc5502e78d4288e75ab7573001b84e21de8b4c4169ccafe55f8a3abd	5730d27dbc5502e78d4288e75ab7573001b84e21de8b4c4169ccafe55f8a3abd	unchanged
guides/part-08-coreai-pytorch-conversion/references/02-op-coverage-composites-and-externalization.md	118	-	2452	772b9c12718b58fb471bafcdb088065bedb9a78a56ea5154dd3377540618639e	772b9c12718b58fb471bafcdb088065bedb9a78a56ea5154dd3377540618639e	unchanged
guides/part-08-coreai-pytorch-conversion/references/02-op-coverage-composites-and-externalization.md	119	-	2462	f0a59bbe4da79638f707a1f1bd2976e8aec29ee6f59f46239a0d457513d8991a	f0a59bbe4da79638f707a1f1bd2976e8aec29ee6f59f46239a0d457513d8991a	unchanged
guides/part-08-coreai-pytorch-conversion/references/02-op-coverage-composites-and-externalization.md	120	-	2481	cddef79397226331bf939f0261d0b875de8c323ffe031f9ce27e3a8d167fe735	cddef79397226331bf939f0261d0b875de8c323ffe031f9ce27e3a8d167fe735	unchanged
guides/part-08-coreai-pytorch-conversion/references/02-op-coverage-composites-and-externalization.md	121	-	2508	b7c9b19702615022645e4fc69c311eeec6503e30a58a63f376d765af6a6bb0de	b7c9b19702615022645e4fc69c311eeec6503e30a58a63f376d765af6a6bb0de	unchanged
guides/part-08-coreai-pytorch-conversion/references/02-op-coverage-composites-and-externalization.md	122	-	2519	41f27e8384be47be407bb8cea5f9f52292b54bdceb157c703eb087f9106bec2d	41f27e8384be47be407bb8cea5f9f52292b54bdceb157c703eb087f9106bec2d	unchanged
guides/part-08-coreai-pytorch-conversion/references/02-op-coverage-composites-and-externalization.md	123	-	2531	322068a1451f09b145d687d6cf308f962f45702612276c9826c3c2d8c0949c3b	322068a1451f09b145d687d6cf308f962f45702612276c9826c3c2d8c0949c3b	unchanged
guides/part-08-coreai-pytorch-conversion/references/02-op-coverage-composites-and-externalization.md	124	-	2564	8bbd5ac2700f175d412795a10129698da6d5a2d92940c9540434385e57b41ee4	8bbd5ac2700f175d412795a10129698da6d5a2d92940c9540434385e57b41ee4	unchanged
guides/part-08-coreai-pytorch-conversion/references/02-op-coverage-composites-and-externalization.md	125	-	2575	d0e03e8e891ba9bab686b8b05f71b0691190e5225b6480b27e13858c200528a6	d0e03e8e891ba9bab686b8b05f71b0691190e5225b6480b27e13858c200528a6	unchanged
guides/part-08-coreai-pytorch-conversion/references/02-op-coverage-composites-and-externalization.md	126	-	2582	6fe9169f4c6958a2763b7f67ed0f7310967a99ff0e455b6f6fad1362450fd4ca	6fe9169f4c6958a2763b7f67ed0f7310967a99ff0e455b6f6fad1362450fd4ca	unchanged
guides/part-08-coreai-pytorch-conversion/references/02-op-coverage-composites-and-externalization.md	127	-	2609	bc9b7d0221ff216ea2c37b42328c24a4cccf9b2e29904a3dd43921151022ca94	bc9b7d0221ff216ea2c37b42328c24a4cccf9b2e29904a3dd43921151022ca94	unchanged
guides/part-08-coreai-pytorch-conversion/references/02-op-coverage-composites-and-externalization.md	128	-	2643	8601e614f177eaae6e351e5180d30cd88ad3b9895a150e39309aaf5a56a0ea55	8601e614f177eaae6e351e5180d30cd88ad3b9895a150e39309aaf5a56a0ea55	unchanged
guides/part-08-coreai-pytorch-conversion/references/02-op-coverage-composites-and-externalization.md	129	-	2686	93739ddf8024a1e7d2332f160584957309f5d99d8b4af2de4962bf3ea2b353c0	93739ddf8024a1e7d2332f160584957309f5d99d8b4af2de4962bf3ea2b353c0	unchanged
guides/part-08-coreai-pytorch-conversion/references/02-op-coverage-composites-and-externalization.md	130	-	2736	3eccf6d7f4d14b6ca85d983b8f37652b847782fd60604f868293392e14322bf0	3eccf6d7f4d14b6ca85d983b8f37652b847782fd60604f868293392e14322bf0	unchanged
guides/part-08-coreai-pytorch-conversion/references/02-op-coverage-composites-and-externalization.md	131	-	2805	8178af362cbe67a9ed110554de08a92782c18d8f7e118186325574d770ea6e49	8178af362cbe67a9ed110554de08a92782c18d8f7e118186325574d770ea6e49	unchanged
guides/part-08-coreai-pytorch-conversion/references/02-op-coverage-composites-and-externalization.md	132	ci-asset-gate	2941	ea0a954e2fced64d3fbf97933d681f8c9ee198fae4698afa14bbeb3e1be8d6d2	ea0a954e2fced64d3fbf97933d681f8c9ee198fae4698afa14bbeb3e1be8d6d2	unchanged
guides/part-08-coreai-pytorch-conversion/references/02-op-coverage-composites-and-externalization.md	133	-	2992	5af7587681a11d1f06d11ac497cc0323f8b069ff814f7f5040c9286678ee1544	5af7587681a11d1f06d11ac497cc0323f8b069ff814f7f5040c9286678ee1544	unchanged
guides/part-08-coreai-pytorch-conversion/references/02-op-coverage-composites-and-externalization.md	134	-	3023	c8d68fbcee3cc023af50e1559151faf51ac39f51b9096cb0e658b4cee8512b7c	c8d68fbcee3cc023af50e1559151faf51ac39f51b9096cb0e658b4cee8512b7c	unchanged
guides/part-08-coreai-pytorch-conversion/references/03-custom-metal-kernels.md	135	-	230	2481309fbec332fd2c59130ee56bd8eb25ae3375598d8132a5b650a93f0c3b14	2481309fbec332fd2c59130ee56bd8eb25ae3375598d8132a5b650a93f0c3b14	unchanged
guides/part-08-coreai-pytorch-conversion/references/03-custom-metal-kernels.md	136	-	239	1a23850a0fd1cf24aaa86bffdfbfe44cdf262e003f67e26e88174afd885fd1ae	1a23850a0fd1cf24aaa86bffdfbfe44cdf262e003f67e26e88174afd885fd1ae	unchanged
guides/part-08-coreai-pytorch-conversion/references/03-custom-metal-kernels.md	137	-	397	0cc5b9213171ccb6eb498f39002930af874b81bfcd842841715ba141670a6f2e	0cc5b9213171ccb6eb498f39002930af874b81bfcd842841715ba141670a6f2e	unchanged
guides/part-08-coreai-pytorch-conversion/references/03-custom-metal-kernels.md	138	-	443	19a09b0c796c017942c48fc2a8e11e4cfaae0238372e168a35591a83005528ee	19a09b0c796c017942c48fc2a8e11e4cfaae0238372e168a35591a83005528ee	unchanged
guides/part-08-coreai-pytorch-conversion/references/03-custom-metal-kernels.md	139	-	533	4611b735c302398b0c44b44a3271f6fe8e7e4309f8e5376d8cce5a0ae7d1f00c	4611b735c302398b0c44b44a3271f6fe8e7e4309f8e5376d8cce5a0ae7d1f00c	unchanged
guides/part-08-coreai-pytorch-conversion/references/03-custom-metal-kernels.md	140	-	633	b0efc050db44103d258ee3d6acd676efb00c193507cf4b7bcbad7e193f908a9c	b0efc050db44103d258ee3d6acd676efb00c193507cf4b7bcbad7e193f908a9c	unchanged
guides/part-08-coreai-pytorch-conversion/references/03-custom-metal-kernels.md	141	-	650	68214c50c6cf292944bfa24d5dbdb2bf3af1db06f795797db56225e229d818b7	68214c50c6cf292944bfa24d5dbdb2bf3af1db06f795797db56225e229d818b7	unchanged
guides/part-08-coreai-pytorch-conversion/references/03-custom-metal-kernels.md	142	-	666	3a7ac3a2c0db74f8b56346f01c68eac68ff011aab6540311342df29f9212ea2a	3a7ac3a2c0db74f8b56346f01c68eac68ff011aab6540311342df29f9212ea2a	unchanged
guides/part-08-coreai-pytorch-conversion/references/03-custom-metal-kernels.md	143	-	769	bd7e4af6d4c54d5ea9133fdfd23ef6af3e1a006a39a64a0863ebb1b5754a6c99	bd7e4af6d4c54d5ea9133fdfd23ef6af3e1a006a39a64a0863ebb1b5754a6c99	unchanged
guides/part-08-coreai-pytorch-conversion/references/03-custom-metal-kernels.md	144	-	914	4a972a44923e27880a20a5f1c9e1eb7babee028ad333481d8d851be6b82b2d54	4a972a44923e27880a20a5f1c9e1eb7babee028ad333481d8d851be6b82b2d54	unchanged
guides/part-08-coreai-pytorch-conversion/references/03-custom-metal-kernels.md	145	-	995	25ad15222d77e19eaf18cb7e0c25c0a5c003083be931bcde7db4e976f4859b78	25ad15222d77e19eaf18cb7e0c25c0a5c003083be931bcde7db4e976f4859b78	unchanged
guides/part-08-coreai-pytorch-conversion/references/03-custom-metal-kernels.md	146	-	1007	d882e5c7b5f9054336a7c30a2dec4359795baac564ab06db0a242e398f02596b	d882e5c7b5f9054336a7c30a2dec4359795baac564ab06db0a242e398f02596b	unchanged
guides/part-08-coreai-pytorch-conversion/references/03-custom-metal-kernels.md	147	-	1027	a21cbc16f57e9dd41faf9ffbbbb797332fd40a313239faf2e29fff49b4861f73	a21cbc16f57e9dd41faf9ffbbbb797332fd40a313239faf2e29fff49b4861f73	unchanged
guides/part-08-coreai-pytorch-conversion/references/03-custom-metal-kernels.md	148	-	1150	359600d49c6cdb8c8d01dc82765fbb9720f487291da04628ccff1f381025407e	359600d49c6cdb8c8d01dc82765fbb9720f487291da04628ccff1f381025407e	unchanged
guides/part-08-coreai-pytorch-conversion/references/03-custom-metal-kernels.md	149	-	1232	39d2b07be74cc550a59dbb84f8466ec689985634c5c6636e45df843a70ae58e6	39d2b07be74cc550a59dbb84f8466ec689985634c5c6636e45df843a70ae58e6	unchanged
guides/part-08-coreai-pytorch-conversion/references/03-custom-metal-kernels.md	150	-	1272	16387ade69ffb35e1f065212adf787cf8feadd49063420d8f2af4c306ecfd3b0	16387ade69ffb35e1f065212adf787cf8feadd49063420d8f2af4c306ecfd3b0	unchanged
guides/part-08-coreai-pytorch-conversion/references/03-custom-metal-kernels.md	151	-	1286	e554fe06a30f8e562702edff02f328ebe138ffffb2b14a63bb43d335dc9c42fe	e554fe06a30f8e562702edff02f328ebe138ffffb2b14a63bb43d335dc9c42fe	unchanged
guides/part-08-coreai-pytorch-conversion/references/03-custom-metal-kernels.md	152	-	1319	b64d9d71687ea5ae45f1f1423edd22b85cbb9e207cca8f15ca99aeff54a21b2f	b64d9d71687ea5ae45f1f1423edd22b85cbb9e207cca8f15ca99aeff54a21b2f	unchanged
guides/part-08-coreai-pytorch-conversion/references/03-custom-metal-kernels.md	153	-	1332	969d3f14491700ee93bbc3651d9cedf9f68837f31f37de7c6c6275587abbe4d3	969d3f14491700ee93bbc3651d9cedf9f68837f31f37de7c6c6275587abbe4d3	unchanged
guides/part-08-coreai-pytorch-conversion/references/03-custom-metal-kernels.md	154	-	1368	4845ac5d60de9b13880fe753133c348f2fa5a3244fa815c71f74bfdeb72307dc	4845ac5d60de9b13880fe753133c348f2fa5a3244fa815c71f74bfdeb72307dc	unchanged
guides/part-08-coreai-pytorch-conversion/references/03-custom-metal-kernels.md	155	-	1421	9b9530b4cbde6b1087fc43683d5840058de13c327ba59ed84aeda5066c29b484	9b9530b4cbde6b1087fc43683d5840058de13c327ba59ed84aeda5066c29b484	unchanged
guides/part-08-coreai-pytorch-conversion/references/03-custom-metal-kernels.md	156	-	1438	906c905c1551a1e47bb600ddd054ed0fa82feebd8fa8a4703407e8d0c73707b5	906c905c1551a1e47bb600ddd054ed0fa82feebd8fa8a4703407e8d0c73707b5	unchanged
guides/part-08-coreai-pytorch-conversion/references/03-custom-metal-kernels.md	157	-	1475	691bbdd706fd7f8fe54cdbe18c29733dfbc697e87b9b32a7eed5ac34bb528fe5	691bbdd706fd7f8fe54cdbe18c29733dfbc697e87b9b32a7eed5ac34bb528fe5	unchanged
guides/part-08-coreai-pytorch-conversion/references/03-custom-metal-kernels.md	158	-	1533	71187f2d377c6fb24c045a468614ec0bc620e16435e875a89e0cbc5f04639d2a	71187f2d377c6fb24c045a468614ec0bc620e16435e875a89e0cbc5f04639d2a	unchanged
guides/part-08-coreai-pytorch-conversion/references/03-custom-metal-kernels.md	159	-	1575	73a7a3468aaa77ab531375c6bff15c72e4450a0c7886bc6fdc1ffe148be9c9db	73a7a3468aaa77ab531375c6bff15c72e4450a0c7886bc6fdc1ffe148be9c9db	unchanged
guides/part-08-coreai-pytorch-conversion/references/03-custom-metal-kernels.md	160	-	1612	71e3a74e5ff70abd13fc13a658d864a6cbe83476e2d891b776d218be1f67df61	71e3a74e5ff70abd13fc13a658d864a6cbe83476e2d891b776d218be1f67df61	unchanged
guides/part-08-coreai-pytorch-conversion/references/03-custom-metal-kernels.md	161	-	1675	84b3154638df20ebd51f501e13a06c3bf04387b244403442c4bcfe2e82d149d5	84b3154638df20ebd51f501e13a06c3bf04387b244403442c4bcfe2e82d149d5	unchanged
guides/part-08-coreai-pytorch-conversion/references/03-custom-metal-kernels.md	162	-	1730	279a6b1634cf3ac3acb677dfa26cb9d1af7c7ca6218b90150a6c9648004aa06a	279a6b1634cf3ac3acb677dfa26cb9d1af7c7ca6218b90150a6c9648004aa06a	unchanged
guides/part-08-coreai-pytorch-conversion/references/03-custom-metal-kernels.md	163	-	1961	43dd0b509ecfa2fca901b01e8b010f77a5e9346e049e421881a94df412b81833	43dd0b509ecfa2fca901b01e8b010f77a5e9346e049e421881a94df412b81833	unchanged
guides/part-08-coreai-pytorch-conversion/references/03-custom-metal-kernels.md	164	-	1967	a5b9817e28d7dbb9273de8e62f34eed7517112fa95f2b4b7038006db06a30300	a5b9817e28d7dbb9273de8e62f34eed7517112fa95f2b4b7038006db06a30300	unchanged
guides/part-08-coreai-pytorch-conversion/references/03-custom-metal-kernels.md	165	-	2005	522811f7f251b009b8ad7fafb0a822131c807164d3a5bc7c8797974f90ecf9fa	522811f7f251b009b8ad7fafb0a822131c807164d3a5bc7c8797974f90ecf9fa	unchanged
guides/part-08-coreai-pytorch-conversion/references/03-custom-metal-kernels.md	166	-	2015	024a0121393e39a4071c2e05132d4f4e38ff70eb83d68eaafa396eadf30d61a4	024a0121393e39a4071c2e05132d4f4e38ff70eb83d68eaafa396eadf30d61a4	unchanged
guides/part-08-coreai-pytorch-conversion/references/03-custom-metal-kernels.md	167	-	2161	0a871acf9b1d6c9fa2240d50d84235d50ad964905a318b2d1b4d4f4032a91993	0a871acf9b1d6c9fa2240d50d84235d50ad964905a318b2d1b4d4f4032a91993	unchanged
guides/part-08-coreai-pytorch-conversion/references/03-custom-metal-kernels.md	168	-	2221	3cfe0dd9d20e179a053078eae129ec8ea7efb4c358fb56fd57b7bb81f1585bd3	3cfe0dd9d20e179a053078eae129ec8ea7efb4c358fb56fd57b7bb81f1585bd3	unchanged
guides/part-08-coreai-pytorch-conversion/references/03-custom-metal-kernels.md	169	-	2279	c58e3a553a0d487349de5e05f745069730ed031779fd578486b54e14e7bea166	c58e3a553a0d487349de5e05f745069730ed031779fd578486b54e14e7bea166	unchanged
guides/part-08-coreai-pytorch-conversion/references/03-custom-metal-kernels.md	170	-	2397	c5a4d493254cc1d45c575a1ad40d3156581337c6a3d1cb98f94069541fd4c5df	c5a4d493254cc1d45c575a1ad40d3156581337c6a3d1cb98f94069541fd4c5df	unchanged
guides/part-09-coreai-compression-numerics/references/01-quantization.md	171	p9-01-001	257	a1b58aafd0170ae1bc32f9d23455358f240d8e12e286adf2861504f8f43f584a	a1b58aafd0170ae1bc32f9d23455358f240d8e12e286adf2861504f8f43f584a	unchanged
guides/part-09-coreai-compression-numerics/references/01-quantization.md	172	p9-01-002	299	a505f3581aff886fd1a2725e65617bff28fce57153a054270dd0fb6919d3d028	a505f3581aff886fd1a2725e65617bff28fce57153a054270dd0fb6919d3d028	unchanged
guides/part-09-coreai-compression-numerics/references/01-quantization.md	173	p9-01-003	317	7414359b4b8bc182160dc101f65d543399cd1d7eafc14f597c81f10c3067addf	7414359b4b8bc182160dc101f65d543399cd1d7eafc14f597c81f10c3067addf	unchanged
guides/part-09-coreai-compression-numerics/references/01-quantization.md	174	p9-01-004	366	c5c8338586830058b9f8d3127be0ee6e10b817898720626009b49e0f5a2b262e	c5c8338586830058b9f8d3127be0ee6e10b817898720626009b49e0f5a2b262e	unchanged
guides/part-09-coreai-compression-numerics/references/01-quantization.md	175	p9-01-005	389	9205ceaf8ddce83ba729490e9962f5deaa158f09790a39cd52d8648ee3707273	9205ceaf8ddce83ba729490e9962f5deaa158f09790a39cd52d8648ee3707273	unchanged
guides/part-09-coreai-compression-numerics/references/01-quantization.md	176	p9-01-006	407	36fb02417db2d493eb1b9d40358e5c1eb32377ee7155d7cfb12e9c1129e35c61	36fb02417db2d493eb1b9d40358e5c1eb32377ee7155d7cfb12e9c1129e35c61	unchanged
guides/part-09-coreai-compression-numerics/references/01-quantization.md	177	p9-01-007	427	ce85b5cebce37b7bfb4be1a67d5fe7cce98553b2ae8b8a14eeac0385ee2e99e7	ce85b5cebce37b7bfb4be1a67d5fe7cce98553b2ae8b8a14eeac0385ee2e99e7	unchanged
guides/part-09-coreai-compression-numerics/references/01-quantization.md	178	p9-01-008	522	6b3e8fd958d1d23271f8dfcb45f35400883fb8542349d17c4f0d9a340b04b8da	6b3e8fd958d1d23271f8dfcb45f35400883fb8542349d17c4f0d9a340b04b8da	unchanged
guides/part-09-coreai-compression-numerics/references/01-quantization.md	179	p9-01-009	572	f8f81ea5d2822a87d5da3aabc952bad895e8ae01ef7bb6c01e7c727eec37a455	f8f81ea5d2822a87d5da3aabc952bad895e8ae01ef7bb6c01e7c727eec37a455	unchanged
guides/part-09-coreai-compression-numerics/references/01-quantization.md	180	p9-01-010	648	eb4c150640fe46a2c844cd5ecd17002f5ad8c5989b386dcea05ee62602f4ba4b	eb4c150640fe46a2c844cd5ecd17002f5ad8c5989b386dcea05ee62602f4ba4b	unchanged
guides/part-09-coreai-compression-numerics/references/01-quantization.md	181	p9-01-011	669	f3f73de3e768a2deada2658cd351cfe8bfff51432fb884fee73517e68acdc94e	f3f73de3e768a2deada2658cd351cfe8bfff51432fb884fee73517e68acdc94e	unchanged
guides/part-09-coreai-compression-numerics/references/01-quantization.md	182	p9-01-012	702	5b0479425a3872303c01ebd9afda16c5d4d1c315ad9bd279dce548f4615fe538	5b0479425a3872303c01ebd9afda16c5d4d1c315ad9bd279dce548f4615fe538	unchanged
guides/part-09-coreai-compression-numerics/references/01-quantization.md	183	p9-01-013	726	1c3891d101a5ff8d074b6a9d8633f4b7e14d49ba4fe4668adc5c9cd4c259ad3c	1c3891d101a5ff8d074b6a9d8633f4b7e14d49ba4fe4668adc5c9cd4c259ad3c	unchanged
guides/part-09-coreai-compression-numerics/references/01-quantization.md	184	p9-01-014	754	6cc97f9c434cc50fa12fad5275558a5f3462fc4649dcb6cc423d8f2340cace27	6cc97f9c434cc50fa12fad5275558a5f3462fc4649dcb6cc423d8f2340cace27	unchanged
guides/part-09-coreai-compression-numerics/references/01-quantization.md	185	p9-01-015	783	0e64aee3e896159bde1daa3e337b8980e48737742433bee63020b59fa5decf71	0e64aee3e896159bde1daa3e337b8980e48737742433bee63020b59fa5decf71	unchanged
guides/part-09-coreai-compression-numerics/references/01-quantization.md	186	p9-01-016	818	4742117ed9d67a9d5be3717a023a7a299802b9673127c3bd3c01a7665144c448	4742117ed9d67a9d5be3717a023a7a299802b9673127c3bd3c01a7665144c448	unchanged
guides/part-09-coreai-compression-numerics/references/01-quantization.md	187	p9-01-017	833	37c4bf2bc27e0e860392ad3feecf9626fef2f025e865536a6701123dbe6e13b8	37c4bf2bc27e0e860392ad3feecf9626fef2f025e865536a6701123dbe6e13b8	unchanged
guides/part-09-coreai-compression-numerics/references/01-quantization.md	188	p9-01-018	855	3b3abe3d059dca55ec77bd7e1d7a4cc1b0c58ead1953c7497d3a6b2afa878160	3b3abe3d059dca55ec77bd7e1d7a4cc1b0c58ead1953c7497d3a6b2afa878160	unchanged
guides/part-09-coreai-compression-numerics/references/01-quantization.md	189	p9-01-019	873	6a24b818e422e568616392a2301c6198376f8144a9290a5932638061c650b9e5	6a24b818e422e568616392a2301c6198376f8144a9290a5932638061c650b9e5	unchanged
guides/part-09-coreai-compression-numerics/references/01-quantization.md	190	p9-01-020	903	3ef20dd6694612b7974116b41dcab8d2624d567549ba1d459bb7004c6ce53a01	3ef20dd6694612b7974116b41dcab8d2624d567549ba1d459bb7004c6ce53a01	unchanged
guides/part-09-coreai-compression-numerics/references/01-quantization.md	191	p9-01-021	915	b3816796e5e1a9b86ab0495f0d7cbd29280f789deee80435bd339b4c6899e20d	b3816796e5e1a9b86ab0495f0d7cbd29280f789deee80435bd339b4c6899e20d	unchanged
guides/part-09-coreai-compression-numerics/references/01-quantization.md	192	p9-01-022	938	ba70d02b7f8ac01321bd90657ba7afa9bceb04e5e95b704459d4136ec0488a01	ba70d02b7f8ac01321bd90657ba7afa9bceb04e5e95b704459d4136ec0488a01	unchanged
guides/part-09-coreai-compression-numerics/references/01-quantization.md	193	p9-01-023	969	4b5bd0ab1f9fbe20c047353206e1781eb7e86272979937a475baed33f821b14e	4b5bd0ab1f9fbe20c047353206e1781eb7e86272979937a475baed33f821b14e	unchanged
guides/part-09-coreai-compression-numerics/references/01-quantization.md	194	p9-01-024	1000	5756e51f94e50a84adb06a59e622af7a6880271ebfe4418a099b327cc3b90234	5756e51f94e50a84adb06a59e622af7a6880271ebfe4418a099b327cc3b90234	unchanged
guides/part-09-coreai-compression-numerics/references/01-quantization.md	195	p9-01-025	1006	6c9a666dc46215076626e4a4dd7be9cd73664acc5be31b31376b811f2fe228bd	6c9a666dc46215076626e4a4dd7be9cd73664acc5be31b31376b811f2fe228bd	unchanged
guides/part-09-coreai-compression-numerics/references/01-quantization.md	196	p9-01-026	1029	4418775f8fd1cbcf7badd468a28dfcd9f162693b7634140e9a1a7ecebc4b9865	4418775f8fd1cbcf7badd468a28dfcd9f162693b7634140e9a1a7ecebc4b9865	unchanged
guides/part-09-coreai-compression-numerics/references/01-quantization.md	197	p9-01-027	1081	46ba5fd17568faed365e6ff61e3038cfdd5dcdff6769662529cd0a525331d451	46ba5fd17568faed365e6ff61e3038cfdd5dcdff6769662529cd0a525331d451	unchanged
guides/part-09-coreai-compression-numerics/references/01-quantization.md	198	p9-01-028	1116	a9061e11f23a33d67ca2789c3bde707342689d48c3c2d7effd71644f045c07e5	a9061e11f23a33d67ca2789c3bde707342689d48c3c2d7effd71644f045c07e5	unchanged
guides/part-09-coreai-compression-numerics/references/01-quantization.md	199	p9-01-029	1209	1b2b0b1ab7595b7125acf7db58d362dd283fcc98c34646e476e566ccf3dc0136	1b2b0b1ab7595b7125acf7db58d362dd283fcc98c34646e476e566ccf3dc0136	unchanged
guides/part-09-coreai-compression-numerics/references/01-quantization.md	200	p9-01-030	1277	d95f849dde50b75fa4af6035911ed9588cc14b9c6ef8b44b704c9efd8151ff72	d95f849dde50b75fa4af6035911ed9588cc14b9c6ef8b44b704c9efd8151ff72	unchanged
guides/part-09-coreai-compression-numerics/references/01-quantization.md	201	p9-01-031	1322	236e9c5a008d581c6653c588dbc190f93d2ada708948c338221f368677d9bcdb	236e9c5a008d581c6653c588dbc190f93d2ada708948c338221f368677d9bcdb	unchanged
guides/part-09-coreai-compression-numerics/references/01-quantization.md	202	p9-01-032	1396	9acfb5dae81538e123a2d33b09db53757d7eddece20b0800e9bca7541d32d758	9acfb5dae81538e123a2d33b09db53757d7eddece20b0800e9bca7541d32d758	unchanged
guides/part-09-coreai-compression-numerics/references/01-quantization.md	203	p9-01-033	1428	89371ed8e62f4b8f2a6c0e894671219c1ced6de159cc3212b249e2558e8fcf08	89371ed8e62f4b8f2a6c0e894671219c1ced6de159cc3212b249e2558e8fcf08	unchanged
guides/part-09-coreai-compression-numerics/references/01-quantization.md	204	p9-01-034	1448	724f3cf9118b03398e898c0e9abc80ed4ad6a2eda9fa8768821b6e47bf615f10	724f3cf9118b03398e898c0e9abc80ed4ad6a2eda9fa8768821b6e47bf615f10	unchanged
guides/part-09-coreai-compression-numerics/references/01-quantization.md	205	p9-01-035	1457	fc0d5708784077a9b23da9da03d0107b0a619a136b0ab4e684ecda3db470ae1b	fc0d5708784077a9b23da9da03d0107b0a619a136b0ab4e684ecda3db470ae1b	unchanged
guides/part-09-coreai-compression-numerics/references/01-quantization.md	206	p9-01-036	1508	f7185ce19de22ccab092358bac87c29c7b583f032e4ff5ed70872ace03485405	f7185ce19de22ccab092358bac87c29c7b583f032e4ff5ed70872ace03485405	unchanged
guides/part-09-coreai-compression-numerics/references/01-quantization.md	207	p9-01-037	1646	3e7e5188e62d33b51261c13f14ed6b7a599cb9ad7afcf064076978beb83a8f9f	3e7e5188e62d33b51261c13f14ed6b7a599cb9ad7afcf064076978beb83a8f9f	unchanged
guides/part-09-coreai-compression-numerics/references/01-quantization.md	208	p9-01-038	1720	79c6f5c63d6873978986b341f712e932b1176a8d843a0b9cbaba90de8c18454e	79c6f5c63d6873978986b341f712e932b1176a8d843a0b9cbaba90de8c18454e	unchanged
guides/part-09-coreai-compression-numerics/references/01-quantization.md	209	composite-quantization	1761	6fab4bcbdccb0a49056c88bb8a933a47a3e8fe2616c449eedf92c0cdf97d504a	6fab4bcbdccb0a49056c88bb8a933a47a3e8fe2616c449eedf92c0cdf97d504a	unchanged
guides/part-09-coreai-compression-numerics/references/01-quantization.md	210	p9-01-040	1873	15c99d96a86c08b67623b9eb046964c5654cb3452cd2341c685378a783d3ebdc	15c99d96a86c08b67623b9eb046964c5654cb3452cd2341c685378a783d3ebdc	unchanged
guides/part-09-coreai-compression-numerics/references/01-quantization.md	211	p9-01-041	1897	d4d43ea6530d51aebb4b35ae8a353412150df1ea1fc83f2ac615d51ea8f96191	d4d43ea6530d51aebb4b35ae8a353412150df1ea1fc83f2ac615d51ea8f96191	unchanged
guides/part-09-coreai-compression-numerics/references/01-quantization.md	212	p9-01-042	1931	c51f98a73f4ecf71f4ca1126fde98936987c591c205b3734a967248f83609b6e	c51f98a73f4ecf71f4ca1126fde98936987c591c205b3734a967248f83609b6e	unchanged
guides/part-09-coreai-compression-numerics/references/01-quantization.md	213	p9-01-043	2032	ecef00389646fd5e56b00146221d598b22cbd92b48a2c8f524abd8d06a27830c	ecef00389646fd5e56b00146221d598b22cbd92b48a2c8f524abd8d06a27830c	unchanged
guides/part-09-coreai-compression-numerics/references/01-quantization.md	214	p9-01-044	2129	83416314096d2c10b7181cc46ddf29a9d98e90542119a171bccedc93967fb3c8	83416314096d2c10b7181cc46ddf29a9d98e90542119a171bccedc93967fb3c8	unchanged
guides/part-09-coreai-compression-numerics/references/01-quantization.md	215	p9-01-045	2178	0b3ec41ee42b6e085afbe6b52f60e89cef0eadf966bca97c06a8306415fd5cf3	0b3ec41ee42b6e085afbe6b52f60e89cef0eadf966bca97c06a8306415fd5cf3	unchanged
guides/part-09-coreai-compression-numerics/references/01-quantization.md	216	p9-01-046	2252	faff76aede15396263b4aff059091603d4cfb3e5908bd4fb96adec368813c0a0	faff76aede15396263b4aff059091603d4cfb3e5908bd4fb96adec368813c0a0	unchanged
guides/part-09-coreai-compression-numerics/references/01-quantization.md	217	p9-01-047	2332	6396d423963aea262517a391ae9dddc5e1283987a88350a51a33caf20e4bd824	6396d423963aea262517a391ae9dddc5e1283987a88350a51a33caf20e4bd824	unchanged
guides/part-09-coreai-compression-numerics/references/01-quantization.md	218	p9-01-048	2379	c658f2d9fd078082f9c76e6be8fe13d9ba763f0f4f4da720cc9bde9e335f2d28	c658f2d9fd078082f9c76e6be8fe13d9ba763f0f4f4da720cc9bde9e335f2d28	unchanged
guides/part-09-coreai-compression-numerics/references/01-quantization.md	219	p9-01-049	2401	16c84930fc7de81f37075e08a5532e948e06f6a4cd6769dc1373b7354a748222	16c84930fc7de81f37075e08a5532e948e06f6a4cd6769dc1373b7354a748222	unchanged
guides/part-09-coreai-compression-numerics/references/01-quantization.md	220	p9-01-050	2433	c12685d09669375b030b67aad98da9c0a16662e3647ec23e48ebdb69a0277767	c12685d09669375b030b67aad98da9c0a16662e3647ec23e48ebdb69a0277767	unchanged
guides/part-09-coreai-compression-numerics/references/01-quantization.md	221	p9-01-051	2501	36ed2f300663f8c6565c3782af61dcec1a4b172f19cce35b771e3ee66bf1768e	36ed2f300663f8c6565c3782af61dcec1a4b172f19cce35b771e3ee66bf1768e	unchanged
guides/part-09-coreai-compression-numerics/references/01-quantization.md	222	p9-01-052	2525	4e368403df9bc7db70e35abfedb9e4f9c5b894fdafca4c1467bc14c9f5ce58f1	4e368403df9bc7db70e35abfedb9e4f9c5b894fdafca4c1467bc14c9f5ce58f1	unchanged
guides/part-09-coreai-compression-numerics/references/01-quantization.md	223	p9-01-053	2599	7c13fe1c1ca866d4d8ecb7c97d1c088aa3b8de5374cd1a90d71b7a77bf4f58f7	7c13fe1c1ca866d4d8ecb7c97d1c088aa3b8de5374cd1a90d71b7a77bf4f58f7	unchanged
guides/part-09-coreai-compression-numerics/references/01-quantization.md	224	p9-01-054	2609	7804ca62baacf338cd0c0847b780621ead0eec11db1fff227a82bed072903ad4	7804ca62baacf338cd0c0847b780621ead0eec11db1fff227a82bed072903ad4	unchanged
guides/part-09-coreai-compression-numerics/references/01-quantization.md	225	p9-01-055	2708	83fd7014dac1b5fa3aadb4300ab238f7e21128824a07ff7066cd7c9bc79e2b45	83fd7014dac1b5fa3aadb4300ab238f7e21128824a07ff7066cd7c9bc79e2b45	unchanged
guides/part-09-coreai-compression-numerics/references/01-quantization.md	226	p9-01-056	2785	1bb614be00f775d0a454ba2859c7b518d6119454e5c2c8748ac7de71abd28ff9	1bb614be00f775d0a454ba2859c7b518d6119454e5c2c8748ac7de71abd28ff9	unchanged
guides/part-09-coreai-compression-numerics/references/01-quantization.md	227	p9-01-057	2862	7a175d051a8aa27efb79be0354d698d7f9d2c438a7771497fda617755b520035	7a175d051a8aa27efb79be0354d698d7f9d2c438a7771497fda617755b520035	unchanged
guides/part-09-coreai-compression-numerics/references/01-quantization.md	228	p9-01-058	2920	2e3ddbda97aaeecf2120217c225e0a5b6671cc71afaa0438d61365e8f15db657	2e3ddbda97aaeecf2120217c225e0a5b6671cc71afaa0438d61365e8f15db657	unchanged
guides/part-09-coreai-compression-numerics/references/01-quantization.md	229	p9-01-059	2951	476aa7e70dfb1fc243918f0a62c3a7caa5a80ae6316d6e988bd4b79238b43c10	476aa7e70dfb1fc243918f0a62c3a7caa5a80ae6316d6e988bd4b79238b43c10	unchanged
guides/part-09-coreai-compression-numerics/references/01-quantization.md	230	p9-01-060	2992	5a079b5536a8574aa13c9188b656b89f2dd1ba7682d38987fa8b90a7253bdb2a	5a079b5536a8574aa13c9188b656b89f2dd1ba7682d38987fa8b90a7253bdb2a	unchanged
guides/part-09-coreai-compression-numerics/references/01-quantization.md	231	p9-01-061	2999	f2eb47eb869dc1304a4115a3124195570af6d45bf7182b47053d79bee3003e9c	f2eb47eb869dc1304a4115a3124195570af6d45bf7182b47053d79bee3003e9c	unchanged
guides/part-09-coreai-compression-numerics/references/01-quantization.md	232	p9-01-062	3019	d649b3fd5571bd3c8452b5ee2108d10bcff4d8f2c1e06f5e547266df7aa30d8f	d649b3fd5571bd3c8452b5ee2108d10bcff4d8f2c1e06f5e547266df7aa30d8f	unchanged
guides/part-09-coreai-compression-numerics/references/01-quantization.md	233	p9-01-063	3112	a5792a93e4bcb52cadfdee3ed1cb288dc26b12f202d805a0df07c74752f3761d	a5792a93e4bcb52cadfdee3ed1cb288dc26b12f202d805a0df07c74752f3761d	unchanged
guides/part-09-coreai-compression-numerics/references/01-quantization.md	234	p9-01-064	3130	ac9edf9b00bc95f3b5ca22798451c9f6aff5dd6153843fd3ae58098e0b121282	ac9edf9b00bc95f3b5ca22798451c9f6aff5dd6153843fd3ae58098e0b121282	unchanged
guides/part-09-coreai-compression-numerics/references/01-quantization.md	235	p9-01-065	3159	79fd42b5d17b58c2d2922e60574d30812a153812ecdb347da5d82cffce572241	79fd42b5d17b58c2d2922e60574d30812a153812ecdb347da5d82cffce572241	unchanged
guides/part-09-coreai-compression-numerics/references/01-quantization.md	236	p9-01-066	3181	3bf62f8f3c717db9f4d886d31aaca503f876f0307af1c5a007be9417caaf424d	3bf62f8f3c717db9f4d886d31aaca503f876f0307af1c5a007be9417caaf424d	unchanged
guides/part-09-coreai-compression-numerics/references/01-quantization.md	237	p9-01-067	3204	b4eba5f866d1edf237a2360c1ab9e8b478459e2f559e3fb6100531ace9f1d8b4	b4eba5f866d1edf237a2360c1ab9e8b478459e2f559e3fb6100531ace9f1d8b4	unchanged
guides/part-09-coreai-compression-numerics/references/01-quantization.md	238	p9-01-068	3253	8cde41ae0ae910293b578ba91fac6da2d4523ee3949130ebf559431f28cf7c28	8cde41ae0ae910293b578ba91fac6da2d4523ee3949130ebf559431f28cf7c28	unchanged
guides/part-09-coreai-compression-numerics/references/01-quantization.md	239	p9-01-069	3263	1edf4509475a8ad62c84d81d73827bd816617dbae559bc8d8d1df6637809f3cd	1edf4509475a8ad62c84d81d73827bd816617dbae559bc8d8d1df6637809f3cd	unchanged
guides/part-09-coreai-compression-numerics/references/01-quantization.md	240	p9-01-070	3283	44b2dccaed57a5b032c854728844be59494f47cd4c8f7875add1d20e579efa3e	44b2dccaed57a5b032c854728844be59494f47cd4c8f7875add1d20e579efa3e	unchanged
guides/part-09-coreai-compression-numerics/references/01-quantization.md	241	p9-01-071	3330	d996d43f2a608b3827ff4b806bd72112a0231592bb55837d3361c12fc40bc0a8	d996d43f2a608b3827ff4b806bd72112a0231592bb55837d3361c12fc40bc0a8	unchanged
guides/part-09-coreai-compression-numerics/references/01-quantization.md	242	p9-01-072	3349	30e51f3b97c6c23d93961610bf819051144a3d45903c9453c115a5b2c56a509f	30e51f3b97c6c23d93961610bf819051144a3d45903c9453c115a5b2c56a509f	unchanged
guides/part-09-coreai-compression-numerics/references/01-quantization.md	243	p9-01-073	3622	b5875bfb4db6a03017513873752bad4bc96e4d04b6b2c42400ade7dde130015d	b5875bfb4db6a03017513873752bad4bc96e4d04b6b2c42400ade7dde130015d	unchanged
guides/part-09-coreai-compression-numerics/references/01-quantization.md	244	p9-01-074	3634	038cb3c743ddbef1d65187733151639a0a139c33d3527e13ec0a6c8decc8a456	038cb3c743ddbef1d65187733151639a0a139c33d3527e13ec0a6c8decc8a456	unchanged
guides/part-09-coreai-compression-numerics/references/01-quantization.md	245	compression-native-fixtures	3762	7edf328cb1ad2ce6745efa3bef80d17142a7b05e1bbe17833121d3c64db68952	015756de1b0a51c02b3e52f363279490d6057a6eaaad434b190ff40d49ed2f05	changed
guides/part-09-coreai-compression-numerics/references/01-quantization.md	246	p9-01-076	4166	e660a32066c4e11456ee0f83107075c8a50eb41b086a78ebbd09dd3af552a0c8	e660a32066c4e11456ee0f83107075c8a50eb41b086a78ebbd09dd3af552a0c8	unchanged
guides/part-09-coreai-compression-numerics/references/02-palettization-pruning-and-joint.md	247	p9-02-001	147	5d7197d5ac8f253a412847d31f914bb4ed29c7bf723e3c31f1fca50b8fa2b4b4	5d7197d5ac8f253a412847d31f914bb4ed29c7bf723e3c31f1fca50b8fa2b4b4	unchanged
guides/part-09-coreai-compression-numerics/references/02-palettization-pruning-and-joint.md	248	p9-02-002	271	5756e51f94e50a84adb06a59e622af7a6880271ebfe4418a099b327cc3b90234	5756e51f94e50a84adb06a59e622af7a6880271ebfe4418a099b327cc3b90234	unchanged
guides/part-09-coreai-compression-numerics/references/02-palettization-pruning-and-joint.md	249	p9-02-003	332	2c82e7cfba1b42a4f683bec755c90024c5dac1e37cb64cf58889b5bdcb05e226	2c82e7cfba1b42a4f683bec755c90024c5dac1e37cb64cf58889b5bdcb05e226	unchanged
guides/part-09-coreai-compression-numerics/references/02-palettization-pruning-and-joint.md	250	p9-02-004	355	9745786ce4a923e5f8f9ecc7cd63cac6015abd46982c09bb5f30fffb81f06a08	9745786ce4a923e5f8f9ecc7cd63cac6015abd46982c09bb5f30fffb81f06a08	unchanged
guides/part-09-coreai-compression-numerics/references/02-palettization-pruning-and-joint.md	251	p9-02-005	422	26fb70c6550d7a6f937b26569e1b3718d6c9135d81b9924f86a1dc21d583d1dc	26fb70c6550d7a6f937b26569e1b3718d6c9135d81b9924f86a1dc21d583d1dc	unchanged
guides/part-09-coreai-compression-numerics/references/02-palettization-pruning-and-joint.md	252	p9-02-006	504	4eaaac324c11a6841eb2651ebdf4a98978a9ffa6eb7b68155d3b5e020e35f3fd	4eaaac324c11a6841eb2651ebdf4a98978a9ffa6eb7b68155d3b5e020e35f3fd	unchanged
guides/part-09-coreai-compression-numerics/references/02-palettization-pruning-and-joint.md	253	p9-02-007	522	0870cd75585625ff002737be2c8b2a9dd36d0e3a982bb24f4cfeb667f05779c6	0870cd75585625ff002737be2c8b2a9dd36d0e3a982bb24f4cfeb667f05779c6	unchanged
guides/part-09-coreai-compression-numerics/references/02-palettization-pruning-and-joint.md	254	p9-02-008	600	1348d3fe79ca6b6ebc4fa0b14f7727d3bb0b224e131ea8822c7b0c2ec26b843b	1348d3fe79ca6b6ebc4fa0b14f7727d3bb0b224e131ea8822c7b0c2ec26b843b	unchanged
guides/part-09-coreai-compression-numerics/references/02-palettization-pruning-and-joint.md	255	p9-02-009	617	9fb34f4356238dcb5ece965ec18c70ce8bc0509b2512986235f6f87a96ad905e	9fb34f4356238dcb5ece965ec18c70ce8bc0509b2512986235f6f87a96ad905e	unchanged
guides/part-09-coreai-compression-numerics/references/02-palettization-pruning-and-joint.md	256	p9-02-010	653	415f772b012cec88182e2ae16872004ac77905b50b41a16b613d8c249c1ec520	415f772b012cec88182e2ae16872004ac77905b50b41a16b613d8c249c1ec520	unchanged
guides/part-09-coreai-compression-numerics/references/02-palettization-pruning-and-joint.md	257	p9-02-011	688	87710cd98d3c9bae717a00c83d5751dee2daee8c973fc1108425d8cfafcbf3f4	87710cd98d3c9bae717a00c83d5751dee2daee8c973fc1108425d8cfafcbf3f4	unchanged
guides/part-09-coreai-compression-numerics/references/02-palettization-pruning-and-joint.md	258	p9-02-012	740	9f036767167771c3ba68e5f8d0fa6c875f663623d7ffff237042b602908d30ae	9f036767167771c3ba68e5f8d0fa6c875f663623d7ffff237042b602908d30ae	unchanged
guides/part-09-coreai-compression-numerics/references/02-palettization-pruning-and-joint.md	259	p9-02-013	760	bebda86d1a8696097dfa98f2c59549d54c3047660208be7d533e3ed98b11daee	bebda86d1a8696097dfa98f2c59549d54c3047660208be7d533e3ed98b11daee	unchanged
guides/part-09-coreai-compression-numerics/references/02-palettization-pruning-and-joint.md	260	p9-02-014	786	089445c840163b792493557508635008193ffbf58ebbbc3e32fd8ec3bfccf588	089445c840163b792493557508635008193ffbf58ebbbc3e32fd8ec3bfccf588	unchanged
guides/part-09-coreai-compression-numerics/references/02-palettization-pruning-and-joint.md	261	p9-02-015	1009	7a175d051a8aa27efb79be0354d698d7f9d2c438a7771497fda617755b520035	7a175d051a8aa27efb79be0354d698d7f9d2c438a7771497fda617755b520035	unchanged
guides/part-09-coreai-compression-numerics/references/02-palettization-pruning-and-joint.md	262	p9-02-016	1094	e17e8ed9765e75208cf316d4dfc81f0a3520c748ba0ed4db3ec4542a1b9e4d02	e17e8ed9765e75208cf316d4dfc81f0a3520c748ba0ed4db3ec4542a1b9e4d02	unchanged
guides/part-09-coreai-compression-numerics/references/02-palettization-pruning-and-joint.md	263	p9-02-017	1299	cb18e693368e212b17296974c5fb8aaed229244eac0ec30481d3b86d369a4e73	cb18e693368e212b17296974c5fb8aaed229244eac0ec30481d3b86d369a4e73	unchanged
guides/part-09-coreai-compression-numerics/references/02-palettization-pruning-and-joint.md	264	p9-02-018	1347	3ae4d317e607b28e32353f2e93d243c4878e4bbb766b92e909f00d23ddbd3247	3ae4d317e607b28e32353f2e93d243c4878e4bbb766b92e909f00d23ddbd3247	unchanged
guides/part-09-coreai-compression-numerics/references/02-palettization-pruning-and-joint.md	265	p9-02-019	1376	6d0a7073d9b6760059c5e5540aa961e2b4bbf20c450054586d9da4f9c59870bd	6d0a7073d9b6760059c5e5540aa961e2b4bbf20c450054586d9da4f9c59870bd	unchanged
guides/part-09-coreai-compression-numerics/references/02-palettization-pruning-and-joint.md	266	p9-02-020	1421	d65ecae4e3334521fa574fdc67d961600cddda96ad5b70a9566b985a82e7b530	d65ecae4e3334521fa574fdc67d961600cddda96ad5b70a9566b985a82e7b530	unchanged
guides/part-09-coreai-compression-numerics/references/02-palettization-pruning-and-joint.md	267	p9-02-021	1439	8624fd803834982fa18190b72cee49f5ebec6f311adbf51ed0308554236e4ded	8624fd803834982fa18190b72cee49f5ebec6f311adbf51ed0308554236e4ded	unchanged
guides/part-09-coreai-compression-numerics/references/02-palettization-pruning-and-joint.md	268	p9-02-022	1446	7e38cad3ae298fc046d55c32d094b26c7f48d9810df257166712f62d39b452a7	7e38cad3ae298fc046d55c32d094b26c7f48d9810df257166712f62d39b452a7	unchanged
guides/part-09-coreai-compression-numerics/references/02-palettization-pruning-and-joint.md	269	p9-02-023	1557	0ba46e20409cee4f4a92e63d093d5d7b87085b97254ef332d4ce9434bda52063	0ba46e20409cee4f4a92e63d093d5d7b87085b97254ef332d4ce9434bda52063	unchanged
guides/part-09-coreai-compression-numerics/references/02-palettization-pruning-and-joint.md	270	p9-02-024	1593	795ac454ec560bd384040945a154a6469a5145be1ae19c07fce0738815dd5f03	795ac454ec560bd384040945a154a6469a5145be1ae19c07fce0738815dd5f03	unchanged
guides/part-09-coreai-compression-numerics/references/02-palettization-pruning-and-joint.md	271	p9-02-025	1675	696ea6dd8f70bd0d7aa03b1d27bdbfebcfdb288960a8bcfb9ae70344cadcc94a	696ea6dd8f70bd0d7aa03b1d27bdbfebcfdb288960a8bcfb9ae70344cadcc94a	unchanged
guides/part-09-coreai-compression-numerics/references/02-palettization-pruning-and-joint.md	272	p9-02-026	1777	579da3b206a02d4a79d62f1a13e7c34a503894025fa4c73137eccd5c4c8de4d1	579da3b206a02d4a79d62f1a13e7c34a503894025fa4c73137eccd5c4c8de4d1	unchanged
guides/part-09-coreai-compression-numerics/references/02-palettization-pruning-and-joint.md	273	p9-02-027	1801	562e53e07f4dd1b8684d70d2e193eaa91d0336582ed2f1ad642a73258b8b3ab0	562e53e07f4dd1b8684d70d2e193eaa91d0336582ed2f1ad642a73258b8b3ab0	unchanged
guides/part-09-coreai-compression-numerics/references/02-palettization-pruning-and-joint.md	274	p9-02-028	1809	dd7c936e059cafbc501ee22a31d41a38b30a5e0955b5c697e4587f9bad7ff824	dd7c936e059cafbc501ee22a31d41a38b30a5e0955b5c697e4587f9bad7ff824	unchanged
guides/part-09-coreai-compression-numerics/references/02-palettization-pruning-and-joint.md	275	p9-02-029	1880	3c3b06217d6f6c08ffcd986b937382a808efb3c0e3330f5b67d5bb7d04a0c4ef	3c3b06217d6f6c08ffcd986b937382a808efb3c0e3330f5b67d5bb7d04a0c4ef	unchanged
guides/part-09-coreai-compression-numerics/references/02-palettization-pruning-and-joint.md	276	p9-02-030	1896	f97a36cbec74b93a4d3b23d13c16458b585309411281a16fdbc5412c7d919fcd	f97a36cbec74b93a4d3b23d13c16458b585309411281a16fdbc5412c7d919fcd	unchanged
guides/part-09-coreai-compression-numerics/references/02-palettization-pruning-and-joint.md	277	p9-02-031	1952	1e2f9fb60d31d93ae4304ff3233c20335b7cd4bd9e0cf1f8f778b91356dd10e6	1e2f9fb60d31d93ae4304ff3233c20335b7cd4bd9e0cf1f8f778b91356dd10e6	unchanged
guides/part-09-coreai-compression-numerics/references/02-palettization-pruning-and-joint.md	278	p9-02-032	1991	a18a27e1167243e765a1bba687c0af2b8dd2892994dc60bb993e22663ce6e724	a18a27e1167243e765a1bba687c0af2b8dd2892994dc60bb993e22663ce6e724	unchanged
guides/part-09-coreai-compression-numerics/references/02-palettization-pruning-and-joint.md	279	p9-02-033	2011	882ab37ad0694db780e51c7a85fa2e9448b0142af557f713804ed7895ff5f296	882ab37ad0694db780e51c7a85fa2e9448b0142af557f713804ed7895ff5f296	unchanged
guides/part-09-coreai-compression-numerics/references/02-palettization-pruning-and-joint.md	280	p9-02-034	2069	b292495b9e11943ae5f917c1e09dea7536da03c09f52618a455406feb8f9fe00	b292495b9e11943ae5f917c1e09dea7536da03c09f52618a455406feb8f9fe00	unchanged
guides/part-09-coreai-compression-numerics/references/02-palettization-pruning-and-joint.md	281	p9-02-035	2074	fb6e222c1c65161867f7999d6d7edf7c2bdfea1516d41c94cd68fc0234b69faf	fb6e222c1c65161867f7999d6d7edf7c2bdfea1516d41c94cd68fc0234b69faf	unchanged
guides/part-09-coreai-compression-numerics/references/02-palettization-pruning-and-joint.md	282	p9-02-036	2090	3bf62f8f3c717db9f4d886d31aaca503f876f0307af1c5a007be9417caaf424d	3bf62f8f3c717db9f4d886d31aaca503f876f0307af1c5a007be9417caaf424d	unchanged
guides/part-09-coreai-compression-numerics/references/02-palettization-pruning-and-joint.md	283	p9-02-037	2106	c44ab0e96988b5a46ec24713fd25160c34db40402d097f5794ea990d7176b30a	c44ab0e96988b5a46ec24713fd25160c34db40402d097f5794ea990d7176b30a	unchanged
guides/part-09-coreai-compression-numerics/references/02-palettization-pruning-and-joint.md	284	p9-02-038	2143	a6bfbaf752ea1d898e0c00a38807498afce4ab14600d52e87acd8ef28716294b	a6bfbaf752ea1d898e0c00a38807498afce4ab14600d52e87acd8ef28716294b	unchanged
guides/part-09-coreai-compression-numerics/references/02-palettization-pruning-and-joint.md	285	p9-02-039	2176	373536695fc86a283b8b12269789eec5c7ef7925836ae78794fd90535d2faa67	373536695fc86a283b8b12269789eec5c7ef7925836ae78794fd90535d2faa67	unchanged
guides/part-09-coreai-compression-numerics/references/02-palettization-pruning-and-joint.md	286	p9-02-040	2272	aa62e134c1acefa6f3e0b75318f9f556d2da2c88bfe231820bba92fa2642c6f1	aa62e134c1acefa6f3e0b75318f9f556d2da2c88bfe231820bba92fa2642c6f1	unchanged
guides/part-09-coreai-compression-numerics/references/02-palettization-pruning-and-joint.md	287	p9-02-041	2494	7cc700042b9b6b936c3df91ee9426f447f4630e9a089be27643f6a6c4182639d	7cc700042b9b6b936c3df91ee9426f447f4630e9a089be27643f6a6c4182639d	unchanged
guides/part-09-coreai-compression-numerics/references/02-palettization-pruning-and-joint.md	288	p9-02-042	2619	b0816fb9afac5179dc3560e86fabc4e33f5c3e846fb7346e29fd7a5839272292	b0816fb9afac5179dc3560e86fabc4e33f5c3e846fb7346e29fd7a5839272292	unchanged
guides/part-09-coreai-compression-numerics/references/02-palettization-pruning-and-joint.md	289	p9-02-043	2722	9c8f26d1b44a0f53f74ce089a19e425670ca86192a181bbb33ad387fa0fc8869	9c8f26d1b44a0f53f74ce089a19e425670ca86192a181bbb33ad387fa0fc8869	unchanged
guides/part-09-coreai-compression-numerics/references/02-palettization-pruning-and-joint.md	290	p9-02-044	2777	cfa675223c1a5d2998b5b3380639e511802034a423f6d1777db5c5240e1d9392	cfa675223c1a5d2998b5b3380639e511802034a423f6d1777db5c5240e1d9392	unchanged
guides/part-09-coreai-compression-numerics/references/02-palettization-pruning-and-joint.md	291	p9-02-045	3031	c080176ab1ab83a36e3a81e7629807da1e2911b1c29d171b4131d007e7e0611e	c080176ab1ab83a36e3a81e7629807da1e2911b1c29d171b4131d007e7e0611e	unchanged
guides/part-09-coreai-compression-numerics/references/02-palettization-pruning-and-joint.md	292	p9-02-046	3432	323539ce7d93b6bd17e9a1032e25c6a3582d912014925894fad7e3265c2b6a62	323539ce7d93b6bd17e9a1032e25c6a3582d912014925894fad7e3265c2b6a62	unchanged
guides/part-09-coreai-compression-numerics/references/02-palettization-pruning-and-joint.md	293	p9-02-047	3572	dc9ef98f6dc7db06bed43316d7f4775587c02b26f2313a5257c0caee3836bee5	dc9ef98f6dc7db06bed43316d7f4775587c02b26f2313a5257c0caee3836bee5	unchanged
guides/part-09-coreai-compression-numerics/references/02-palettization-pruning-and-joint.md	294	p9-02-048	3625	22bfbc7cc3ff04fd2965a977815d8ab3b01e2e51696170f63977f308a58f7fc0	22bfbc7cc3ff04fd2965a977815d8ab3b01e2e51696170f63977f308a58f7fc0	unchanged
guides/part-09-coreai-compression-numerics/references/03-numeric-formats-across-the-stack.md	295	p9-03-001	263	7ebb260f34b98a0a047af703fc9bb870c628a7135281fd7cc5b1d274f0659ca1	7ebb260f34b98a0a047af703fc9bb870c628a7135281fd7cc5b1d274f0659ca1	unchanged
guides/part-09-coreai-compression-numerics/references/03-numeric-formats-across-the-stack.md	296	p9-03-002	367	28439f1617be2f877d39730f0546bf3652b1f97c04c36b4129941be5351c988e	28439f1617be2f877d39730f0546bf3652b1f97c04c36b4129941be5351c988e	unchanged
guides/part-09-coreai-compression-numerics/references/03-numeric-formats-across-the-stack.md	297	p9-03-003	403	92e90c12466b1a2caa75161a0ac28b2292448b9f8912b493875c8d73e5f38619	92e90c12466b1a2caa75161a0ac28b2292448b9f8912b493875c8d73e5f38619	unchanged
guides/part-09-coreai-compression-numerics/references/03-numeric-formats-across-the-stack.md	298	p9-03-004	460	183d1bc87f7597096ef1f47991ed803d34217baf0f15afae092c20fc9e0174aa	183d1bc87f7597096ef1f47991ed803d34217baf0f15afae092c20fc9e0174aa	unchanged
guides/part-09-coreai-compression-numerics/references/03-numeric-formats-across-the-stack.md	299	p9-03-005	482	45bbc07a243c6d03d43c7438dbc07c59985a6f0da9cdc608e96aa24f6e233825	45bbc07a243c6d03d43c7438dbc07c59985a6f0da9cdc608e96aa24f6e233825	unchanged
guides/part-09-coreai-compression-numerics/references/03-numeric-formats-across-the-stack.md	300	p9-03-006	530	fd3cf1bca194853634971416fae9f09771ad4eb5cd5d300374fa67c12eb26c48	fd3cf1bca194853634971416fae9f09771ad4eb5cd5d300374fa67c12eb26c48	unchanged
guides/part-09-coreai-compression-numerics/references/03-numeric-formats-across-the-stack.md	301	p9-03-007	549	b36dc973d11232692e11682f7ff7d7fb857c2f58994c3653533fa2e5067baf3e	b36dc973d11232692e11682f7ff7d7fb857c2f58994c3653533fa2e5067baf3e	unchanged
guides/part-09-coreai-compression-numerics/references/03-numeric-formats-across-the-stack.md	302	p9-03-008	578	1edf4509475a8ad62c84d81d73827bd816617dbae559bc8d8d1df6637809f3cd	1edf4509475a8ad62c84d81d73827bd816617dbae559bc8d8d1df6637809f3cd	unchanged
guides/part-09-coreai-compression-numerics/references/03-numeric-formats-across-the-stack.md	303	p9-03-009	615	4b301a89d775482abffe656402098f63f9f197469d3b82d181e0247efe915cef	4b301a89d775482abffe656402098f63f9f197469d3b82d181e0247efe915cef	unchanged
guides/part-09-coreai-compression-numerics/references/03-numeric-formats-across-the-stack.md	304	p9-03-010	870	f642292b0106df1159047f6b517279896b750205dc3d22493872f0219b8a2e6b	f642292b0106df1159047f6b517279896b750205dc3d22493872f0219b8a2e6b	unchanged
guides/part-09-coreai-compression-numerics/references/03-numeric-formats-across-the-stack.md	305	p9-03-011	893	64dcc170ddb4f94ad44c74e22f3eeab82da0193369f9c75273fca20ed6e7da0a	64dcc170ddb4f94ad44c74e22f3eeab82da0193369f9c75273fca20ed6e7da0a	unchanged
guides/part-09-coreai-compression-numerics/references/03-numeric-formats-across-the-stack.md	306	p9-03-012	907	6338eb2bf6022af524118d5f91bc7db30acf1e9ef00ea0b2f14b4adf088bfed1	6338eb2bf6022af524118d5f91bc7db30acf1e9ef00ea0b2f14b4adf088bfed1	unchanged
guides/part-09-coreai-compression-numerics/references/03-numeric-formats-across-the-stack.md	307	p9-03-013	1000	19c1cb0d62dce7bbac480921b2d03d82a049a3ebc5a8489a0a1db43a735d2289	19c1cb0d62dce7bbac480921b2d03d82a049a3ebc5a8489a0a1db43a735d2289	unchanged
guides/part-09-coreai-compression-numerics/references/03-numeric-formats-across-the-stack.md	308	p9-03-014	1088	5756e51f94e50a84adb06a59e622af7a6880271ebfe4418a099b327cc3b90234	5756e51f94e50a84adb06a59e622af7a6880271ebfe4418a099b327cc3b90234	unchanged
guides/part-09-coreai-compression-numerics/references/03-numeric-formats-across-the-stack.md	309	p9-03-015	1094	f1db16cfe441d870daffff295c56eb01f2fcd6d3d4ce869f0a184508be568bf5	f1db16cfe441d870daffff295c56eb01f2fcd6d3d4ce869f0a184508be568bf5	unchanged
guides/part-09-coreai-compression-numerics/references/03-numeric-formats-across-the-stack.md	310	p9-03-016	1107	51ee0cb963b86e8a771172d26020b562a07e2ef437e1aecbd1dcc7ed11a77887	51ee0cb963b86e8a771172d26020b562a07e2ef437e1aecbd1dcc7ed11a77887	unchanged
guides/part-09-coreai-compression-numerics/references/03-numeric-formats-across-the-stack.md	311	p9-03-017	1476	bdde64ca0876dabc980f6554b2169425c3d8eb734d54b2208b759703eb727f81	bdde64ca0876dabc980f6554b2169425c3d8eb734d54b2208b759703eb727f81	unchanged
guides/part-09-coreai-compression-numerics/references/03-numeric-formats-across-the-stack.md	312	p9-03-018	1537	65bdeb013b2d4a83bed2b2ee5635815c65c0e87d53cc3ae25bd8cf618c3ed189	65bdeb013b2d4a83bed2b2ee5635815c65c0e87d53cc3ae25bd8cf618c3ed189	unchanged
guides/part-10-coreai-hardware-authoring-debugging/references/01-ane-vs-gpu-authoring-rules.md	313	-	163	308aa4ea0c41577f834fc93a0ae9bd92c54cbeca3a39e9a8e45d42ddd69fd417	308aa4ea0c41577f834fc93a0ae9bd92c54cbeca3a39e9a8e45d42ddd69fd417	unchanged
guides/part-10-coreai-hardware-authoring-debugging/references/01-ane-vs-gpu-authoring-rules.md	314	-	175	f668fe42c18b6b503ac1552840eadea2fca59f2332bdf9ea347e2b6662661e9f	f668fe42c18b6b503ac1552840eadea2fca59f2332bdf9ea347e2b6662661e9f	unchanged
guides/part-10-coreai-hardware-authoring-debugging/references/01-ane-vs-gpu-authoring-rules.md	315	-	460	52483148a307b62363f5d545dd056a374380325bf483c8174bd3a9469d74744b	52483148a307b62363f5d545dd056a374380325bf483c8174bd3a9469d74744b	unchanged
guides/part-10-coreai-hardware-authoring-debugging/references/01-ane-vs-gpu-authoring-rules.md	316	-	552	f591a882a42b0b06d69fc57792335aef65fd22ac5135ac1d1e1fc289351ce18a	f591a882a42b0b06d69fc57792335aef65fd22ac5135ac1d1e1fc289351ce18a	unchanged
guides/part-10-coreai-hardware-authoring-debugging/references/01-ane-vs-gpu-authoring-rules.md	317	-	569	e785b0d2fbb8d14ad80f6ef33581930dc61d5263e5b0f67e38d321c51e20c16f	e785b0d2fbb8d14ad80f6ef33581930dc61d5263e5b0f67e38d321c51e20c16f	unchanged
guides/part-10-coreai-hardware-authoring-debugging/references/01-ane-vs-gpu-authoring-rules.md	318	-	586	866080848586bfd45491ea3e16a7ee0f147fd09f8fb81b42b30bd8c4059db16e	866080848586bfd45491ea3e16a7ee0f147fd09f8fb81b42b30bd8c4059db16e	unchanged
guides/part-10-coreai-hardware-authoring-debugging/references/01-ane-vs-gpu-authoring-rules.md	319	-	601	59cbac8b4f8c7bb7cdf5062fd98824ea3b0fa338d676277316e22560b56e6a1a	59cbac8b4f8c7bb7cdf5062fd98824ea3b0fa338d676277316e22560b56e6a1a	unchanged
guides/part-10-coreai-hardware-authoring-debugging/references/01-ane-vs-gpu-authoring-rules.md	320	-	691	358d7170eafec1433ed0593bf12c59be6f01b2a3b3b9258dc183d16c9348ff02	358d7170eafec1433ed0593bf12c59be6f01b2a3b3b9258dc183d16c9348ff02	unchanged
guides/part-10-coreai-hardware-authoring-debugging/references/01-ane-vs-gpu-authoring-rules.md	321	-	745	ac7a69536d00afc2c9eb92f27dddf402be616fabf1d6eab10f3135ca6e072d19	ac7a69536d00afc2c9eb92f27dddf402be616fabf1d6eab10f3135ca6e072d19	unchanged
guides/part-10-coreai-hardware-authoring-debugging/references/01-ane-vs-gpu-authoring-rules.md	322	-	785	2bda5dfb0ea5efca64ad9491d42e150550e500a8e5db907f8833df6bb6a256a0	2bda5dfb0ea5efca64ad9491d42e150550e500a8e5db907f8833df6bb6a256a0	unchanged
guides/part-10-coreai-hardware-authoring-debugging/references/01-ane-vs-gpu-authoring-rules.md	323	-	837	df7ea05bbfa087338bad793f021bb6330d54a109f037b079b66173ca9fb1d3a6	df7ea05bbfa087338bad793f021bb6330d54a109f037b079b66173ca9fb1d3a6	unchanged
guides/part-10-coreai-hardware-authoring-debugging/references/01-ane-vs-gpu-authoring-rules.md	324	-	847	12cdee31fe43f41366607d7b684c88d7e6476a6456353c5a3663a938b6b68b84	12cdee31fe43f41366607d7b684c88d7e6476a6456353c5a3663a938b6b68b84	unchanged
guides/part-10-coreai-hardware-authoring-debugging/references/01-ane-vs-gpu-authoring-rules.md	325	-	861	36d282c99520075ece37dbdf635b37465a14c4b2543f15733c0811f27c888a16	36d282c99520075ece37dbdf635b37465a14c4b2543f15733c0811f27c888a16	unchanged
guides/part-10-coreai-hardware-authoring-debugging/references/01-ane-vs-gpu-authoring-rules.md	326	-	879	b3f1845e859587de3bcaa9b02842890f2a76a57b7d2cbadc7220c4161b679fa9	b3f1845e859587de3bcaa9b02842890f2a76a57b7d2cbadc7220c4161b679fa9	unchanged
guides/part-10-coreai-hardware-authoring-debugging/references/01-ane-vs-gpu-authoring-rules.md	327	-	929	168621f14a5d182fc3412d5c3992e798040868606d7d12250a320f2cdfdc0113	168621f14a5d182fc3412d5c3992e798040868606d7d12250a320f2cdfdc0113	unchanged
guides/part-10-coreai-hardware-authoring-debugging/references/01-ane-vs-gpu-authoring-rules.md	328	-	949	6b5ca9e68e392216b74f6cb6a65f16fc2549704440a39a7c173c7b31459d6344	6b5ca9e68e392216b74f6cb6a65f16fc2549704440a39a7c173c7b31459d6344	unchanged
guides/part-10-coreai-hardware-authoring-debugging/references/01-ane-vs-gpu-authoring-rules.md	329	-	1080	159ec21115593487396e4d4cb08112521bfbd089bd7f01d6ec111e1db573987e	159ec21115593487396e4d4cb08112521bfbd089bd7f01d6ec111e1db573987e	unchanged
guides/part-10-coreai-hardware-authoring-debugging/references/01-ane-vs-gpu-authoring-rules.md	330	-	1146	5810f07183f50989ee3bdafeb812ebbd8ec8c9fd555c0aeee17de67c7b29fe77	5810f07183f50989ee3bdafeb812ebbd8ec8c9fd555c0aeee17de67c7b29fe77	unchanged
guides/part-10-coreai-hardware-authoring-debugging/references/01-ane-vs-gpu-authoring-rules.md	331	-	1192	c1be7722c1c26e7fbc94f99023a57cb85ccb3645761a7346d779ed9c764f41ea	c1be7722c1c26e7fbc94f99023a57cb85ccb3645761a7346d779ed9c764f41ea	unchanged
guides/part-10-coreai-hardware-authoring-debugging/references/01-ane-vs-gpu-authoring-rules.md	332	-	1218	e5c6e3c41e53a71c3d55eac6a2e5eb40dbd9fd50e6f18a5843d0c7f7e0e80611	e5c6e3c41e53a71c3d55eac6a2e5eb40dbd9fd50e6f18a5843d0c7f7e0e80611	unchanged
guides/part-10-coreai-hardware-authoring-debugging/references/01-ane-vs-gpu-authoring-rules.md	333	-	1233	289c9e72900ea456d5b2ab93ccfd95eb744b12bf88f83ed5a91cfa63557587f4	289c9e72900ea456d5b2ab93ccfd95eb744b12bf88f83ed5a91cfa63557587f4	unchanged
guides/part-10-coreai-hardware-authoring-debugging/references/01-ane-vs-gpu-authoring-rules.md	334	-	1252	081a009073983da8ca457ef2903167b797077a060f9ede76cd881460d055b475	081a009073983da8ca457ef2903167b797077a060f9ede76cd881460d055b475	unchanged
guides/part-10-coreai-hardware-authoring-debugging/references/01-ane-vs-gpu-authoring-rules.md	335	-	1270	6d883af0e3393cec65445f559578a11394cc2c28c2a87d9989c21862611814a6	6d883af0e3393cec65445f559578a11394cc2c28c2a87d9989c21862611814a6	unchanged
guides/part-10-coreai-hardware-authoring-debugging/references/01-ane-vs-gpu-authoring-rules.md	336	-	1299	9f3bf2c9d501bebce429c607c714f248fabb9f0c6bb278bb2afbcddc23060611	9f3bf2c9d501bebce429c607c714f248fabb9f0c6bb278bb2afbcddc23060611	unchanged
guides/part-10-coreai-hardware-authoring-debugging/references/01-ane-vs-gpu-authoring-rules.md	337	-	1336	5213e4f5e5cfea8787973dfbd76f5d5d08892c4f4cf3c03e91c2c2069648bcfb	5213e4f5e5cfea8787973dfbd76f5d5d08892c4f4cf3c03e91c2c2069648bcfb	unchanged
guides/part-10-coreai-hardware-authoring-debugging/references/01-ane-vs-gpu-authoring-rules.md	338	-	1408	52174f66a13b4c9986c24a0afe57be4e559aedb1b167bd5e49b2ae1f88918a22	52174f66a13b4c9986c24a0afe57be4e559aedb1b167bd5e49b2ae1f88918a22	unchanged
guides/part-10-coreai-hardware-authoring-debugging/references/01-ane-vs-gpu-authoring-rules.md	339	-	1434	d83870a70cc50f467ede7d92cf4e678570ae1830e05164af5d9281e6e777f113	d83870a70cc50f467ede7d92cf4e678570ae1830e05164af5d9281e6e777f113	unchanged
guides/part-10-coreai-hardware-authoring-debugging/references/01-ane-vs-gpu-authoring-rules.md	340	-	1451	48a5820155dd6ebf5b3d92abcf29fc03ce195dc1326a3537cf82f7b6aacec55b	48a5820155dd6ebf5b3d92abcf29fc03ce195dc1326a3537cf82f7b6aacec55b	unchanged
guides/part-10-coreai-hardware-authoring-debugging/references/01-ane-vs-gpu-authoring-rules.md	341	-	1493	7a9d3d5f06c7be83eb782e84b27cfaf27410537e77db45282a752d359e6fa086	7a9d3d5f06c7be83eb782e84b27cfaf27410537e77db45282a752d359e6fa086	unchanged
guides/part-10-coreai-hardware-authoring-debugging/references/01-ane-vs-gpu-authoring-rules.md	342	-	1538	67d441ff396ce4c408c16681cf95d93de33af9d197f3ebae7a245d8ca0c6bc8e	67d441ff396ce4c408c16681cf95d93de33af9d197f3ebae7a245d8ca0c6bc8e	unchanged
guides/part-10-coreai-hardware-authoring-debugging/references/01-ane-vs-gpu-authoring-rules.md	343	-	1565	7d399a30d662b97e8743694fade9bc71ae81b6c6b5cd913ceef6defef006be3f	7d399a30d662b97e8743694fade9bc71ae81b6c6b5cd913ceef6defef006be3f	unchanged
guides/part-10-coreai-hardware-authoring-debugging/references/01-ane-vs-gpu-authoring-rules.md	344	-	1616	29efe2b36117be828bfb8084ebfaf3c8dec828fae0f37cdfb916a26caa25123f	29efe2b36117be828bfb8084ebfaf3c8dec828fae0f37cdfb916a26caa25123f	unchanged
guides/part-10-coreai-hardware-authoring-debugging/references/01-ane-vs-gpu-authoring-rules.md	345	-	1625	64c0753c418eac271a2d035eacff0f8ad96726685bd7e25ea0de995917ffc7cf	64c0753c418eac271a2d035eacff0f8ad96726685bd7e25ea0de995917ffc7cf	unchanged
guides/part-10-coreai-hardware-authoring-debugging/references/01-ane-vs-gpu-authoring-rules.md	346	-	1669	068459527ab7d4f7bef500a80a9c8bab297e1a7ea332df6c3c8bb2d5ff1389d6	068459527ab7d4f7bef500a80a9c8bab297e1a7ea332df6c3c8bb2d5ff1389d6	unchanged
guides/part-10-coreai-hardware-authoring-debugging/references/01-ane-vs-gpu-authoring-rules.md	347	-	1715	cdcf78495573cca8e5333fbff52b7d93a971c28efc9242cd1820656736b0371b	cdcf78495573cca8e5333fbff52b7d93a971c28efc9242cd1820656736b0371b	unchanged
guides/part-10-coreai-hardware-authoring-debugging/references/01-ane-vs-gpu-authoring-rules.md	348	-	1771	8d980076d0f8eff2cd57c8cbef0850afae2f4abc512e3c55c17a92284c23e2cf	8d980076d0f8eff2cd57c8cbef0850afae2f4abc512e3c55c17a92284c23e2cf	unchanged
guides/part-10-coreai-hardware-authoring-debugging/references/01-ane-vs-gpu-authoring-rules.md	349	-	1791	ecddf5c09949ec3929294f3ad99cc5713e1a618a13e44759c40f2ebc6afe1e53	ecddf5c09949ec3929294f3ad99cc5713e1a618a13e44759c40f2ebc6afe1e53	unchanged
guides/part-10-coreai-hardware-authoring-debugging/references/01-ane-vs-gpu-authoring-rules.md	350	-	1801	a4770379e07d4a35e4e561f844c2ef71455adca9cc94433ddea93464a05f4f8a	a4770379e07d4a35e4e561f844c2ef71455adca9cc94433ddea93464a05f4f8a	unchanged
guides/part-10-coreai-hardware-authoring-debugging/references/01-ane-vs-gpu-authoring-rules.md	351	-	1832	629daea28a49dc8f2a33f0a82c330fe4f78812da210ede79e23296f186bc6dc0	629daea28a49dc8f2a33f0a82c330fe4f78812da210ede79e23296f186bc6dc0	unchanged
guides/part-10-coreai-hardware-authoring-debugging/references/01-ane-vs-gpu-authoring-rules.md	352	-	1884	def85984f2098aa978f384172a4704b720022e2fa0eeb010730500c4f2a07a05	def85984f2098aa978f384172a4704b720022e2fa0eeb010730500c4f2a07a05	unchanged
guides/part-10-coreai-hardware-authoring-debugging/references/01-ane-vs-gpu-authoring-rules.md	353	-	2000	2a85d4f5824a8d7315c79f0880014b9f36dbb66fae37d3f25957bd00a9cf2ec7	2a85d4f5824a8d7315c79f0880014b9f36dbb66fae37d3f25957bd00a9cf2ec7	unchanged
guides/part-10-coreai-hardware-authoring-debugging/references/01-ane-vs-gpu-authoring-rules.md	354	-	2015	28656ddb8577f5a544552504eff33bd9aec693a1c2ea65a0f23c76a5a8eeabe6	28656ddb8577f5a544552504eff33bd9aec693a1c2ea65a0f23c76a5a8eeabe6	unchanged
guides/part-10-coreai-hardware-authoring-debugging/references/01-ane-vs-gpu-authoring-rules.md	355	-	2034	964bdd64e3be56ed9e4bef4bbef9a8d64ed4621d42c3ac4ac94984ce9288255f	964bdd64e3be56ed9e4bef4bbef9a8d64ed4621d42c3ac4ac94984ce9288255f	unchanged
guides/part-10-coreai-hardware-authoring-debugging/references/01-ane-vs-gpu-authoring-rules.md	356	-	2057	5b4dedf6a52e94a6629d5449752ee5f3aee33be4e4f21f3f5795473a4cf0049e	5b4dedf6a52e94a6629d5449752ee5f3aee33be4e4f21f3f5795473a4cf0049e	unchanged
guides/part-10-coreai-hardware-authoring-debugging/references/01-ane-vs-gpu-authoring-rules.md	357	-	2067	6ce60feecb93a37e0cb376eb77a0143648b15500b4876690832785cf5db2eee3	6ce60feecb93a37e0cb376eb77a0143648b15500b4876690832785cf5db2eee3	unchanged
guides/part-10-coreai-hardware-authoring-debugging/references/01-ane-vs-gpu-authoring-rules.md	358	-	2087	e654e71372f4e126c6689610bdf1797e5476ac904689af26fcbe1f3e0012a31c	e654e71372f4e126c6689610bdf1797e5476ac904689af26fcbe1f3e0012a31c	unchanged
guides/part-10-coreai-hardware-authoring-debugging/references/01-ane-vs-gpu-authoring-rules.md	359	-	2115	50225ae66610ea8331a81e23c3c370b4e1e22a8c3abba55f683cde0f223791d5	50225ae66610ea8331a81e23c3c370b4e1e22a8c3abba55f683cde0f223791d5	unchanged
guides/part-10-coreai-hardware-authoring-debugging/references/01-ane-vs-gpu-authoring-rules.md	360	-	2156	ad074d17279291d5062a1e75e15a308ef707ae2be5e1f8177471c6409942f788	ad074d17279291d5062a1e75e15a308ef707ae2be5e1f8177471c6409942f788	unchanged
guides/part-10-coreai-hardware-authoring-debugging/references/01-ane-vs-gpu-authoring-rules.md	361	-	2169	c83f2b82effb6aef1387774e54fe70390027ea1fc983a03a3070efb16524a6c5	c83f2b82effb6aef1387774e54fe70390027ea1fc983a03a3070efb16524a6c5	unchanged
guides/part-10-coreai-hardware-authoring-debugging/references/01-ane-vs-gpu-authoring-rules.md	362	-	2201	887a97e5502eb89d9455efff36355bb682925b56c816ed0391cc94f2474c86fe	887a97e5502eb89d9455efff36355bb682925b56c816ed0391cc94f2474c86fe	unchanged
guides/part-10-coreai-hardware-authoring-debugging/references/01-ane-vs-gpu-authoring-rules.md	363	-	2252	0791479aaf21bfef394c02c55e04321cc7a84cceab6e3da380b19dc9ef052869	0791479aaf21bfef394c02c55e04321cc7a84cceab6e3da380b19dc9ef052869	unchanged
guides/part-10-coreai-hardware-authoring-debugging/references/01-ane-vs-gpu-authoring-rules.md	364	-	2328	be28f2e65c0fa882141ed758fb38a96dee6740c91826ded02e172d4a37ffc0c6	be28f2e65c0fa882141ed758fb38a96dee6740c91826ded02e172d4a37ffc0c6	unchanged
guides/part-10-coreai-hardware-authoring-debugging/references/01-ane-vs-gpu-authoring-rules.md	365	-	2339	1973b7de2724f3dee324a698a2ca00640864aa2111c94e34850155809cb1a2ab	1973b7de2724f3dee324a698a2ca00640864aa2111c94e34850155809cb1a2ab	unchanged
guides/part-10-coreai-hardware-authoring-debugging/references/01-ane-vs-gpu-authoring-rules.md	366	-	2400	1dfff0c293dc534c815d189ec2b5bfc1b6ab1ea836b85f2936d28077f463d602	1dfff0c293dc534c815d189ec2b5bfc1b6ab1ea836b85f2936d28077f463d602	unchanged
guides/part-10-coreai-hardware-authoring-debugging/references/01-ane-vs-gpu-authoring-rules.md	367	-	2405	6c2c0acbb1109da0ff2080601e573ad2ec7bd119b46c94c65a6c42f21452422f	6c2c0acbb1109da0ff2080601e573ad2ec7bd119b46c94c65a6c42f21452422f	unchanged
guides/part-10-coreai-hardware-authoring-debugging/references/01-ane-vs-gpu-authoring-rules.md	368	-	2440	85b00e60031c938751d985bd4f1c01497f5a0c913b40a20b5bd4fd11c7310517	85b00e60031c938751d985bd4f1c01497f5a0c913b40a20b5bd4fd11c7310517	unchanged
guides/part-10-coreai-hardware-authoring-debugging/references/01-ane-vs-gpu-authoring-rules.md	369	-	2474	b1d53f5e652b49cb3ad416640b6f3e3f21948fc76f5919ecaf4c3de9664b9448	b1d53f5e652b49cb3ad416640b6f3e3f21948fc76f5919ecaf4c3de9664b9448	unchanged
guides/part-10-coreai-hardware-authoring-debugging/references/01-ane-vs-gpu-authoring-rules.md	370	-	2517	b3011ceb7a36fb070806ab5725472f0139eac5dd6566fe4d8e13576dbdd33fac	b3011ceb7a36fb070806ab5725472f0139eac5dd6566fe4d8e13576dbdd33fac	unchanged
guides/part-10-coreai-hardware-authoring-debugging/references/01-ane-vs-gpu-authoring-rules.md	371	-	2600	ea6569d4cb10b368eba3fec2e4e5a34a424b40d154089db5960a8d2acbe44edd	ea6569d4cb10b368eba3fec2e4e5a34a424b40d154089db5960a8d2acbe44edd	unchanged
guides/part-10-coreai-hardware-authoring-debugging/references/01-ane-vs-gpu-authoring-rules.md	372	-	2626	45a22b572bea9bd08e2967549b6f965b3e9edf7355b9be6100e42a914b3099ea	45a22b572bea9bd08e2967549b6f965b3e9edf7355b9be6100e42a914b3099ea	unchanged
guides/part-10-coreai-hardware-authoring-debugging/references/01-ane-vs-gpu-authoring-rules.md	373	-	2670	5f7462943d937319b316d737b7e03268fe8360c4ed4ee9e46b049679d0458220	5f7462943d937319b316d737b7e03268fe8360c4ed4ee9e46b049679d0458220	unchanged
guides/part-10-coreai-hardware-authoring-debugging/references/01-ane-vs-gpu-authoring-rules.md	374	-	2715	61cb714ecb8ab799d86f73c3cc7a4b2faf142494b419132706d4085227a18a55	61cb714ecb8ab799d86f73c3cc7a4b2faf142494b419132706d4085227a18a55	unchanged
guides/part-10-coreai-hardware-authoring-debugging/references/01-ane-vs-gpu-authoring-rules.md	375	-	2796	125b260c8a2d707e48609992ee27ca65d3435913fd8975e9b06dc1eca3be4f6a	125b260c8a2d707e48609992ee27ca65d3435913fd8975e9b06dc1eca3be4f6a	unchanged
guides/part-10-coreai-hardware-authoring-debugging/references/01-ane-vs-gpu-authoring-rules.md	376	-	2932	33b05d63c7a32d4d76f5ae3a17141bcfd94b42135d71de8a54b5985776af9088	33b05d63c7a32d4d76f5ae3a17141bcfd94b42135d71de8a54b5985776af9088	unchanged
guides/part-10-coreai-hardware-authoring-debugging/references/01-ane-vs-gpu-authoring-rules.md	377	-	3189	27eaed05d371a34bba7770e4db3830724096a3340b700b4713d38a5051686b9d	27eaed05d371a34bba7770e4db3830724096a3340b700b4713d38a5051686b9d	unchanged
guides/part-10-coreai-hardware-authoring-debugging/references/01-ane-vs-gpu-authoring-rules.md	378	-	3241	e768619af29299fdcf281382c312b65f816574b424bb714311cd1b44f90b00b6	e768619af29299fdcf281382c312b65f816574b424bb714311cd1b44f90b00b6	unchanged
guides/part-10-coreai-hardware-authoring-debugging/references/01-ane-vs-gpu-authoring-rules.md	379	-	3292	414adca067f9d43c022a87cb4a195995b4aca966db1f3e4038d745c0a473fc5a	414adca067f9d43c022a87cb4a195995b4aca966db1f3e4038d745c0a473fc5a	unchanged
guides/part-10-coreai-hardware-authoring-debugging/references/01-ane-vs-gpu-authoring-rules.md	380	-	3303	a3d21ed09cbfcca305c5bd0b11574ed2052698d9f7e007d8b5beb5b3b7fb835c	a3d21ed09cbfcca305c5bd0b11574ed2052698d9f7e007d8b5beb5b3b7fb835c	unchanged
guides/part-10-coreai-hardware-authoring-debugging/references/02-debugging-and-profiling.md	381	-	369	df4bf9189f603b7a54ad0c2a8f5f38b4506ba8181e4d79eb2eea9e2a26156738	df4bf9189f603b7a54ad0c2a8f5f38b4506ba8181e4d79eb2eea9e2a26156738	unchanged
guides/part-10-coreai-hardware-authoring-debugging/references/02-debugging-and-profiling.md	382	-	714	95874f2d2f1a9b8a46e7e2b4aa2f3baf4f133d07ba9819c4f089598bc3581152	95874f2d2f1a9b8a46e7e2b4aa2f3baf4f133d07ba9819c4f089598bc3581152	unchanged
guides/part-10-coreai-hardware-authoring-debugging/references/02-debugging-and-profiling.md	383	-	739	47591ac14f92f36c57df31d5f07f4ba964eec58b71c4e41e82c280b8d31a939b	47591ac14f92f36c57df31d5f07f4ba964eec58b71c4e41e82c280b8d31a939b	unchanged
guides/part-10-coreai-hardware-authoring-debugging/references/02-debugging-and-profiling.md	384	-	750	87614585d1f057bf3879d1602b76d78b571a746d4e3113e39efc22aaeebda07a	87614585d1f057bf3879d1602b76d78b571a746d4e3113e39efc22aaeebda07a	unchanged
guides/part-10-coreai-hardware-authoring-debugging/references/02-debugging-and-profiling.md	385	-	1196	5a4e930c41d0089c9e029cd6c44f04dbb442982424ddef5854763c79dfc57cc6	5a4e930c41d0089c9e029cd6c44f04dbb442982424ddef5854763c79dfc57cc6	unchanged
guides/part-10-coreai-hardware-authoring-debugging/references/02-debugging-and-profiling.md	386	-	1221	30ccc8603fbe6a40461970237ba3eedf93711ae2e6cc2a00c03ed1c71151526a	30ccc8603fbe6a40461970237ba3eedf93711ae2e6cc2a00c03ed1c71151526a	unchanged
guides/part-10-coreai-hardware-authoring-debugging/references/02-debugging-and-profiling.md	387	-	1309	dfca7660c864c1f81f34b249943ec4e43d047bec4d88c6057e60e31f888be8c7	dfca7660c864c1f81f34b249943ec4e43d047bec4d88c6057e60e31f888be8c7	unchanged
guides/part-10-coreai-hardware-authoring-debugging/references/02-debugging-and-profiling.md	388	-	1489	47e012e2a9c0898809492b4d2af307d1be3c2402d34010e91eb8534e0334bcf1	47e012e2a9c0898809492b4d2af307d1be3c2402d34010e91eb8534e0334bcf1	unchanged
guides/part-10-coreai-hardware-authoring-debugging/references/02-debugging-and-profiling.md	389	-	1515	e6c83b61d99b63c549260dc4c7b658b6cee242c27d0d62c064017cd2fb1f54e2	e6c83b61d99b63c549260dc4c7b658b6cee242c27d0d62c064017cd2fb1f54e2	unchanged
guides/part-10-coreai-hardware-authoring-debugging/references/02-debugging-and-profiling.md	390	-	1539	b7a2b02bd7290630651e320359845f866434d3c0e7afff784a776fc734466190	b7a2b02bd7290630651e320359845f866434d3c0e7afff784a776fc734466190	unchanged
guides/part-10-coreai-hardware-authoring-debugging/references/02-debugging-and-profiling.md	391	-	1593	baff7c30cdf02876674bc575ae6c42e4a5c41529e015dff2aa405af23085e3aa	baff7c30cdf02876674bc575ae6c42e4a5c41529e015dff2aa405af23085e3aa	unchanged
guides/part-10-coreai-hardware-authoring-debugging/references/02-debugging-and-profiling.md	392	-	1617	5c02f58cc78120c8037b12dfd902da994e34be4a4c473b348a8cbc3b6c17af3a	5c02f58cc78120c8037b12dfd902da994e34be4a4c473b348a8cbc3b6c17af3a	unchanged
guides/part-10-coreai-hardware-authoring-debugging/references/02-debugging-and-profiling.md	393	-	1881	6b3e8fd958d1d23271f8dfcb45f35400883fb8542349d17c4f0d9a340b04b8da	6b3e8fd958d1d23271f8dfcb45f35400883fb8542349d17c4f0d9a340b04b8da	unchanged
guides/part-10-coreai-hardware-authoring-debugging/references/02-debugging-and-profiling.md	394	-	1902	b80684f8ee2822b3138866a11ea5ea73bc5061faceb3a11b42627446b2576d6a	b80684f8ee2822b3138866a11ea5ea73bc5061faceb3a11b42627446b2576d6a	unchanged
guides/part-10-coreai-hardware-authoring-debugging/references/02-debugging-and-profiling.md	395	-	2023	24f880d6ce64a22b0eddec875cf74359d7859a3c64578c6b39e1709a170a866d	24f880d6ce64a22b0eddec875cf74359d7859a3c64578c6b39e1709a170a866d	unchanged
guides/part-10-coreai-hardware-authoring-debugging/references/02-debugging-and-profiling.md	396	-	2103	8bcc0af67f84815c3c2f58e8ef7eedc88be7fed0243cc9646015b692afff1568	8bcc0af67f84815c3c2f58e8ef7eedc88be7fed0243cc9646015b692afff1568	unchanged
guides/part-10-coreai-hardware-authoring-debugging/references/02-debugging-and-profiling.md	397	-	2132	319810e6b93d2bfb3f9e5f1f322df676c7d51cfae0536166b83ff205577457de	319810e6b93d2bfb3f9e5f1f322df676c7d51cfae0536166b83ff205577457de	unchanged
guides/part-10-coreai-hardware-authoring-debugging/references/02-debugging-and-profiling.md	398	-	2304	7592ddf02b73ca0eac096729d8f09314096195ee2d58c5790d8dae6e58b47f92	7592ddf02b73ca0eac096729d8f09314096195ee2d58c5790d8dae6e58b47f92	unchanged
guides/part-10-coreai-hardware-authoring-debugging/references/02-debugging-and-profiling.md	399	-	2328	5eec343430c5b986b6219aab31e6484c75f0795aaaa6215c45584a519b2c90ff	5eec343430c5b986b6219aab31e6484c75f0795aaaa6215c45584a519b2c90ff	unchanged
guides/part-10-coreai-hardware-authoring-debugging/references/02-debugging-and-profiling.md	400	-	2352	167f831a6df9e3987a9cbc9f06a1979d28a41853f740463542413fe92b809107	167f831a6df9e3987a9cbc9f06a1979d28a41853f740463542413fe92b809107	unchanged
guides/part-10-coreai-hardware-authoring-debugging/references/02-debugging-and-profiling.md	401	-	2369	465779e755bdec8287cfba6df618404451e063da2000d88f0fc1fe12b980ff0a	465779e755bdec8287cfba6df618404451e063da2000d88f0fc1fe12b980ff0a	unchanged
guides/part-10-coreai-hardware-authoring-debugging/references/02-debugging-and-profiling.md	402	-	2384	c17a505c0662bbf3815a18f592c0711c61adab97493d05379aa850f44fa8e10f	c17a505c0662bbf3815a18f592c0711c61adab97493d05379aa850f44fa8e10f	unchanged
guides/part-10-coreai-hardware-authoring-debugging/references/02-debugging-and-profiling.md	403	-	2397	881a68616c5395c21e29e69508750c8dbc3e46893663f58745b43b1ab27606cf	881a68616c5395c21e29e69508750c8dbc3e46893663f58745b43b1ab27606cf	unchanged
guides/part-10-coreai-hardware-authoring-debugging/references/02-debugging-and-profiling.md	404	-	2422	43958a3fc788c7f170de44b907080db12d99c7c5ff7d903d51e3176eb8a9b4f4	43958a3fc788c7f170de44b907080db12d99c7c5ff7d903d51e3176eb8a9b4f4	unchanged
guides/part-10-coreai-hardware-authoring-debugging/references/02-debugging-and-profiling.md	405	-	2436	fdb8244389b38a7c7654c8afde356d38c5df2012c9c3c62aabb9fb0c931cf443	fdb8244389b38a7c7654c8afde356d38c5df2012c9c3c62aabb9fb0c931cf443	unchanged
guides/part-10-coreai-hardware-authoring-debugging/references/02-debugging-and-profiling.md	406	-	2449	6f65536b1496b8d45d58018e413cc8d5dc2de06c94966d7bf5436cb51912a086	6f65536b1496b8d45d58018e413cc8d5dc2de06c94966d7bf5436cb51912a086	unchanged
guides/part-10-coreai-hardware-authoring-debugging/references/02-debugging-and-profiling.md	407	-	2474	a3596e8cf86de0737707a5032863d1018ef5d4b308e02294a5d624ab62a60f04	a3596e8cf86de0737707a5032863d1018ef5d4b308e02294a5d624ab62a60f04	unchanged
guides/part-10-coreai-hardware-authoring-debugging/references/02-debugging-and-profiling.md	408	-	2486	861125ea1130ad8dea96a9601481bd0b79862e288c3d1d76b8a7fc598ed5abb8	861125ea1130ad8dea96a9601481bd0b79862e288c3d1d76b8a7fc598ed5abb8	unchanged
guides/part-10-coreai-hardware-authoring-debugging/references/02-debugging-and-profiling.md	409	-	2714	30497539d04d03815954c35055e8ad4743eeba820e3266674273389f735153f8	30497539d04d03815954c35055e8ad4743eeba820e3266674273389f735153f8	unchanged
guides/part-10-coreai-hardware-authoring-debugging/references/02-debugging-and-profiling.md	410	-	2767	7627b0110a23b2c5b51ffdc07b46a1006a98f98b483a506c9a373cf02fcb8414	7627b0110a23b2c5b51ffdc07b46a1006a98f98b483a506c9a373cf02fcb8414	unchanged
guides/part-10-coreai-hardware-authoring-debugging/references/02-debugging-and-profiling.md	411	-	2875	811473a977e77c93a7c59301735bd3caea7d0384a1bf41932e48991c5d73ae52	811473a977e77c93a7c59301735bd3caea7d0384a1bf41932e48991c5d73ae52	unchanged
guides/part-10-coreai-hardware-authoring-debugging/references/03-llm-export-end-to-end.md	412	-	278	4d2fba319584ff8a32e58a3fd08a9d817f72417ef3f2a00d0a8580e65c68dc58	4d2fba319584ff8a32e58a3fd08a9d817f72417ef3f2a00d0a8580e65c68dc58	unchanged
guides/part-10-coreai-hardware-authoring-debugging/references/03-llm-export-end-to-end.md	413	-	657	5db9de2b2f0cbe53c1c8dcbc873c1297e6b0172297d222dfe5fff88d83f13b00	5db9de2b2f0cbe53c1c8dcbc873c1297e6b0172297d222dfe5fff88d83f13b00	unchanged
guides/part-10-coreai-hardware-authoring-debugging/references/03-llm-export-end-to-end.md	414	-	702	71a74525a692afd3c9308321624c0dfae95a16478d3001246cbf0110e3c3a704	71a74525a692afd3c9308321624c0dfae95a16478d3001246cbf0110e3c3a704	unchanged
guides/part-10-coreai-hardware-authoring-debugging/references/03-llm-export-end-to-end.md	415	-	923	3960b26cac47101d673628e0cd9fb0b0c2c8d35ccaf61e9cc65137ccb25eae1a	3960b26cac47101d673628e0cd9fb0b0c2c8d35ccaf61e9cc65137ccb25eae1a	unchanged
guides/part-10-coreai-hardware-authoring-debugging/references/03-llm-export-end-to-end.md	416	-	1015	043961958e9995dc32d23fa42c72cde1ece967099ce6939a9fe9b0775888c584	043961958e9995dc32d23fa42c72cde1ece967099ce6939a9fe9b0775888c584	unchanged
guides/part-10-coreai-hardware-authoring-debugging/references/03-llm-export-end-to-end.md	417	-	1033	828679d0bacb67b2fcb7196a3af65afe421922fafb0680260cb2410ad6785a43	828679d0bacb67b2fcb7196a3af65afe421922fafb0680260cb2410ad6785a43	unchanged
guides/part-10-coreai-hardware-authoring-debugging/references/03-llm-export-end-to-end.md	418	-	1043	0bf78b0614bbb7e5fbc27daa1f154a335b7511f43dc38fd3ec9faeb637c7e562	0bf78b0614bbb7e5fbc27daa1f154a335b7511f43dc38fd3ec9faeb637c7e562	unchanged
guides/part-10-coreai-hardware-authoring-debugging/references/03-llm-export-end-to-end.md	419	-	1064	c2c1149cb43688d296f0c8a08dd8c32440bdaf4b8982734103f31c08a1c5c943	c2c1149cb43688d296f0c8a08dd8c32440bdaf4b8982734103f31c08a1c5c943	unchanged
guides/part-10-coreai-hardware-authoring-debugging/references/03-llm-export-end-to-end.md	420	-	1116	ac4634144ab5ad17290943d3028d47d9786b57c56abb3444fe9a21133c052dab	ac4634144ab5ad17290943d3028d47d9786b57c56abb3444fe9a21133c052dab	unchanged
guides/part-10-coreai-hardware-authoring-debugging/references/03-llm-export-end-to-end.md	421	-	1200	23c55a200d6eac3237b7faf21907604a4eea2282517034c9825c4dc5ab7bd5c3	23c55a200d6eac3237b7faf21907604a4eea2282517034c9825c4dc5ab7bd5c3	unchanged
guides/part-10-coreai-hardware-authoring-debugging/references/03-llm-export-end-to-end.md	422	-	1319	82c2ba387257e5781a22670fc6699ddb27ae307f1c57cade7b6290634b51846d	82c2ba387257e5781a22670fc6699ddb27ae307f1c57cade7b6290634b51846d	unchanged
guides/part-10-coreai-hardware-authoring-debugging/references/03-llm-export-end-to-end.md	423	-	1341	d293e657129b479bec44eb774a2dc3e49bbf8764d1bf9205bd23b00466a16a67	d293e657129b479bec44eb774a2dc3e49bbf8764d1bf9205bd23b00466a16a67	unchanged
guides/part-10-coreai-hardware-authoring-debugging/references/03-llm-export-end-to-end.md	424	-	1360	c980b53097cacaa5119903028f4679cb035a562c881349a041f95c582726f475	c980b53097cacaa5119903028f4679cb035a562c881349a041f95c582726f475	unchanged
guides/part-10-coreai-hardware-authoring-debugging/references/03-llm-export-end-to-end.md	425	-	1400	dc8246c69b671ba27aa541595b94a912cdcc9a279d21de3ded067b8f10ed78dc	dc8246c69b671ba27aa541595b94a912cdcc9a279d21de3ded067b8f10ed78dc	unchanged
guides/part-10-coreai-hardware-authoring-debugging/references/03-llm-export-end-to-end.md	426	-	1547	ce82f5a5239ad5be4e4c0affd39ed28df578d2a0f1f369bc8a13c36d4f050b89	ce82f5a5239ad5be4e4c0affd39ed28df578d2a0f1f369bc8a13c36d4f050b89	unchanged
guides/part-10-coreai-hardware-authoring-debugging/references/03-llm-export-end-to-end.md	427	-	1577	a0ac29dd30f4f380ab11238e53c4740ab8b5b6cdc694845c62a93c2f0f1bab1a	a0ac29dd30f4f380ab11238e53c4740ab8b5b6cdc694845c62a93c2f0f1bab1a	unchanged
guides/part-10-coreai-hardware-authoring-debugging/references/03-llm-export-end-to-end.md	428	-	1601	51ee0cb963b86e8a771172d26020b562a07e2ef437e1aecbd1dcc7ed11a77887	51ee0cb963b86e8a771172d26020b562a07e2ef437e1aecbd1dcc7ed11a77887	unchanged
guides/part-10-coreai-hardware-authoring-debugging/references/03-llm-export-end-to-end.md	429	-	1868	33546c4da796cef3086fb42817c1f8a58acfef459c8350f1b4db5633f6eb1b6b	33546c4da796cef3086fb42817c1f8a58acfef459c8350f1b4db5633f6eb1b6b	unchanged
guides/part-10-coreai-hardware-authoring-debugging/references/03-llm-export-end-to-end.md	430	-	1895	8c27965c620df0762911eff098e9832d9341172416b48b15719ecb365ca7e7e3	8c27965c620df0762911eff098e9832d9341172416b48b15719ecb365ca7e7e3	unchanged
guides/part-10-coreai-hardware-authoring-debugging/references/03-llm-export-end-to-end.md	431	-	2075	0301a79f4b727353ac48695f2d22f2eff04a12691eea40b87efeadc460cb5db4	0301a79f4b727353ac48695f2d22f2eff04a12691eea40b87efeadc460cb5db4	unchanged
guides/part-10-coreai-hardware-authoring-debugging/references/03-llm-export-end-to-end.md	432	-	2087	e1afbd7812efb4c9a7b35a6189b66b511f6f53834cc5426f6cf17916c5785860	e1afbd7812efb4c9a7b35a6189b66b511f6f53834cc5426f6cf17916c5785860	unchanged
guides/part-10-coreai-hardware-authoring-debugging/references/03-llm-export-end-to-end.md	433	-	2117	f04d5ce96f1f11aafd7d335740132512c83259729341b11ea86fcbefbc65789a	f04d5ce96f1f11aafd7d335740132512c83259729341b11ea86fcbefbc65789a	unchanged
guides/part-10-coreai-hardware-authoring-debugging/references/03-llm-export-end-to-end.md	434	-	2161	2ada1e2d30284df569916e4c1802adcacc76e1cc28393658141330f5bfa0f228	2ada1e2d30284df569916e4c1802adcacc76e1cc28393658141330f5bfa0f228	unchanged
guides/part-10-coreai-hardware-authoring-debugging/references/03-llm-export-end-to-end.md	435	-	2192	764acbd2d79559a67e6ec9bb378030f5dcee5afde506cb55947e6d9f0fbd44cc	764acbd2d79559a67e6ec9bb378030f5dcee5afde506cb55947e6d9f0fbd44cc	unchanged
guides/part-10-coreai-hardware-authoring-debugging/references/03-llm-export-end-to-end.md	436	-	2220	39dd2b3a170a246373ab1b7c61d160bb3f768a4e0e1386187b8f5815b3ad9e74	39dd2b3a170a246373ab1b7c61d160bb3f768a4e0e1386187b8f5815b3ad9e74	unchanged
guides/part-10-coreai-hardware-authoring-debugging/references/03-llm-export-end-to-end.md	437	-	2251	8531735b525fc841d37cef402ea1cf6b21c49107708b383af21d4fd70a46e2d3	8531735b525fc841d37cef402ea1cf6b21c49107708b383af21d4fd70a46e2d3	unchanged
guides/part-10-coreai-hardware-authoring-debugging/references/03-llm-export-end-to-end.md	438	-	2343	4c0b8d09221ff0bc2e131067c07a050fa82af599dc351c8e9e6d4e9a046d2282	4c0b8d09221ff0bc2e131067c07a050fa82af599dc351c8e9e6d4e9a046d2282	unchanged
guides/part-10-coreai-hardware-authoring-debugging/references/03-llm-export-end-to-end.md	439	-	3625	2cd8ef1307ffaf348d9c4c37ee69f336dc5fcfb43368c420b5b9f32498a94979	2cd8ef1307ffaf348d9c4c37ee69f336dc5fcfb43368c420b5b9f32498a94979	unchanged
guides/part-10-coreai-hardware-authoring-debugging/references/03-llm-export-end-to-end.md	440	-	3647	00dc73eaf4517f03cb9a1cc3e64205992771b00d39bb9d6db73613c75a75af8f	00dc73eaf4517f03cb9a1cc3e64205992771b00d39bb9d6db73613c75a75af8f	unchanged
guides/part-17-migration-from-pre-ios-27/references/01-what-changed-checklist.md	441	-	2179	5de978ae193d10c92fd02cc50f42283b0232c797024e73506f9dc6a59ed0b7d3	5de978ae193d10c92fd02cc50f42283b0232c797024e73506f9dc6a59ed0b7d3	unchanged
guides/part-17-migration-from-pre-ios-27/references/01-what-changed-checklist.md	442	-	2216	c5ff2d959cce64c0958c6216023d53d2692df506c190fd03860347be7c9092be	c5ff2d959cce64c0958c6216023d53d2692df506c190fd03860347be7c9092be	unchanged
guides/part-17-migration-from-pre-ios-27/references/05-coreml-to-coreai.md	443	-	1063	b928c858834e1f45a01bcdfe64aa03de750408ed02ea31493aa8a0a71c258c62	b928c858834e1f45a01bcdfe64aa03de750408ed02ea31493aa8a0a71c258c62	unchanged
guides/part-17-migration-from-pre-ios-27/references/05-coreml-to-coreai.md	444	-	1217	948ae5b078dd58c33ddf14a072d83d9ef811b680ca5109e1503fdda40ea368ae	948ae5b078dd58c33ddf14a072d83d9ef811b680ca5109e1503fdda40ea368ae	unchanged
guides/part-17-migration-from-pre-ios-27/references/05-coreml-to-coreai.md	445	-	1305	e90b3a5a903177482883f9bf14a4b499ba9e087a0fa2d8cc7a7106bdeef86c78	e90b3a5a903177482883f9bf14a4b499ba9e087a0fa2d8cc7a7106bdeef86c78	unchanged
guides/part-17-migration-from-pre-ios-27/references/05-coreml-to-coreai.md	446	-	1756	ed3ee1653d6a5a0001b5466b532ff96099f8d3155b7f64b5e8a33fc3c74bce48	ed3ee1653d6a5a0001b5466b532ff96099f8d3155b7f64b5e8a33fc3c74bce48	unchanged
guides/part-17-migration-from-pre-ios-27/references/05-coreml-to-coreai.md	447	-	1792	6af31c076b55a6f07ddcd79455e5feff1f669b129f7e7a62d34af78c415b299f	6af31c076b55a6f07ddcd79455e5feff1f669b129f7e7a62d34af78c415b299f	unchanged
guides/part-17-migration-from-pre-ios-27/references/06-toolchain-and-asset-compatibility.md	448	-	387	2d9f4311db1dbf0f2432a510609620e298ae047106121e16488e963f183c099e	2d9f4311db1dbf0f2432a510609620e298ae047106121e16488e963f183c099e	unchanged
guides/part-17-migration-from-pre-ios-27/references/06-toolchain-and-asset-compatibility.md	449	-	398	0858214d1f3e8133beb4e1eae590ece848b1927afea33c023a675c6fa9f667df	0858214d1f3e8133beb4e1eae590ece848b1927afea33c023a675c6fa9f667df	unchanged
guides/part-17-migration-from-pre-ios-27/references/06-toolchain-and-asset-compatibility.md	450	-	517	1d8ac10e9b16f26bd21d99dc371fc963a772eda38e3cf6b6dc102abe11b47333	1d8ac10e9b16f26bd21d99dc371fc963a772eda38e3cf6b6dc102abe11b47333	unchanged
guides/part-17-migration-from-pre-ios-27/references/06-toolchain-and-asset-compatibility.md	451	-	599	84450b6026b22aa45bf099dda99dc07f8304be7223686820bf0cd08ca1f9eaf6	84450b6026b22aa45bf099dda99dc07f8304be7223686820bf0cd08ca1f9eaf6	unchanged
guides/part-17-migration-from-pre-ios-27/references/06-toolchain-and-asset-compatibility.md	452	-	703	3e48f2158c31f6550c85576bf4107a3e09e28699c54b309cb115509314d1bbf3	3e48f2158c31f6550c85576bf4107a3e09e28699c54b309cb115509314d1bbf3	unchanged
guides/part-17-migration-from-pre-ios-27/references/06-toolchain-and-asset-compatibility.md	453	-	734	430f3d994625030430dec8455d43ee889df7e53cbfd56260585e54365c7095da	430f3d994625030430dec8455d43ee889df7e53cbfd56260585e54365c7095da	unchanged
guides/part-17-migration-from-pre-ios-27/references/06-toolchain-and-asset-compatibility.md	454	-	759	1b75093105cfc01d22cf4206a64d4627dec34129760be8f52274801d409ba78e	1b75093105cfc01d22cf4206a64d4627dec34129760be8f52274801d409ba78e	unchanged
guides/part-17-migration-from-pre-ios-27/references/06-toolchain-and-asset-compatibility.md	455	-	767	cd7ecd3a792b4703aa9e135e87982d8a4ac953695c8c92ec66bb3cd7e175e05b	cd7ecd3a792b4703aa9e135e87982d8a4ac953695c8c92ec66bb3cd7e175e05b	unchanged
guides/part-17-migration-from-pre-ios-27/references/06-toolchain-and-asset-compatibility.md	456	-	838	f0b7f678b66f1e5dfba31ce4e9b206576d137270cd164a7a9533460fc9084c60	f0b7f678b66f1e5dfba31ce4e9b206576d137270cd164a7a9533460fc9084c60	unchanged
guides/part-17-migration-from-pre-ios-27/references/06-toolchain-and-asset-compatibility.md	457	-	919	95d1db2362803e0de85b0d70740a3ae03d43585fd39462f9020f61cb85640e8a	95d1db2362803e0de85b0d70740a3ae03d43585fd39462f9020f61cb85640e8a	unchanged
guides/part-17-migration-from-pre-ios-27/references/06-toolchain-and-asset-compatibility.md	458	-	966	488e68ea157100f299a563876764a64cff30a9dde58df41e7d1e96f6509a0393	488e68ea157100f299a563876764a64cff30a9dde58df41e7d1e96f6509a0393	unchanged
guides/part-17-migration-from-pre-ios-27/references/06-toolchain-and-asset-compatibility.md	459	-	1088	9956911accf2ddb6fddfd40cef9e58523fd7f721ddae6e1e4d9b439624769ba0	9956911accf2ddb6fddfd40cef9e58523fd7f721ddae6e1e4d9b439624769ba0	unchanged
guides/part-17-migration-from-pre-ios-27/references/06-toolchain-and-asset-compatibility.md	460	-	2198	2e27ef3da6334d987e49491c67d61a05b3398e9189210fb28595e93839e4743d	2e27ef3da6334d987e49491c67d61a05b3398e9189210fb28595e93839e4743d	unchanged
guides/part-17-migration-from-pre-ios-27/references/06-toolchain-and-asset-compatibility.md	461	-	2243	48a20f6629087b5477ddbab9ac2d218379b3a94705ea43f162c74e3354bac2dc	48a20f6629087b5477ddbab9ac2d218379b3a94705ea43f162c74e3354bac2dc	unchanged
guides/part-17-migration-from-pre-ios-27/references/06-toolchain-and-asset-compatibility.md	462	-	2296	067790f545ae03180029f41f6a63171806e0e47b3d8bfd40fdbe6cdda74c2d07	067790f545ae03180029f41f6a63171806e0e47b3d8bfd40fdbe6cdda74c2d07	unchanged
guides/part-17-migration-from-pre-ios-27/references/06-toolchain-and-asset-compatibility.md	463	-	2400	1a358e8416b26daf3afa84a023d4463c96091c9dcda0ffb4f0dfa7bf509103e8	1a358e8416b26daf3afa84a023d4463c96091c9dcda0ffb4f0dfa7bf509103e8	unchanged
