file	line	callout_id	content_hash	disposition	symptom_id
README.md	274	callout-dff15e37f36fe5d6	4f43f7cbf79c311538aa8d3cfb7424173501a07dc5cd2129c529730993d642d4	unchanged identity and body	caution-note
part-01-orientation-and-gating/README.md	89	callout-587c427e3ce065c1	be9586a210a51cff34e7dc99458fe8fbbc825a82708d2921e1636a237edb0fe1	unchanged identity and body	footgun-api
part-01-orientation-and-gating/README.md	128	callout-e8d973b6bfbf02af	c1c14c832b84c89cc544d1007d7f2c0911901d0d95951dad81b477f1c750c304	unchanged identity and body	version-drift
part-01-orientation-and-gating/references/01-apple-ai-stack-2026-map.md	402	callout-43cde12e843c67d4	61c495bfc4539d878b1b086cca24519b197f962014e25bfc89a5914cba43b57c	unchanged identity and body	docs-vs-reality
part-01-orientation-and-gating/references/01-apple-ai-stack-2026-map.md	530	callout-38d4b131645ff070	1ca6ad20db347994452a49e096594d989d781181b9cad0f75f303f7f8649c700	unchanged identity and body	docs-vs-reality
part-01-orientation-and-gating/references/01-apple-ai-stack-2026-map.md	631	callout-2adf0caeb3043fa5	4f499c4e5952f39554bafa5377f4593aff284a54d3aef14671d0f24fbcd183ec	unchanged identity and body	docs-vs-reality
part-01-orientation-and-gating/references/01-apple-ai-stack-2026-map.md	655	callout-ee3fcab29748913d	8af51501c04576484e15100961c95107e96b1f202de2fad9dd72acf5f96b3ed8	unchanged identity and body	caution-note
part-01-orientation-and-gating/references/01-apple-ai-stack-2026-map.md	775	callout-27084d952cceac6b	73a5bc0b17e061f2afe7d2e579bee3172013c7c6bd7056b6db7fa2e494913d43	unchanged identity and body	version-drift
part-01-orientation-and-gating/references/01-apple-ai-stack-2026-map.md	792	callout-8e04eec073cbf8d0	04079bad50a721cdd6f980e5e819c1ab90f061fc02c8359e0479d9fdc00af6fb	unchanged identity and body	caution-note
part-01-orientation-and-gating/references/01-apple-ai-stack-2026-map.md	808	callout-5c98f6b3c9ee6ac1	088876044482212862a73254fe20ed1b818ad502dd7a2175ea7849518e3adc1b	unchanged identity and body	caution-note
part-01-orientation-and-gating/references/01-apple-ai-stack-2026-map.md	881	callout-776a611a86a52d70	e165b5a3d5853268346af6acbba61bc2d2e5045a39ff813ce2cdc2fdfdafddef	unchanged identity and body	ignored-input
part-01-orientation-and-gating/references/01-apple-ai-stack-2026-map.md	1060	callout-2665593081367b63	b13ee339bab5906e56839bb72c53c0eb5c0617a1b11c5f01897dd9679cc41ec0	unchanged identity and body	caution-note
part-01-orientation-and-gating/references/01-apple-ai-stack-2026-map.md	1068	callout-9f7687cd407f4f65	c9d6d7826ab99c043acf1275bebf08da72f416bc250ae807f06e50527d24a187	unchanged identity and body	caution-note
part-01-orientation-and-gating/references/01-apple-ai-stack-2026-map.md	1069	callout-96941e10290bfe40	c3086546cafc2fc81bef6caee482cdfcdf095299234da2b1b72836a6a046b8ae	unchanged identity and body	caution-note
part-01-orientation-and-gating/references/01-apple-ai-stack-2026-map.md	1070	callout-c90aa2e7f7fcf0a6	aeef61fd86aecc44db72e45156e90ae0bb535c86f6fc07ba089d7e103fa95af4	unchanged identity and body	caution-note
part-01-orientation-and-gating/references/01-apple-ai-stack-2026-map.md	1071	callout-1d749aa29d0d26cb	9b586e00cc6aa0b1e7e92d0e71464212f27a4c2eb31fc61119a1f8d73bed790f	unchanged identity and body	caution-note
part-01-orientation-and-gating/references/01-apple-ai-stack-2026-map.md	1073	callout-a1f534dddc06919a	488ca35281e651b1b654670416265c2358c8ad3e083b8f1f283da01ab60cc111	unchanged identity and body	caution-note
part-01-orientation-and-gating/references/01-apple-ai-stack-2026-map.md	1074	callout-b30d3b4c3bcafa14	e4ef07b0908ea8e0727f1abd3ff2422c0eef8c0fac0916efb4cfb05b7127e97e	unchanged identity and body	perf-cliff
part-01-orientation-and-gating/references/01-apple-ai-stack-2026-map.md	1075	callout-25ca2ef7920a10bb	fd8b0b7fe035d2ee973afdf9eedefe3128f02f4fbbebd34e96bbce80be15c642	unchanged identity and body	caution-note
part-01-orientation-and-gating/references/01-apple-ai-stack-2026-map.md	1076	callout-154deeb42cb1574e	547565048f1654c66f713123d16b743584e9495916398dc73cbd7aebd18092af	unchanged identity and body	perf-cliff
part-01-orientation-and-gating/references/01-apple-ai-stack-2026-map.md	1080	callout-fa09a4921162ca4c	72b4f1d66be5aa9896ba1495e550e34054c7a3ec6baa0c49318288927983648f	unchanged identity and body	footgun-api
part-01-orientation-and-gating/references/01-apple-ai-stack-2026-map.md	1094	callout-7de24771636727ad	837e394eaf4626a136bce5ecc162c81cb184159b865d0f09d4889f742368ef3a	unchanged identity and body	caution-note
part-01-orientation-and-gating/references/01-apple-ai-stack-2026-map.md	1101	callout-af674e6c2de02a3a	237066963d1d0da0e4dd017cc8db84b6f009c471590671f7cc788652842bc525	unchanged identity and body	caution-note
part-01-orientation-and-gating/references/01-apple-ai-stack-2026-map.md	1158	callout-4521ccef3ae4aead	40d354eab0afed737b76559172e552542b3197cfb23a9fa8c4271a93717f1275	unchanged identity and body	perf-cliff
part-01-orientation-and-gating/references/01-apple-ai-stack-2026-map.md	1178	callout-b3af5870b835cde8	1cb2061703e0cc92a7874ac220a1981928ac8fc86eaf542ef7ac9900551049f0	unchanged identity and body	perf-cliff
part-01-orientation-and-gating/references/01-apple-ai-stack-2026-map.md	1244	callout-bb1c3af756bc8f99	77cde24a73744eab1a40a95318e7157a1be67cf6f73cc62223da891e89f05de0	unchanged identity and body	misleading-signal
part-01-orientation-and-gating/references/01-apple-ai-stack-2026-map.md	1278	callout-794dd817db010ec2	e930f2f8e4dc99f4589803e2bfe9136bd131bbc7c00a7d17183da7098b878718	unchanged identity and body	misleading-signal
part-01-orientation-and-gating/references/01-apple-ai-stack-2026-map.md	1377	callout-cb11ea58da40aeaa	e008be3a1dd3fb3ccf31d787aaab8c0d3a6e6e169f3ea0b794672b13790d847b	unchanged identity and body	caution-note
part-01-orientation-and-gating/references/01-apple-ai-stack-2026-map.md	1539	callout-be9f78225ae3a869	47ca5296e29a2ff632a48b0a5e81220d767c940ccf89484ec9d2ed71f8620f76	unchanged identity and body	footgun-api
part-01-orientation-and-gating/references/02-platform-and-version-gating.md	22	callout-8c8fddd1267d2afc	15ca382d936a87dd5052a2263480ae41c8feae1f285209aad42d60ee15900c17	unchanged identity and body	caution-note
part-01-orientation-and-gating/references/02-platform-and-version-gating.md	85	callout-2a7d02c8957073a3	8d8c8fb9b1ca870ed3a34885677359be5c5c980bb0c4c99439ada0c818f0f7e6	unchanged identity and body	docs-vs-reality
part-01-orientation-and-gating/references/02-platform-and-version-gating.md	178	callout-bdca9925eeb120a2	6aef9c218cce3a7ef5163e652b1c857a2aa10ad5134ffc7ef8aa27b7849a2aa7	unchanged identity and body	docs-vs-reality
part-01-orientation-and-gating/references/02-platform-and-version-gating.md	221	callout-4730d469c8e7beff	a6e2899389427920505976710f9dc26aa163940423786a54d933de1d8525e5fc	unchanged identity and body	version-drift
part-01-orientation-and-gating/references/02-platform-and-version-gating.md	338	callout-846ac5ac77f4d25b	e93deccbb8ebdad827009e269e18b00ea06a626dc05b6c9947eef59955c96ee7	unchanged identity and body	version-drift
part-01-orientation-and-gating/references/02-platform-and-version-gating.md	340	callout-a196c2ce2fe87c83	1f60b6a945d31d35309f5601da126ee1f834bf821d2c0e88ca50c286d9f07f32	unchanged identity and body	version-drift
part-01-orientation-and-gating/references/02-platform-and-version-gating.md	377	callout-31319eebcd11fcb6	02121bb565ca66542e093b14d96c0d4eb6c47bbdf8e0a4d188e4467181179142	unchanged identity and body	version-drift
part-01-orientation-and-gating/references/02-platform-and-version-gating.md	390	callout-d1b2506d276f03de	dcb9edd9cca70b2e1058b3de3afacc646ce5764224892dc816f074339a8060e0	unchanged identity and body	version-drift
part-01-orientation-and-gating/references/02-platform-and-version-gating.md	459	callout-a568ec696779e173	9dd3359a928697ac0ae67ca0417496e11cbd4af82f1d610ff921baf292eb6c8c	unchanged identity and body	docs-vs-reality
part-01-orientation-and-gating/references/02-platform-and-version-gating.md	508	callout-baf40a710dc281a2	220841c985faa356a004e7ec0cb1b6bf4c0ac3c52809ba2441c19c344689bc3e	unchanged identity and body	perf-cliff
part-01-orientation-and-gating/references/02-platform-and-version-gating.md	602	callout-a1fc68a9a8f0a5da	7d52fb899ef830f5cfadf935ed244bfb554a2e36123097b3fbea701bb967da4b	unchanged identity and body	perf-cliff
part-01-orientation-and-gating/references/02-platform-and-version-gating.md	1032	callout-5e31f57b3b3fb22d	1d08c87156e91a4f163ef368dfb948d798c97d1ba802e8d5506866d30efcb8d1	unchanged identity and body	misleading-signal
part-01-orientation-and-gating/references/02-platform-and-version-gating.md	1034	callout-134c594e14e6bde3	684f4ebf222a7f97107c2f0a9ba7ed4dda7e8a47079c067a94a7363d74db388c	unchanged identity and body	misleading-signal
part-01-orientation-and-gating/references/02-platform-and-version-gating.md	1096	callout-813e75e076748aa8	3674024c3ec6860c02e476e2c18ad40883435c2982f436e15039225d3287c9e1	unchanged identity and body	caution-note
part-01-orientation-and-gating/references/02-platform-and-version-gating.md	1166	callout-da5700e99b13fdcb	929dbbe77bf623fd3eeeac40413bdaac359d4361b941459a039c4264e4b342ae	unchanged identity and body	runtime-unavailable
part-01-orientation-and-gating/references/02-platform-and-version-gating.md	1255	callout-11af50d01bff618d	dc784bffb200157347b73296f0f117c97e57fbe80b36a37817c16c4566f4a6a9	unchanged identity and body	misleading-signal
part-01-orientation-and-gating/references/02-platform-and-version-gating.md	1256	callout-3bf8a332dffa4337	28772c3fc0b29c2689ceac5910753b85ecae05b3c56bb230f175e28e7ad8e227	unchanged identity and body	misleading-signal
part-01-orientation-and-gating/references/02-platform-and-version-gating.md	1259	callout-5c8b8fc7c5e08c3c	63965faff4acd060df52cafedf7d1dcdd8b9a6b5bcd2bb43a15b3fddb26f6acd	unchanged identity and body	perf-cliff
part-01-orientation-and-gating/references/02-platform-and-version-gating.md	1260	callout-f436eca62982e88d	4712a70e9ab20e3db359b4f7944ce29cfd71bee432924901c536ed3d14457b31	unchanged identity and body	misleading-signal
part-01-orientation-and-gating/references/02-platform-and-version-gating.md	1449	callout-7cb2ab77919ac6a4	fdb66aef7d06d2d570defb665a188780706f6223246ee9c52918ab54e06c604b	unchanged identity and body	misleading-signal
part-02-foundation-models-everyday-api/README.md	73	callout-cfe0e597930c54e2	b8295fb1b57a4aaa5d212bdfe4416abb828e2723fe2936a55162285b516ceb4e	unchanged identity and body	garbage-output
part-02-foundation-models-everyday-api/README.md	87	callout-2331d99150dea272	aeeee4a9db1427fc4e3011637e6c09e4902e707292ad926d897a58d298664ea8	unchanged identity and body	ignored-input
part-02-foundation-models-everyday-api/README.md	109	callout-c83482229e74d536	9a3d98f643a75d17cd8004aabf6a16a230ab9f4b033596c4bb10fdcdbc3fb01c	unchanged identity and body	footgun-api
part-02-foundation-models-everyday-api/README.md	143	callout-4ab81a46f3ff0db0	2f566f021ac14fd35c9fbfec0f54d78a3c9f876eb67feb680cfe5c26c5069a61	unchanged identity and body	garbage-output
part-02-foundation-models-everyday-api/README.md	178	callout-e171b47bf0c90dcf	d87e7c541d5c302f6a14b1399497ecc84ff978e12cff4c2d1e14b99b5f203168	unchanged identity and body	garbage-output
part-02-foundation-models-everyday-api/README.md	203	callout-572571a90b940689	fabd992f19a357dafaf89a459d1ac52b51e59b624ce526b32dbb5007fc27528a	unchanged identity and body	misleading-signal
part-02-foundation-models-everyday-api/references/01-sessions-and-prompting.md	493	callout-5fb01ca2032dcc4b	665eb154ff375b0e64ba762d6eafe992f5e7548a73e40bfd992ec77acf96d0f3	unchanged identity and body	footgun-api
part-02-foundation-models-everyday-api/references/01-sessions-and-prompting.md	512	callout-bc216217f87ae4fd	8734597b6a93a3e917378c673ffa3e3e98c02beeeecda5f8b939995a71e8f293	unchanged identity and body	caution-note
part-02-foundation-models-everyday-api/references/01-sessions-and-prompting.md	589	callout-3e27fae26aef2055	655c601d61d188077dc8385b7f20cd36dfe156fcd43a4ecafe4fc2d3237eeba3	unchanged identity and body	garbage-output
part-02-foundation-models-everyday-api/references/01-sessions-and-prompting.md	765	callout-da7fc782dc7c5678	96f73acc57d6f637d9cb758a0dd7561c1a11a60c9c298269ff3de2edb4551e94	unchanged identity and body	garbage-output
part-02-foundation-models-everyday-api/references/01-sessions-and-prompting.md	1087	callout-bfec4e8195f42c65	9a15292b12af490a212903d065eb79aac0c6fc23123937de678e06c633a06ded	unchanged identity and body	empty-output
part-02-foundation-models-everyday-api/references/01-sessions-and-prompting.md	1211	callout-536416e5bd8dd535	6694f965986646349d454781bad8d0fa088aa652c1d3b2b80a88408e777d401d	unchanged identity and body	caution-note
part-02-foundation-models-everyday-api/references/01-sessions-and-prompting.md	1373	callout-6df6b56ecc86dc36	8ae74d51a6e730d2ba742cf5e5541d3de5c7412be71679d694cc2a5359d34040	unchanged identity and body	version-drift
part-02-foundation-models-everyday-api/references/01-sessions-and-prompting.md	1413	callout-ae992873d0fb1e99	0c2b92b3ae7b9d093e8d5ce40c785546f6b33715f726879c33a2c56dfcd15e33	unchanged identity and body	misleading-signal
part-02-foundation-models-everyday-api/references/01-sessions-and-prompting.md	1644	callout-30cce13c53d03248	c5ef0aa03d648f3b380e4b7c9c608a480e3b09123362f5b0327ac585d6284a48	unchanged identity and body	silent-truncation
part-02-foundation-models-everyday-api/references/01-sessions-and-prompting.md	1679	callout-9307092724c6bb7d	2408a943fe03e80eb69d0cfb7dd5ebb114632631ecb5d58adb89df5370951257	unchanged identity and body	footgun-api
part-02-foundation-models-everyday-api/references/01-sessions-and-prompting.md	1879	callout-8ff0303ab42c4354	234bdb2b49546ba23032fcf26fb70bc82ab0046cf90919ff172e6dcdfc7703c6	unchanged identity and body	version-drift
part-02-foundation-models-everyday-api/references/01-sessions-and-prompting.md	1934	callout-3996ccc97003af0b	7c6cf1397e46466825e397cc4523043aa81691a84cfe4448eb20cd061756baa0	unchanged identity and body	caution-note
part-02-foundation-models-everyday-api/references/01-sessions-and-prompting.md	1955	callout-45e25ec7b181dc77	1bb00afae3677b1a6543b47505902ed1cc4f6ac7110640180a1a7683153430ae	unchanged identity and body	version-drift
part-02-foundation-models-everyday-api/references/01-sessions-and-prompting.md	1961	callout-948101171cff596a	f64bc82359449a760cd8880329f9d26aae847e12a07b371d6e85177bef94ae10	unchanged identity and body	version-drift
part-02-foundation-models-everyday-api/references/01-sessions-and-prompting.md	2708	callout-4f2ddffc552b4d4c	378230164fb566642992434ee7f7457092eb2a232f1b7af4e6450980deb032ec	unchanged identity and body	version-drift
part-02-foundation-models-everyday-api/references/02-guided-generation-and-streaming.md	41	callout-5d2afdfa0dbbd034	792ef2b97d816849a1047ce0dfcc6a18b5bef7fee68f525e2b2267ffa3179ef1	unchanged identity and body	ignored-input
part-02-foundation-models-everyday-api/references/02-guided-generation-and-streaming.md	43	callout-3226430b11f13de9	4363c0575116c5ca33de9cc85f52fa90cd0179e36e20434d48959a6363311f4a	unchanged identity and body	runtime-unavailable
part-02-foundation-models-everyday-api/references/02-guided-generation-and-streaming.md	221	callout-c3811f1ceaa3ed8b	ca6b067350edbf659dde469d9d5d208960bab95798248755079bf5b0e420e62e	unchanged identity and body	docs-vs-reality
part-02-foundation-models-everyday-api/references/02-guided-generation-and-streaming.md	317	callout-f2779d0b7e3842cb	84191119989d0bcb7136ee63131494d7a06043c07d67c1e73d451976b2a37c31	unchanged identity and body	footgun-api
part-02-foundation-models-everyday-api/references/02-guided-generation-and-streaming.md	435	callout-65a96ec62d3af5cc	a00cde97bf6ce090871e5618b7d18e7caa528619dfd41feaa9b736b4456b23ea	unchanged identity and body	footgun-api
part-02-foundation-models-everyday-api/references/02-guided-generation-and-streaming.md	515	callout-8692758bf81670b0	5eb39dac3c7f75ee937711b8f3e4eefd379554c0edd6afc969472060872211b8	unchanged identity and body	caution-note
part-02-foundation-models-everyday-api/references/02-guided-generation-and-streaming.md	579	callout-81403e8d24439c2d	bcaf9874f65634438250b9b0c37cefee7c0abf44a347a96bddd5ebe26ee2c35b	unchanged identity and body	version-drift
part-02-foundation-models-everyday-api/references/02-guided-generation-and-streaming.md	613	callout-0aacde06eac732f9	8f57c301d2f63a8c91830de46531d88f3aeff4de805856107540c530f0e0a501	unchanged identity and body	docs-vs-reality
part-02-foundation-models-everyday-api/references/02-guided-generation-and-streaming.md	620	callout-fdc97ab7feabc1a9	68cf159404be7c7fb6900f8d6bac53125c7c3d2ca98269019b1c1dd65b6d5957	unchanged identity and body	ignored-input
part-02-foundation-models-everyday-api/references/02-guided-generation-and-streaming.md	622	callout-29353a490ee4d1ef	5d1cb91e0ab6474a69f90e4dd74e51c2a7ea37f71e5c2b402696d2c828a39b50	unchanged identity and body	ignored-input
part-02-foundation-models-everyday-api/references/02-guided-generation-and-streaming.md	759	callout-a7981b127e9967ee	592970d95234046886e0cdb67ac8475d2dd0d7a12c2fa5b56b8639cbf3aecb86	unchanged identity and body	footgun-api
part-02-foundation-models-everyday-api/references/02-guided-generation-and-streaming.md	1137	callout-e32978eef0d1b526	c132ca6a635cebba4029c3efb1e16ad581d5cd2361242ae8f1207449c831414b	unchanged identity and body	caution-note
part-02-foundation-models-everyday-api/references/02-guided-generation-and-streaming.md	1166	callout-f7ba99874336caa3	0aab1f67fc543e652e026940dea8bc07d7a596ac909894adac3a602a5fe3b8f7	unchanged identity and body	runtime-unavailable
part-02-foundation-models-everyday-api/references/02-guided-generation-and-streaming.md	1168	callout-55dcd3f0835fc5d8	533272647e56da96a78c2c7657f25c9d98e8232743cb19aba1a8397de9309162	unchanged identity and body	runtime-unavailable
part-02-foundation-models-everyday-api/references/02-guided-generation-and-streaming.md	1424	callout-b515c9205238dfdb	c5de7b832fef3d2208af55e87c2d78c6ca646e25cb122b4c68eda734382762ae	unchanged identity and body	misleading-signal
part-02-foundation-models-everyday-api/references/02-guided-generation-and-streaming.md	1733	callout-48fa1e833531c3fc	12eebed161792e40d0fe65563413c35cadd679accd8a5f63ebbce01e8f6db344	unchanged identity and body	empty-output
part-02-foundation-models-everyday-api/references/02-guided-generation-and-streaming.md	1822	callout-03b7b310e3a66edc	b9eb22b0a898d0877a3f0ae41e36d05561c965d72b8052d7b08f4e8bd2ea1689	unchanged identity and body	footgun-api
part-02-foundation-models-everyday-api/references/02-guided-generation-and-streaming.md	1841	callout-aed42386fb59293a	f86a0b49ad2c971f4969f003f781e6f9b64eaf33e43e84ca9b54d72ff418b4c9	unchanged identity and body	version-drift
part-02-foundation-models-everyday-api/references/02-guided-generation-and-streaming.md	1980	callout-f29f69238ace3e4d	954493650f801590a0c18e8405d6bb791f739f0aeac9fb10945e6b28082e7b9d	unchanged identity and body	docs-vs-reality
part-02-foundation-models-everyday-api/references/02-guided-generation-and-streaming.md	2088	callout-149b52c8b07e9ae6	3117bd4b98d8d74f280ae74385213614446d83d7d3d7cf1e646698f89c257614	unchanged identity and body	caution-note
part-02-foundation-models-everyday-api/references/02-guided-generation-and-streaming.md	2100	callout-5c575bbc9ba057cc	bf4645c6f8ca6010e59522806401a9b3fbdac08f7d2da5897e90cab5fe63439a	unchanged identity and body	empty-output
part-02-foundation-models-everyday-api/references/02-guided-generation-and-streaming.md	2102	callout-0abce27fb55278e5	4965d4e906581b7ced6608afce728f72136d624af9649b7c4b5230b7d0e33939	unchanged identity and body	empty-output
part-02-foundation-models-everyday-api/references/02-guided-generation-and-streaming.md	2173	callout-d67a17aca9111cd0	527d58e272a19728d2b3a9d721599c5c6f421ece39eb15ad71c1124131813844	unchanged identity and body	empty-output
part-02-foundation-models-everyday-api/references/02-guided-generation-and-streaming.md	2218	callout-3228cc93b9c626d5	2c4a80245d7eb8cf7d32d161054b5b11639ddd20c516bd6d32d1175447d9dc62	unchanged identity and body	caution-note
part-02-foundation-models-everyday-api/references/02-guided-generation-and-streaming.md	2241	callout-8a6aee12ca087680	6293eef49ea05a4199d3a9fedfdebbc49d81ba3c32c789dbf94655a66b709d90	unchanged identity and body	garbage-output
part-02-foundation-models-everyday-api/references/02-guided-generation-and-streaming.md	2406	callout-28e5c79570087791	8b0d468f39b4d1c9cafec70c89e58903fe2095046dcf81d01f340df90e7cfc47	unchanged identity and body	docs-vs-reality
part-02-foundation-models-everyday-api/references/02-guided-generation-and-streaming.md	2564	callout-6e4533e40b68cca3	1b841e584f0653212d2dac610678b99468e3c4a2909b030718d67fa74c2e2580	unchanged identity and body	ignored-input
part-02-foundation-models-everyday-api/references/02-guided-generation-and-streaming.md	2636	callout-3ebde3a2473f9d0f	187f78e45586c87a74cd5aefe3d8ecefc191225ce65ae22b5b5935c508a175a1	unchanged identity and body	caution-note
part-02-foundation-models-everyday-api/references/02-guided-generation-and-streaming.md	2638	callout-82ba04e45636308f	aae040b0a8915e24a49e9deff256563508f7c37003de7ab347e771e8ba122de0	unchanged identity and body	ignored-input
part-02-foundation-models-everyday-api/references/02-guided-generation-and-streaming.md	2676	callout-ee02e6aca6faf5d1	5317c33d5eba2d3d6399a1f1fd3df1715232b402dd520071e7ec7a20a9c08fda	unchanged identity and body	footgun-api
part-02-foundation-models-everyday-api/references/02-guided-generation-and-streaming.md	2738	callout-65204361173db5a9	fe1edd6ac4ef4317aa89d6ffb34fb2e204ed174f85c68f7caa7e97aeede3b46e	unchanged identity and body	caution-note
part-02-foundation-models-everyday-api/references/03-tools-and-tool-calling.md	39	callout-e8f82dd997d73074	cafd86706d3fe93457b168cfc8087fa5c9b029e5b722cdc3f506cf3e0ece90da	unchanged identity and body	caution-note
part-02-foundation-models-everyday-api/references/03-tools-and-tool-calling.md	69	callout-704f830d68625637	eca6863f9caa345a1be2f1c10915b535354280b1326c9ecf989ae62733d1c398	unchanged identity and body	footgun-api
part-02-foundation-models-everyday-api/references/03-tools-and-tool-calling.md	70	callout-696eb5f2bbc0888c	6873bac12ef9a19fa2f0c61a52514244d148e1fd20cdaf2be50565b64cf02fda	unchanged identity and body	footgun-api
part-02-foundation-models-everyday-api/references/03-tools-and-tool-calling.md	125	callout-9dfc96e347713a3e	1d753fc898432b888893be21e5af1192c5dad15a7f78071041b71fc2085e566b	unchanged identity and body	empty-output
part-02-foundation-models-everyday-api/references/03-tools-and-tool-calling.md	616	callout-6079222cc2524a12	ae50b1cbb9f48c4dcdbfc819eca6c8cdcbe46f570a336e287c7adef98b229d6d	unchanged identity and body	stale-state
part-02-foundation-models-everyday-api/references/03-tools-and-tool-calling.md	633	callout-904de63eeac120ae	bed9ecce70fc1f5a8f61fc6051ab1528609866df5604f35d3936146d92abc3d2	unchanged identity and body	ignored-input
part-02-foundation-models-everyday-api/references/03-tools-and-tool-calling.md	864	callout-b30f30d0a1d03092	caaee65b90f45e73145a78ea3526078ddc8717b96f7c9b36cfb29b0f87bbb140	unchanged identity and body	version-drift
part-02-foundation-models-everyday-api/references/03-tools-and-tool-calling.md	913	callout-eb7808a1249bd8c2	2e2ebc1f3828d4633385571a77d65f3ea4b6c5bbcac54a2d8bff8fbc3d35e1f6	unchanged identity and body	version-drift
part-02-foundation-models-everyday-api/references/03-tools-and-tool-calling.md	1168	callout-da12a685c153062a	cc939c6792eedb4b01a8489e3a24115361635288198f08d026c99ba0713a1eac	unchanged identity and body	footgun-api
part-02-foundation-models-everyday-api/references/03-tools-and-tool-calling.md	1267	callout-2d50441ec3f9ccaf	c4f4df11112095dbcd2d9ff8dce7b383d578995e06bae150db9587eb2fb8ebdb	unchanged identity and body	footgun-api
part-02-foundation-models-everyday-api/references/03-tools-and-tool-calling.md	1269	callout-e4b41a411e1b0835	62ddb75fecf03e958b2987b04e3946116ebac692d2e99b46aad9b69ac1f39a0c	unchanged identity and body	footgun-api
part-02-foundation-models-everyday-api/references/03-tools-and-tool-calling.md	1398	callout-6c9ff9c2a5953aef	3844fcaa98ba26bb93cddcd6128dec9167b151f994f7f0f491f59883961f0988	unchanged identity and body	footgun-api
part-02-foundation-models-everyday-api/references/03-tools-and-tool-calling.md	1523	callout-ef60e65eae2585f1	c441bedce16feca6d13958c8b37739b383d0881284eafb7cc5a3e80729a83bc1	unchanged identity and body	stale-state
part-02-foundation-models-everyday-api/references/03-tools-and-tool-calling.md	1574	callout-480ac490b12947a8	434fb630d9eb804b26d71b22be912af94b0154c6379cbec27e866b43e878d19e	unchanged identity and body	footgun-api
part-02-foundation-models-everyday-api/references/03-tools-and-tool-calling.md	1576	callout-5dd3e9a8968fed16	c8857770e3a99aef45ed59aca2b6bd20f2af6eb85e7716dce03c98f5a9b10dfd	unchanged identity and body	footgun-api
part-02-foundation-models-everyday-api/references/03-tools-and-tool-calling.md	1677	callout-92cf4eed9b63b90a	98089f05be953f3875291977211c08282f5055f9b1de7b784806660a7af3feb5	unchanged identity and body	caution-note
part-02-foundation-models-everyday-api/references/03-tools-and-tool-calling.md	1796	callout-bd5dd1b27dc0e03b	9720c59e283232a06aee8d76e947c95076a075e35b8845167eb80624889519cd	unchanged identity and body	footgun-api
part-02-foundation-models-everyday-api/references/03-tools-and-tool-calling.md	1830	callout-8af4a7c52812b3c6	49d92d61b436242196bb5a4f7b76bb10286406983a57d484e08109163b57d0ca	unchanged identity and body	footgun-api
part-02-foundation-models-everyday-api/references/03-tools-and-tool-calling.md	2024	callout-9b292f3f1f3def43	52819d2c999253e622e628a60d6983c7b5e750ba5c748a52ec42b5f79f5ee388	unchanged identity and body	empty-output
part-02-foundation-models-everyday-api/references/03-tools-and-tool-calling.md	2084	callout-2ae744e2d3778bcf	40115d556e61388353b8ed02d57a4b3d0113d9f72ec1b098f2a1587dd64365cd	unchanged identity and body	runtime-unavailable
part-02-foundation-models-everyday-api/references/03-tools-and-tool-calling.md	2210	callout-e57ddc3bcb135910	76e8072a0be49099e32be95c2bacf4925579cc58cc0a270cdc0544fcb2307c01	unchanged identity and body	footgun-api
part-02-foundation-models-everyday-api/references/03-tools-and-tool-calling.md	2236	callout-cae793ef98ac9b15	c08476c8da271d724d81ab56dd237d7d94624a20852792a2212fa7de8fdd347f	unchanged identity and body	caution-note
part-02-foundation-models-everyday-api/references/03-tools-and-tool-calling.md	2402	callout-2bf30992b568a262	c179278b048a89cd05cad31a87ff0ed5d55fa259477298bf3a2008b8044e47d2	unchanged identity and body	runtime-unavailable
part-02-foundation-models-everyday-api/references/04-spotlight-rag-and-system-tools.md	71	callout-4a76f96bbbd966bb	d4f009d9d15f5b3f4659f8a980edc6456a65367e3f2913e9af5f04f2e167bbc3	unchanged identity and body	garbage-output
part-02-foundation-models-everyday-api/references/04-spotlight-rag-and-system-tools.md	358	callout-79ba353649c6236a	5bff96dce9bfe493d4d9cc8b94e5035a2eb0471e479e282ea18d668ad5ba96f7	unchanged identity and body	misleading-signal
part-02-foundation-models-everyday-api/references/04-spotlight-rag-and-system-tools.md	514	callout-ed5506ac759e00bb	6340d2b3ddf6053217e7df2e35d15b17372212daefffcff508f4cf2cda92cfb0	unchanged identity and body	misleading-signal
part-02-foundation-models-everyday-api/references/04-spotlight-rag-and-system-tools.md	710	callout-bae4ac0aba0c3711	880b7eac61bf3223dc5899139968999931963917166a58e29e271eac0df412cd	unchanged identity and body	garbage-output
part-02-foundation-models-everyday-api/references/04-spotlight-rag-and-system-tools.md	784	callout-8945f45b472d42da	c52d37445c278ede8015c4599b541343b8c5afd046121efc88c89b365adfd58e	unchanged identity and body	garbage-output
part-02-foundation-models-everyday-api/references/04-spotlight-rag-and-system-tools.md	892	callout-fed94e9f95ccdb47	437eefd4a525c5aeb52763441d2669e60d4b908e244d18a2e81c995b96adde12	unchanged identity and body	empty-output
part-02-foundation-models-everyday-api/references/04-spotlight-rag-and-system-tools.md	990	callout-38e0dca3f85f53cf	d364170648b524f01075b83d06acfe214b577104b83712b5e6876ceadfde5e85	unchanged identity and body	empty-output
part-02-foundation-models-everyday-api/references/04-spotlight-rag-and-system-tools.md	1226	callout-ca2a6f4bf7ac8fb4	6f2fad3522bb8d268bf245c55ee93e2585ec17f5c8969bccf8f194fe3986d92d	unchanged identity and body	footgun-api
part-02-foundation-models-everyday-api/references/04-spotlight-rag-and-system-tools.md	1381	callout-cdcb990c474c69a6	15c290facbfaa229009d1d36cd8c0c91d9974dcb5eaa9f5f22fba741eb152748	unchanged identity and body	misleading-signal
part-02-foundation-models-everyday-api/references/04-spotlight-rag-and-system-tools.md	1773	callout-e5758de4223515b2	fea60cd03ecf2c0f0ff5e41085ed54f58fddc771e0ea6f3f225d7ffb89fe9fa4	unchanged identity and body	ignored-input
part-02-foundation-models-everyday-api/references/04-spotlight-rag-and-system-tools.md	1912	callout-965d5217dd0696d2	80aa2aa61b100ae0214d99da476104fefe2b6bb2311d6e6c5cbe5f4a27b4fe59	unchanged identity and body	runtime-unavailable
part-02-foundation-models-everyday-api/references/05-image-input-and-attachments.md	282	callout-9ef5029287d700dd	aa0a10c1bed11e048a203b680eae4c31bebd9a53b27196de387b2e4f7aae2a31	unchanged identity and body	caution-note
part-02-foundation-models-everyday-api/references/05-image-input-and-attachments.md	376	callout-f30276cf7951d485	a6e4b42795eea5b11a02692d780e2c3a3cfdf7e89493f38328789eb7c045c0e9	unchanged identity and body	garbage-output
part-02-foundation-models-everyday-api/references/05-image-input-and-attachments.md	569	callout-65e5e5ecc06095aa	b9c08833f43c714a4952423e2d4d3618a8db5e94cb002dd1437ffd91c091a29c	unchanged identity and body	garbage-output
part-02-foundation-models-everyday-api/references/05-image-input-and-attachments.md	720	callout-6998fd8b26852a7b	de2ef211081f8949a9585ce6de1244f9d18e866554ca7d9671c60fe526012301	unchanged identity and body	empty-output
part-02-foundation-models-everyday-api/references/05-image-input-and-attachments.md	834	callout-7d125661f4f47aa1	376bf95c5d5ee5b7b07d0d3de617c2916911c31a61bc6f5cce82ab2af9efe31c	unchanged identity and body	empty-output
part-02-foundation-models-everyday-api/references/05-image-input-and-attachments.md	960	callout-670973be10d281a9	6e5bc346b83605360b2c3f01f2acac72df6d79cbcb0bfb0d21c7842f792b9aba	unchanged identity and body	data-loss
part-02-foundation-models-everyday-api/references/05-image-input-and-attachments.md	976	callout-d394d886c253fd7d	f585da336502fba0d61e74fa381ed93fadce467b1c73409a83a354e66d991021	unchanged identity and body	version-drift
part-02-foundation-models-everyday-api/references/05-image-input-and-attachments.md	1051	callout-c90b799e134ef7a7	9875aedafa241aaeefebd99c3a0f060de03a12d0e33fcf93c545dc10c373c772	unchanged identity and body	docs-vs-reality
part-02-foundation-models-everyday-api/references/05-image-input-and-attachments.md	1325	callout-d39b30718966fc0c	eef9b70d904affaf2d7a3ff31672f76581a73ca515feccf3e62e430b38c99020	unchanged identity and body	footgun-api
part-02-foundation-models-everyday-api/references/05-image-input-and-attachments.md	1332	callout-82163f9d9ade93ad	0f37f5518846b70227c00c14f1418bef0e2f97420d3929ca29c5022eb667c042	unchanged identity and body	footgun-api
part-02-foundation-models-everyday-api/references/05-image-input-and-attachments.md	1334	callout-6b3a0a7942d0e5c0	770155eb015b98512de9850e8b7f81e7685fc671fa1fb95cc39fe3983ba00fcf	unchanged identity and body	empty-output
part-02-foundation-models-everyday-api/references/05-image-input-and-attachments.md	1487	callout-f2c560b04f1d9975	baa0057137a7d3add5a5758ef91b487f75d1e9d5f77a893834fabc7fb050eb48	unchanged identity and body	runtime-unavailable
part-02-foundation-models-everyday-api/references/05-image-input-and-attachments.md	1663	callout-e4ca4049bc3396bb	81cf8e6dd1e08b4babfc3322ff0d7de2ea3a03825fab4a805c333e144bfa44d2	unchanged identity and body	runtime-unavailable
part-02-foundation-models-everyday-api/references/05-image-input-and-attachments.md	1702	callout-701cb12d4cb87d42	7059a9f8818dd86d7699005e49a368bb261a3fd7c3d8368f67e17b51d587d8a7	unchanged identity and body	resource-growth
part-02-foundation-models-everyday-api/references/05-image-input-and-attachments.md	1853	callout-77addcf6d4764dee	2ebf168d51c4439921bd8ee70e0e47fd901a2dfba85686cef0e362918018bdfa	unchanged identity and body	caution-note
part-02-foundation-models-everyday-api/references/06-availability-errors-and-guardrails.md	38	callout-63581d66a20113fb	68f87468bfbc28bad48c12edd7ca2438788d702fc108446c841b0673d44bf1b5	unchanged identity and body	caution-note
part-02-foundation-models-everyday-api/references/06-availability-errors-and-guardrails.md	158	callout-f2cdaaac08c10dde	116cef869d66fb9a4a2443fc8d4c00653117ca4eaadbafd951dd084796d31ae5	unchanged identity and body	caution-note
part-02-foundation-models-everyday-api/references/06-availability-errors-and-guardrails.md	241	callout-d9b190ec410f2c6a	23c04f5629c6c6d86fa00e91678c4016dc7d737e84e3ae643e1f128b3ad16663	unchanged identity and body	silent-truncation
part-02-foundation-models-everyday-api/references/06-availability-errors-and-guardrails.md	246	callout-4c84c57839187067	632ec29393fd8752953250bfbac6cb1a49729df4682b11ce754939380a8a493b	unchanged identity and body	version-drift
part-02-foundation-models-everyday-api/references/06-availability-errors-and-guardrails.md	462	callout-200c441f48802155	5764cfe5b847cb58b272508e923677c50a06e7aa218338473aba871ea74dc837	unchanged identity and body	docs-vs-reality
part-02-foundation-models-everyday-api/references/06-availability-errors-and-guardrails.md	512	callout-1c09c269be152ce4	11b2463f40b7ae0d3ffa09e829464c062ca3dbba809c2d7e0882ab72f7816515	unchanged identity and body	misleading-signal
part-02-foundation-models-everyday-api/references/06-availability-errors-and-guardrails.md	543	callout-b874e7762539c572	5cb192fb661b463d36f9dd94cf4093cbddc925b433396f3ce3f879cd7a116501	unchanged identity and body	version-drift
part-02-foundation-models-everyday-api/references/06-availability-errors-and-guardrails.md	553	callout-b19225f97f29f6de	41b2f57ca738e00c1b18c7f51671831c885bc82f597774381d76532a38a22518	unchanged identity and body	version-drift
part-02-foundation-models-everyday-api/references/06-availability-errors-and-guardrails.md	832	callout-058e5b2ee5a7d0b2	5af58bbbbd02664b958af04896f33535ee543fb5a77f93a953ff2e042b2f46e7	unchanged identity and body	misleading-signal
part-02-foundation-models-everyday-api/references/06-availability-errors-and-guardrails.md	1067	callout-c4bac59344e35df8	bd0786e91c34d97400bc9eb6080adb009713d223d1c478179f9fde7591e26ac7	unchanged identity and body	misleading-signal
part-02-foundation-models-everyday-api/references/06-availability-errors-and-guardrails.md	1152	callout-a2117e167680273f	d882c9be10eaa5dbd318921ef11250d882d0ec5c75cd368ea41c47fba233a32c	unchanged identity and body	misleading-signal
part-02-foundation-models-everyday-api/references/06-availability-errors-and-guardrails.md	1350	callout-cdb3d945a9e728c7	80690886e9a88f3970bbc4af6c8730b538d170ec0237467c8230309fd37e373a	unchanged identity and body	misleading-signal
part-02-foundation-models-everyday-api/references/06-availability-errors-and-guardrails.md	1504	callout-95f8b5d40f1f0e6b	bb9bde00adfec774080b363cd9e72fbc2c691382c3a8769d363720c4aeee1aa8	unchanged identity and body	ignored-input
part-02-foundation-models-everyday-api/references/06-availability-errors-and-guardrails.md	1767	callout-ae9ae9a14f5179e8	38bcd1ee0b8aebf14c46d466897641a3333a261a8087597ba7199934b4d3b6cd	unchanged identity and body	silent-truncation
part-02-foundation-models-everyday-api/references/06-availability-errors-and-guardrails.md	1908	callout-3b68140f2fe698e1	e0d09e2c75f79212ccbce423ae11d2520ea6285cbdeae134acd8a9fa0d357269	unchanged identity and body	data-loss
part-02-foundation-models-everyday-api/references/06-availability-errors-and-guardrails.md	1916	callout-4fc5572b87292dd5	93da5a0ad875e33cf033423937a3561d821c03f706a6325ba5be6b665df5fbce	unchanged identity and body	empty-output
part-02-foundation-models-everyday-api/references/06-availability-errors-and-guardrails.md	2193	callout-2b7ebad71505dca7	c4c0cacc7b05b1a26619c58b11a5357ed8e50c2933d66cbd2d7427e70d7f3000	unchanged identity and body	stale-state
part-02-foundation-models-everyday-api/references/06-availability-errors-and-guardrails.md	2591	callout-877ff8f0e3236eb8	d0e80fa78bbd6fe907a9cdb156622a68b65522fb564f0beb00c2faa3ef3d050e	unchanged identity and body	caution-note
part-02-foundation-models-everyday-api/references/06-availability-errors-and-guardrails.md	3014	callout-879f7771b102567f	243ac2c6f90bc0a9be8a5240c5c7ac678d3a76e4e70fb1d663bdd5462bf362ef	unchanged identity and body	caution-note
part-02-foundation-models-everyday-api/references/06-availability-errors-and-guardrails.md	3136	callout-fe2264258a1df710	9a8d58702a641e55076c5220ee841652335a9e17c0f51247785c17be900f344b	unchanged identity and body	misleading-signal
part-03-context-profiles-agentic/README.md	88	callout-ae3fd4918b93ad04	3436989edc8c6bdeac5124b573302f37f35362fb79b4586686ee5bae883204d9	unchanged identity and body	perf-cliff
part-03-context-profiles-agentic/README.md	111	callout-5e148dd366f47ef1	47e4a7ed0df55f6d3c3a12901eb9087443792aedd998de8a19d630efd2cd6704	unchanged identity and body	footgun-api
part-03-context-profiles-agentic/README.md	141	callout-dde39e0d65e4d366	bcffb745c876bcdd5d430e86a8509497fefa8c50b6c8a057a424b5a04d4e43d4	unchanged identity and body	docs-vs-reality
part-03-context-profiles-agentic/README.md	162	callout-dd21f1314b079e8e	fa842ee2826212c2858c6bef82158f53fcc3d72d4b88305e7199b37f995f423d	unchanged identity and body	footgun-api
part-03-context-profiles-agentic/references/01-context-window-and-kv-cache.md	59	callout-433be36f3d8a004b	c8fb7da532702cbf91fc1059febd0d663a525c21a0ed8450abe0f14e8c8db976	unchanged identity and body	perf-cliff
part-03-context-profiles-agentic/references/01-context-window-and-kv-cache.md	97	callout-b23ad2df69d26aa5	d088aac9798a375c40d50f9916cd870d352fa779a7f6a5e65b941159df7ac601	unchanged identity and body	perf-cliff
part-03-context-profiles-agentic/references/01-context-window-and-kv-cache.md	129	callout-be63c182c874cf2a	51b3511f6bceb6a3ef6b3c66e5dc62355e8dce9779a02fd19a77b604963e1442	unchanged identity and body	version-drift
part-03-context-profiles-agentic/references/01-context-window-and-kv-cache.md	234	callout-a9cf994962883504	190348fb94329255b947e1afd7836c5b6e75f73c5d8ff0c3b6f8ff339e0e6f92	unchanged identity and body	version-drift
part-03-context-profiles-agentic/references/01-context-window-and-kv-cache.md	332	callout-76a47962df6d621a	28b6fc4b4ec7257dcb68fc5f8b30b0f1aa68eb3d8f53e8b4b6b016b862b64dba	unchanged identity and body	docs-vs-reality
part-03-context-profiles-agentic/references/01-context-window-and-kv-cache.md	346	callout-2950aa01306b6ae5	552333886106ce998513c5edb1562c70fc2c69e7650d50e07197a16e68466896	unchanged identity and body	data-loss
part-03-context-profiles-agentic/references/01-context-window-and-kv-cache.md	590	callout-55b91a82a0b63e28	bdc6f988df7ed70dd2ebfe81381a7856e94c5770c1de8d1275964332b434eb7a	unchanged identity and body	caution-note
part-03-context-profiles-agentic/references/01-context-window-and-kv-cache.md	673	callout-f8e6894e5ba2d4d6	132913673ea84863ed0e5b495d852fe1934fe5a756dfeb9efca47e9885e15d81	unchanged identity and body	silent-truncation
part-03-context-profiles-agentic/references/01-context-window-and-kv-cache.md	907	callout-27d3d15408768463	9c83d9c5b4d433fb7d4e71107c0e7d8ff577308686d0101d71dd3878a33fed46	unchanged identity and body	caution-note
part-03-context-profiles-agentic/references/01-context-window-and-kv-cache.md	917	callout-d2cf3f0b2000ff44	c6fcbe155b559512b533ed0a2456d2f3878432d547a79d6292778b9b54f17b57	unchanged identity and body	docs-vs-reality
part-03-context-profiles-agentic/references/01-context-window-and-kv-cache.md	985	callout-188539311fda3fa2	65c25519d38b3221f3f87c3f43fcf26c8354b5f1365ca250f364a153dbe8ffdf	unchanged identity and body	version-drift
part-03-context-profiles-agentic/references/01-context-window-and-kv-cache.md	1478	callout-c92f08b1901d8393	f9d0fdac362e01b16c8b91bb6be54d29bacc0c1a183e66fc71ed36b3b864cfec	unchanged identity and body	empty-output
part-03-context-profiles-agentic/references/01-context-window-and-kv-cache.md	1524	callout-93ca5ec63c6b91a3	3dc7386ae118949a5f4bf9231faae106ebf0e9543af209661aab4f1b8f59df6c	unchanged identity and body	empty-output
part-03-context-profiles-agentic/references/01-context-window-and-kv-cache.md	1736	callout-388e556076c4bcf1	0d5cc7a99c769d44b7f0693914fc9282bdde5b9e4242c70d2bbe5059949bcdd9	unchanged identity and body	perf-cliff
part-03-context-profiles-agentic/references/01-context-window-and-kv-cache.md	1829	callout-533ffe33fe9ef0f1	fe27c4758e086a9e4f964b767599e18972e1959783d5673e7e363b7ae1eb02c7	unchanged identity and body	footgun-api
part-03-context-profiles-agentic/references/01-context-window-and-kv-cache.md	1959	callout-60801b977084f5a2	38754e0d6a30ebc8ce52e85391d95a4cc96476b1f56780bd24b92a6eb6f84ee7	unchanged identity and body	perf-cliff
part-03-context-profiles-agentic/references/01-context-window-and-kv-cache.md	2006	callout-8ec61a4f1383b877	61aa839e2d87e3ae5aefdf37ab7e57d3256444af2fbca075f6b797d3b685b5ad	unchanged identity and body	version-drift
part-03-context-profiles-agentic/references/01-context-window-and-kv-cache.md	2036	callout-47556c6dd9744bd1	70c4d1ea59091107756d67932c9ba1f8844f3da34f9b9d2b5be854807b6f133b	unchanged identity and body	caution-note
part-03-context-profiles-agentic/references/01-context-window-and-kv-cache.md	2114	callout-b2640f2324ada5c2	4e4c10f95787fb8da30a792ba0da07a38eb6652d4e3566f5bbf0e522904ad525	unchanged identity and body	stale-state
part-03-context-profiles-agentic/references/01-context-window-and-kv-cache.md	2183	callout-197c53a7c7954851	41a41099baea7f55dc2cc7b51548b3c5ad8c3e1bc7bf28347333e58cf0285e18	unchanged identity and body	caution-note
part-03-context-profiles-agentic/references/01-context-window-and-kv-cache.md	2256	callout-ec5f35050d6dcb3b	e62a7b4249ca0f820596a1be31a8843306edf327d07bb26075d459717cd1aaa2	unchanged identity and body	perf-cliff
part-03-context-profiles-agentic/references/01-context-window-and-kv-cache.md	2317	callout-19a49b433f1991a4	7da9e70405c02efc6e3b0df8433d43a9ba792b770784bbc9a2e3a7358718af7b	unchanged identity and body	caution-note
part-03-context-profiles-agentic/references/01-context-window-and-kv-cache.md	2346	callout-2ed6d02957772390	3c473f081a2bba66e26bd2c9890ca7c15cc256324fbd6057b19a0af7854088f1	unchanged identity and body	runtime-unavailable
part-03-context-profiles-agentic/references/01-context-window-and-kv-cache.md	2425	callout-93922ac27be760d8	8f1fc99014db75e7cc1f8e317b57714a82a72708644b30970a6f1aa160d2a6b3	unchanged identity and body	footgun-api
part-03-context-profiles-agentic/references/01-context-window-and-kv-cache.md	2525	callout-cb70be57a3c05124	289d7bb35e3fea14d4c6234ff9030a02dab9a36e6fbbc045fed5fa157d7bcedd	unchanged identity and body	silent-truncation
part-03-context-profiles-agentic/references/01-context-window-and-kv-cache.md	2537	callout-c281170f52f39af7	d2ca2e3c5de992a37d0caaef3af95d3861fd00252cfb66b5ed1a341e960db726	unchanged identity and body	data-loss
part-03-context-profiles-agentic/references/01-context-window-and-kv-cache.md	2538	callout-f2da79d2438308d4	7478a25ec1b49605586cbe1cfee9101b9053766d4c8ab5547809347e92522ef2	unchanged identity and body	data-loss
part-03-context-profiles-agentic/references/02-dynamic-profiles-and-session-state.md	407	callout-0d1aac3211bf7bb9	8882f7fe75a827daace8437d7bbf131a7a30bf074cccac61a5d82804f67d23ba	unchanged identity and body	docs-vs-reality
part-03-context-profiles-agentic/references/02-dynamic-profiles-and-session-state.md	641	callout-14ccf35be8fc5515	0fc53901e51ddbc00ce312be6a90b60c607ec0d4a8f5b285c2378c9459f38341	unchanged identity and body	perf-cliff
part-03-context-profiles-agentic/references/02-dynamic-profiles-and-session-state.md	680	callout-af6655f11ad058ff	238ba9e457b280053c2f2d41daf8e1ad548a5baf720304e158ea3c0a4aacae68	unchanged identity and body	footgun-api
part-03-context-profiles-agentic/references/02-dynamic-profiles-and-session-state.md	685	callout-2483585e44174e3b	f56537c652443981d3dfc4ff136445f28e927e311edd64926b097e81dc11b191	unchanged identity and body	footgun-api
part-03-context-profiles-agentic/references/02-dynamic-profiles-and-session-state.md	843	callout-a7cda144bee1e362	695ad0abd60248ef41f917619abefba575ebf03543ce37b8ccf82c4b8a27a25e	unchanged identity and body	footgun-api
part-03-context-profiles-agentic/references/02-dynamic-profiles-and-session-state.md	871	callout-7b38901e5024803c	530dd545bd5df04bbb1c5a2b868fbcc990483c2b86235112c25754f300dbfede	unchanged identity and body	silent-truncation
part-03-context-profiles-agentic/references/02-dynamic-profiles-and-session-state.md	962	callout-79ed60d9ee2edb7f	7d863207d741a10b354912d1d25f834e3721363e48e49bf55a4ebbaaaf1704db	unchanged identity and body	footgun-api
part-03-context-profiles-agentic/references/02-dynamic-profiles-and-session-state.md	1054	callout-d97c0405cc8f9497	629723bb2deb39d4a1e061fc2033b5bc7fcebd474fd02d693ca3e3770da09626	unchanged identity and body	footgun-api
part-03-context-profiles-agentic/references/02-dynamic-profiles-and-session-state.md	1058	callout-1d3237e6ee577116	a5ee5778949844b0266371a8a3fbd574e191e1be1af82ff2c261715504b6ca24	unchanged identity and body	footgun-api
part-03-context-profiles-agentic/references/02-dynamic-profiles-and-session-state.md	1263	callout-aa368ad18e7c0ba5	f948d79f14df69397a95efdb55e873f1c3381a5fa3e522180ab9535807d80251	unchanged identity and body	footgun-api
part-03-context-profiles-agentic/references/02-dynamic-profiles-and-session-state.md	1345	callout-30f3ccbe0cd1b46f	83cedc7e6b216a43d05c1e61a804573dddb30630256c163af1045bb919f35200	unchanged identity and body	caution-note
part-03-context-profiles-agentic/references/02-dynamic-profiles-and-session-state.md	1566	callout-5462627c305c831b	940b2c42f2eec73844a3b58ac34bc931ca1942c195343cab32f62dedd2a20017	unchanged identity and body	footgun-api
part-03-context-profiles-agentic/references/02-dynamic-profiles-and-session-state.md	1945	callout-ac15dfb3176b8cd8	2a9c91c1d11e9fb0b958f1970e21caad4fb37d23bb254874bcdd428ac3f47a01	unchanged identity and body	footgun-api
part-03-context-profiles-agentic/references/02-dynamic-profiles-and-session-state.md	1947	callout-36fe41f9a6d06019	67407d77909dac4f8c0b501ef7caa986aa022d068a72771c0193b0bebdb5e804	unchanged identity and body	footgun-api
part-03-context-profiles-agentic/references/02-dynamic-profiles-and-session-state.md	1949	callout-2f39033e3a9fb3ef	917b445fe5f050566b755bb957ba3d9c88c21c889b9464915f68834d4423c78f	unchanged identity and body	footgun-api
part-03-context-profiles-agentic/references/02-dynamic-profiles-and-session-state.md	1950	callout-991dec205d906ae5	5d2edb83386003c1b96cddaac826dbc5a5236002f33f2c35e36e08b79956caeb	unchanged identity and body	caution-note
part-03-context-profiles-agentic/references/02-dynamic-profiles-and-session-state.md	2012	callout-15d802b3f5f81c58	99f8682c7af6548c3712345802d6f8af83a331cc7c11eb2e29e35203b77e12ea	unchanged identity and body	footgun-api
part-03-context-profiles-agentic/references/02-dynamic-profiles-and-session-state.md	2014	callout-4de2c3d804cc6873	31b73aa5e606821ee4f6cff9b89d6acfcbba344a47fbda78c02fc491742d3769	unchanged identity and body	footgun-api
part-03-context-profiles-agentic/references/02-dynamic-profiles-and-session-state.md	2045	callout-e6a7fc3e9e31723e	27db3446987953328427ebe88215c58485fe122484057bbd6daf8e78b38bc76a	unchanged identity and body	version-drift
part-03-context-profiles-agentic/references/02-dynamic-profiles-and-session-state.md	2269	callout-a4021d785d385b9e	94c35c6a7df353c3766ec4b27bbb00710e20c6e1736bf7ef44b098e10417291c	unchanged identity and body	data-loss
part-03-context-profiles-agentic/references/02-dynamic-profiles-and-session-state.md	2349	callout-6350f5c9bef129fc	249a92cfcc6974f951d13a716ce0dccdab2b89d2eae7260146e32f5c6a241129	unchanged identity and body	empty-output
part-03-context-profiles-agentic/references/02-dynamic-profiles-and-session-state.md	2362	callout-807c5f6a5da1b261	f5e4b81a0f348ceb6550ef52052c1df63f3ca79d3b49e6c1ec7e271af39a8c70	unchanged identity and body	empty-output
part-03-context-profiles-agentic/references/02-dynamic-profiles-and-session-state.md	2390	callout-178b8a07690a8501	6fa2fbf5e8109a906d4c00ee5ae19dfc5d9952ab4bd1f8786497f8d2a98a31a3	unchanged identity and body	empty-output
part-03-context-profiles-agentic/references/02-dynamic-profiles-and-session-state.md	2500	callout-1909d60723a42252	6172325ed586689c9c687abf64f0cdee5298717389e6daef025452bcda9bf7c2	unchanged identity and body	footgun-api
part-03-context-profiles-agentic/references/02-dynamic-profiles-and-session-state.md	2509	callout-9dd4ee281a9c7b71	4e573f3f1ca229617482469346840e1b04d722099b36274e268d616f69862779	unchanged identity and body	footgun-api
part-03-context-profiles-agentic/references/03-skills-and-history-modifiers.md	17	callout-4f30373e75825cff	27f051ee34b8f1566466551d492704b39ac8f12db581cef7c31552fe47b31e15	unchanged identity and body	caution-note
part-03-context-profiles-agentic/references/03-skills-and-history-modifiers.md	53	callout-48be143e310363d2	5131377058ca8575333b1d95c44c917fc7a61d7decd26b90d636fda9fcdcc9fe	unchanged identity and body	empty-output
part-03-context-profiles-agentic/references/03-skills-and-history-modifiers.md	56	callout-75b5e39c38df82ae	12f0d696ea6040630ea62def23fcc263bb77a123b254d08a10ba78868101e1d9	unchanged identity and body	docs-vs-reality
part-03-context-profiles-agentic/references/03-skills-and-history-modifiers.md	58	callout-2e74efb838b9a6b4	f7358cf9bf1eb6420737f7aba7a630abbd1a20a63b487a31407dc08e432637f7	unchanged identity and body	data-loss
part-03-context-profiles-agentic/references/03-skills-and-history-modifiers.md	70	callout-407e6eb8f339f863	07214aae6669914d7018df217164c6a1aeced3954653518192c51f092bc5d88b	unchanged identity and body	version-drift
part-03-context-profiles-agentic/references/03-skills-and-history-modifiers.md	100	callout-7a1e9d4225e11717	c2501485d55ec41b3a6f9ae3caac479a34bfdd5512e152b03f9c8905e9c71023	unchanged identity and body	empty-output
part-03-context-profiles-agentic/references/03-skills-and-history-modifiers.md	101	callout-8dd3721577d27129	32e980d9e2a0e12397bf75c68a1c16e8124b981f6c6cebcb711dd6461b2b1c7f	unchanged identity and body	docs-vs-reality
part-03-context-profiles-agentic/references/03-skills-and-history-modifiers.md	102	callout-5635fe06a9cf0af9	e2f4f867efc23795de9695563d9adb4d677e042ba60a1b50be1c77f357d454d4	unchanged identity and body	data-loss
part-03-context-profiles-agentic/references/03-skills-and-history-modifiers.md	110	callout-4a0e6a30056dc956	59409898249b226133aa45f5549ba3e1c5a7a1c831ee850c1a01f20ef537b1ec	unchanged identity and body	version-drift
part-03-context-profiles-agentic/references/03-skills-and-history-modifiers.md	149	callout-ff2b4017ba0048cb	36b5b069e3ebf91d3b1abba0f7a8549fed3f003e07d394bc5b56eb08cddb457a	unchanged identity and body	docs-vs-reality
part-03-context-profiles-agentic/references/03-skills-and-history-modifiers.md	355	callout-655c2b00368086f3	96649c04bdd233adc8cf76bb1ec954f3efc5ab1b6ab5ccf2a5c796b4174f3f7c	unchanged identity and body	docs-vs-reality
part-03-context-profiles-agentic/references/03-skills-and-history-modifiers.md	487	callout-3a858a45400c4640	873744744ddef0c769c3c7c30c1cc90eb49d4748e88a3edfb7be4e8145519c81	unchanged identity and body	empty-output
part-03-context-profiles-agentic/references/03-skills-and-history-modifiers.md	680	callout-8ff8fc20c71e806b	a96f23b55001835eaa41ec1da028ee727a2041bbe65ec1b4ec7eeda42292d3d7	unchanged identity and body	empty-output
part-03-context-profiles-agentic/references/03-skills-and-history-modifiers.md	695	callout-cdfb00616eeeaf3a	9502ee9fe74d1e29dbe8b1c83e3ac95f185d899ecd7be4044233532b7d70a168	unchanged identity and body	empty-output
part-03-context-profiles-agentic/references/03-skills-and-history-modifiers.md	770	callout-cd25c0bf79d708c3	68e50d54323888971bf33c60143ce1bdeab778598ce988a6971659d5765e2b3a	unchanged identity and body	docs-vs-reality
part-03-context-profiles-agentic/references/03-skills-and-history-modifiers.md	844	callout-6319b10d8f0b23ef	2fb8be7251743fe8257aa5de90849556e8dbdaa9ae50a54ecf5fb6d6843c815a	unchanged identity and body	data-loss
part-03-context-profiles-agentic/references/03-skills-and-history-modifiers.md	854	callout-3f65ff1d3c2c26c3	f07c720740b1834622e3811f3ca64fab4ef7edf6cbd264ca8cd6bafea0eaac6f	unchanged identity and body	data-loss
part-03-context-profiles-agentic/references/03-skills-and-history-modifiers.md	1000	callout-bedae94ce5eb05f8	ebebd36cc94a75de5863e0113ce2a36e6a031955b685d4517fe607fdcd98ba9e	unchanged identity and body	docs-vs-reality
part-03-context-profiles-agentic/references/03-skills-and-history-modifiers.md	1270	callout-9b221bd8d3dcdae6	eab9abedc35f7cc839235b85c7e19f2e80a2078fb8a02278c1d7f20260d62554	unchanged identity and body	data-loss
part-03-context-profiles-agentic/references/03-skills-and-history-modifiers.md	1569	callout-b6299844abdd690b	00cad76d38508982a34d6884620f8a7227268605f247429c45fb3d3f6144384d	unchanged identity and body	perf-cliff
part-03-context-profiles-agentic/references/03-skills-and-history-modifiers.md	1887	callout-f9b4b739d8cbbd84	ea24a5582ed8d35a8938f123d45afef39fddb03c1b37ad1a65cbccb82fb510fa	unchanged identity and body	footgun-api
part-03-context-profiles-agentic/references/03-skills-and-history-modifiers.md	2014	callout-d8b3bcb3ba61b5a0	5cf14fffa7a004ab70c677dc9215906069dbc5e6a8d567b58604603bb33bd782	unchanged identity and body	footgun-api
part-03-context-profiles-agentic/references/03-skills-and-history-modifiers.md	2084	callout-c3525c0693f68a6a	e9aaa3500ef31762a597b10fcaf77bc6caf3c431dabba89ba6ebaff54357be39	unchanged identity and body	caution-note
part-03-context-profiles-agentic/references/03-skills-and-history-modifiers.md	2107	callout-f04e8db23a0e124f	9c44d32f56ac8f6866f9aca88980d1442fa777a6057397afd53d535106976794	unchanged identity and body	version-drift
part-03-context-profiles-agentic/references/03-skills-and-history-modifiers.md	2165	callout-370620eaee58a9be	9443feda0f0f63368e76b22014391fb8e19a3353b6d12955059915b75ecba277	unchanged identity and body	docs-vs-reality
part-03-context-profiles-agentic/references/03-skills-and-history-modifiers.md	2214	callout-7b51aa16c92c26ae	190590060d93099c13fae30aee092e28f929e1337b67b10a37a1e64b95c45c6e	unchanged identity and body	stale-state
part-03-context-profiles-agentic/references/03-skills-and-history-modifiers.md	2633	callout-cb6df62b245eccf8	3a73e3aa3d69fdf327693555509905a8c72bd4fce5c4e78be670e043068be97d	unchanged identity and body	ignored-input
part-03-context-profiles-agentic/references/03-skills-and-history-modifiers.md	2706	callout-f09ae34c04793a79	639fe08d15793b3880c544f5c6ac201f2a78f22bcfde2adbbfb793e2378df886	unchanged identity and body	docs-vs-reality
part-03-context-profiles-agentic/references/04-agentic-orchestration.md	39	callout-178b82b734d8cef6	a141071d2ff997a1443e299a373e1dd01409ecbdaaaa33594bf29314a652a6e8	unchanged identity and body	footgun-api
part-03-context-profiles-agentic/references/04-agentic-orchestration.md	80	callout-fa7668577d7172ce	e4a628d707eef52d35b6c4d545d27f90d34e721f40f38365c289e778456bb532	unchanged identity and body	footgun-api
part-03-context-profiles-agentic/references/04-agentic-orchestration.md	130	callout-2c525ec9bb0973e0	d070027664cac7578196f027580e39ba5ce6e3078c4d176294a35b51310d4d8d	unchanged identity and body	docs-vs-reality
part-03-context-profiles-agentic/references/04-agentic-orchestration.md	478	callout-13d84c7a2b4d4fa3	199ad217e5a577154ed4d0d91b7c9969e5cfb8495a2b6b46fa0c901dabda4137	unchanged identity and body	stale-state
part-03-context-profiles-agentic/references/04-agentic-orchestration.md	550	callout-16c6dde86c259a96	276b0256b63708b908478a7c597ca9947e66b813ff5a561373bc53935915657c	unchanged identity and body	footgun-api
part-03-context-profiles-agentic/references/04-agentic-orchestration.md	552	callout-a4e64c547dd63028	88193c958539b381e1ea5ba82891f63d29f1e42bd57ba7a8b7b8db1728bd0a0d	unchanged identity and body	footgun-api
part-03-context-profiles-agentic/references/04-agentic-orchestration.md	928	callout-8448003f18dc54d2	c20babe330c736d6bc46e260e9ef9448f8e47e909ac5771a26b901592d53d0c7	unchanged identity and body	garbage-output
part-03-context-profiles-agentic/references/04-agentic-orchestration.md	930	callout-b421869543452ca7	1a2dcad6dbe23a33b4e43a5b6f4bff070a1ff322cd916df1a272f29b2d3a4766	unchanged identity and body	garbage-output
part-03-context-profiles-agentic/references/04-agentic-orchestration.md	1184	callout-67179dbfbd75942e	3d9a2090b084cb78f2aa203d74b271886923f6e790f1c1abb3c9747a7c19e8b0	unchanged identity and body	caution-note
part-03-context-profiles-agentic/references/04-agentic-orchestration.md	1228	callout-6d471d42b281a7a8	baa6913f218fb5b2c723f310e296c2945e830664074ae385832b49ab405f48cc	unchanged identity and body	footgun-api
part-03-context-profiles-agentic/references/04-agentic-orchestration.md	1279	callout-1428489522401ea4	6c3e4c5fcbb3f13881593e94eba7d5d2580334c8448a81d57a497331666fca63	unchanged identity and body	ignored-input
part-03-context-profiles-agentic/references/04-agentic-orchestration.md	1304	callout-de27ff9216872780	5159a5edc9e53f4c1f3ffc1ef597eada3464c9f7501505cc124f16dcb28f8fec	unchanged identity and body	footgun-api
part-03-context-profiles-agentic/references/04-agentic-orchestration.md	1306	callout-97a6e970310e7158	fb441fa67ebd4de5411473dce033cad631353de5e07dd18a20d9e3f443fb1ba8	unchanged identity and body	footgun-api
part-03-context-profiles-agentic/references/04-agentic-orchestration.md	1457	callout-6efa79485891b509	c972b6180ce7cc669cca5a241dd9b9ac1582235b819ea1519b03ac853feba9a0	unchanged identity and body	footgun-api
part-03-context-profiles-agentic/references/04-agentic-orchestration.md	1581	callout-2c944ada92380159	1532d8258c6d69518d144cc603a178eda319cf8422e3a63308e970c3e3e4d099	unchanged identity and body	stale-state
part-03-context-profiles-agentic/references/04-agentic-orchestration.md	2053	callout-438da2aa29e75aac	7052c9db9d65d65b1b4f0a831f96e90dac8c2ee47a62963ed9662f0ceff91fa6	unchanged identity and body	stale-state
part-03-context-profiles-agentic/references/04-agentic-orchestration.md	2055	callout-5191f5761c3de1b0	2d2d59063e5acb89c3a632c93b432c4d8b6d7358dd8e2e7c748e4b5e57a59551	unchanged identity and body	stale-state
part-03-context-profiles-agentic/references/04-agentic-orchestration.md	2144	callout-dfb9b0177fa70de4	fbc580087d4a5f64a2ebcd77818ea644090602af3f5ca061a471ae1b48324b4a	unchanged identity and body	runtime-unavailable
part-03-context-profiles-agentic/references/04-agentic-orchestration.md	2150	callout-a57e637fc2be4ae3	e55bcd35e28c63a6bea245bf7302cb0e1f4f92c4d2c2ae34f1be75881ed9bd87	unchanged identity and body	version-drift
part-03-context-profiles-agentic/references/04-agentic-orchestration.md	2249	callout-82db8b16f9064367	667a8f67da2d5884329a7175dcb6aaf14895cfa229b1ff647613897c137228bd	unchanged identity and body	perf-cliff
part-03-context-profiles-agentic/references/04-agentic-orchestration.md	2302	callout-34a28acb58a8577e	5102b3fd1613ccd4335281307e3eae944628ef88a33c7ab0aec983358bbf1c05	unchanged identity and body	stale-state
part-03-context-profiles-agentic/references/04-agentic-orchestration.md	2308	callout-fa23789fc9ebf2cf	02e9dbf67b68a28b0b012b350232b970c702cf77e2d3538f43c5d92c51135ab4	unchanged identity and body	runtime-unavailable
part-03-context-profiles-agentic/references/04-agentic-orchestration.md	2313	callout-886fed30ed22efc4	af10778010af7a458590cb1ef570fc89c6c054a95695fe601a18531abf7b456b	unchanged identity and body	runtime-unavailable
part-03-context-profiles-agentic/references/04-agentic-orchestration.md	2378	callout-898d389b0409598e	7975acb7434eef1bd5e83b013432da4ec6a8d559ece7c3307db3df7740cd9ef3	unchanged identity and body	version-drift
part-03-context-profiles-agentic/references/04-agentic-orchestration.md	2425	callout-c94e1d325b124d94	e55e139bfce8e382e0bcc4d2717114f21b7003fd6d4841b72a3397242e77d20d	unchanged identity and body	caution-note
part-03-context-profiles-agentic/references/04-agentic-orchestration.md	2484	callout-f1b50eb0e1a9621b	76ecd8f4ada11a76a787fbf4a24a6252fed02be74080d0484039078b453f9718	unchanged identity and body	docs-vs-reality
part-03-context-profiles-agentic/references/04-agentic-orchestration.md	2629	callout-3719d66d8cbbb336	a860fc030812358cfe4d01a11bee0c01113fdf4c5e2f18964b93eb90c82de3c1	unchanged identity and body	docs-vs-reality
part-03-context-profiles-agentic/references/04-agentic-orchestration.md	2744	callout-5f840328a7e29f7e	b5fc5d6fb4038a8c5937d54d7bd48f334adb072b2bd15d1fb4bfe881b73ec2e7	unchanged identity and body	caution-note
part-03-context-profiles-agentic/references/04-agentic-orchestration.md	2988	callout-b641be0c6bc88e96	96e80680b4806cb4aa2d7ba35bfc9519b8d52d5a33f953fce4ac30ba957f7a5e	unchanged identity and body	caution-note
part-04-beyond-the-built-in-model/README.md	87	callout-87df92c72aa2749e	db262cd3d5dbbe018e9112fc78517d5ffec389813e66f762d76e4d70fd2ab539	unchanged identity and body	runtime-unavailable
part-04-beyond-the-built-in-model/README.md	110	callout-9f5b417c5d2c4470	1474c65a2d3fb8ad07ddbde849ee7742592a8b38f63805ba799945542fb45c3c	unchanged identity and body	runtime-unavailable
part-04-beyond-the-built-in-model/README.md	141	callout-7c8b2e345e791dfe	18b80062da2a6c114fac4c758d1dedf3bd829fc844b6725dbaa5611dfbc9d9b2	unchanged identity and body	footgun-api
part-04-beyond-the-built-in-model/README.md	175	callout-2e9bcedb13bd3170	8feace3308662f8a19b66508b6b6570b3b73873619f8fb44a1d0f796df609d00	unchanged identity and body	stale-state
part-04-beyond-the-built-in-model/references/01-private-cloud-compute.md	55	callout-c0375857138e622e	0efe2fd4f7f3f5c94e055a36562b24903a3cfc2e98a4e986c4eb7036e8908cc2	unchanged identity and body	runtime-unavailable
part-04-beyond-the-built-in-model/references/01-private-cloud-compute.md	347	callout-067f0ae6b9f11e45	2d8d438595ce786c6fb2ee1798ef2bde5c6136cf955775b3b939455e26946619	unchanged identity and body	runtime-unavailable
part-04-beyond-the-built-in-model/references/01-private-cloud-compute.md	351	callout-f600d20edc00c403	7e7258d0913cbbb16c12060ed9b4cd8d9efa8c658c8f018731630c439c95bbb0	unchanged identity and body	runtime-unavailable
part-04-beyond-the-built-in-model/references/01-private-cloud-compute.md	593	callout-4b2a88ae160b0409	681df18aeb95a52416a258f4985a9bce8356abf1ef5d05bd1955ad24a4e24e63	unchanged identity and body	runtime-unavailable
part-04-beyond-the-built-in-model/references/01-private-cloud-compute.md	659	callout-5dc5925dca9ad21c	91237631208644c5ad8d8dc994ffaaef526acc6d1cdf4ad806927a17daa0b036	unchanged identity and body	docs-vs-reality
part-04-beyond-the-built-in-model/references/01-private-cloud-compute.md	877	callout-19865aa77a772f8b	015f4a13a5fe299a0c950f1fb26a9b977f416a5d42b2474c52c1798cbcd1fc09	unchanged identity and body	misleading-signal
part-04-beyond-the-built-in-model/references/01-private-cloud-compute.md	879	callout-16836ccd7f5de8ff	afdba0ab99ec9f55d7a3bd0f953eb3ccca049d66265795aa4388888eef18da67	unchanged identity and body	misleading-signal
part-04-beyond-the-built-in-model/references/01-private-cloud-compute.md	913	callout-655fd1ae8cbc39f3	694614707814ec0fd30a8b7516b803a60d457dbf93dd81e38366bd79dd6bcb29	unchanged identity and body	runtime-unavailable
part-04-beyond-the-built-in-model/references/01-private-cloud-compute.md	915	callout-0906367e21d7bcfd	efbecc0db20bc8f2da4dc89498d9cfbfa7d310b62fc0af2a807124070950b443	unchanged identity and body	misleading-signal
part-04-beyond-the-built-in-model/references/01-private-cloud-compute.md	1124	callout-7518144a9d81672c	57dc90516253a544b6c7c843fd91a96830967c3090c006512a5bb3205d524940	unchanged identity and body	docs-vs-reality
part-04-beyond-the-built-in-model/references/01-private-cloud-compute.md	1140	callout-fe4043ea14cc6e7b	2a262f155463fc7eb2863f32a4a6fccde0f38299793fc41475a9ed1a97bd23e9	unchanged identity and body	resource-growth
part-04-beyond-the-built-in-model/references/01-private-cloud-compute.md	1142	callout-eedfec9bab514d99	b04d5baf63ddff69766f77cf1c31a1763bddb44634a1eb6cf68b045b9306be70	unchanged identity and body	resource-growth
part-04-beyond-the-built-in-model/references/01-private-cloud-compute.md	1339	callout-3be4f5e976c2aebe	826576bbb028377d9501b8d3217dd16e3942894af2c6b89b52928dfa082d7b0c	unchanged identity and body	empty-output
part-04-beyond-the-built-in-model/references/01-private-cloud-compute.md	1755	callout-ccfbfb8509d31ada	1d2888c9bafa53297fa19d1ab192380cbfe16a56f8985069f784551e08fd4d1e	unchanged identity and body	caution-note
part-04-beyond-the-built-in-model/references/01-private-cloud-compute.md	1759	callout-bac7264c44a9af16	ef50d802c477f595aec632afbd3b87ecbdbd10633bc0793b57131707aa8ef1d0	unchanged identity and body	caution-note
part-04-beyond-the-built-in-model/references/01-private-cloud-compute.md	1836	callout-fb7321e52b4838b4	34c14993d1174c28badd2bc6cd363a34ba09f4b7f516f2d8ec509d538156c9d8	unchanged identity and body	docs-vs-reality
part-04-beyond-the-built-in-model/references/01-private-cloud-compute.md	2050	callout-f5659e166e48644b	5f643e56d72ea4e173ab27b947702a7ed9c1cdd37f2c8df3c46c9ab3ca62e0e3	unchanged identity and body	footgun-api
part-04-beyond-the-built-in-model/references/01-private-cloud-compute.md	2153	callout-f445c7d34cea921c	cbcd92cad7aacf0441ffbda783303934f75ae9814e60d16fe4a8421ee7176611	unchanged identity and body	data-loss
part-04-beyond-the-built-in-model/references/01-private-cloud-compute.md	2324	callout-2c7aab3835b2576e	cf267c8922642ac931d467b68442032aaaf072b7f951eb1be911812322718a41	unchanged identity and body	ignored-input
part-04-beyond-the-built-in-model/references/01-private-cloud-compute.md	2347	callout-304532177347e208	a31bb242a84114291101f5ebeceda9d0d24dd5ebc59afbe20f7c407114315f70	unchanged identity and body	runtime-unavailable
part-04-beyond-the-built-in-model/references/01-private-cloud-compute.md	2352	callout-0f4d6428e91689aa	abb6f5fdd48addb98f5fbc5f7e300dc3e19e8605b00974a06f6dd606dd24cdae	unchanged identity and body	runtime-unavailable
part-04-beyond-the-built-in-model/references/01-private-cloud-compute.md	2605	callout-c164be53ad0b11e4	bc3d702a01263d0f75e5676d2faafb8d0b73684dfec7fc4d13201234163b39de	unchanged identity and body	caution-note
part-04-beyond-the-built-in-model/references/01-private-cloud-compute.md	2667	callout-cc4663803f81c5c4	880f2ac292db31f6c920e48d926e0a8914597adc585decbc555e7208737e0951	unchanged identity and body	caution-note
part-04-beyond-the-built-in-model/references/02-bring-your-own-model.md	76	callout-c444d74d9701ce8f	4ad7f5928b9aebc4aa39da917ec5cc953e5d77bed426d70139a86685ac9c5028	unchanged identity and body	ignored-input
part-04-beyond-the-built-in-model/references/02-bring-your-own-model.md	84	callout-77aa34266a626a4f	781dca8b7f99ff527f7407addb4c704d6792317f96c6b2584a1f2a14f9d49d24	unchanged identity and body	version-drift
part-04-beyond-the-built-in-model/references/02-bring-your-own-model.md	98	callout-d2507a5242fb4f54	ea638c159589d6228d64fb23eea1bd45558b6b83297de03f6c62432ea021e5f0	unchanged identity and body	runtime-unavailable
part-04-beyond-the-built-in-model/references/02-bring-your-own-model.md	201	callout-53ba209cac118378	3b0926ed6468491af08d260c967f741e41e4051ae730a07819242864c0726448	unchanged identity and body	stale-state
part-04-beyond-the-built-in-model/references/02-bring-your-own-model.md	240	callout-02f5a66b58c2535f	02fe6fa55d0d401aaa565bb27f7008758c30b229aa13e1c36af9ee9b4db2feee	unchanged identity and body	docs-vs-reality
part-04-beyond-the-built-in-model/references/02-bring-your-own-model.md	370	callout-5ba4a836773eb68c	ba444693883fc119b6c576dff76a8fc87828b7b729203ce5bef72ad10e92674b	unchanged identity and body	docs-vs-reality
part-04-beyond-the-built-in-model/references/02-bring-your-own-model.md	378	callout-6bc9b3f057969e50	b0292aca49880a57d669140e02907e27aa96fda6aaf8b5a901fb516535d75d15	unchanged identity and body	ignored-input
part-04-beyond-the-built-in-model/references/02-bring-your-own-model.md	526	callout-46d2df2b4605e08a	d9fc1c106aa58fc211ec7dc2f346d23039eedcc505b1632b1a06f810c178e041	unchanged identity and body	garbage-output
part-04-beyond-the-built-in-model/references/02-bring-your-own-model.md	624	callout-4f15273f28e4918c	9de40ad92932910a7f7f378314a2c33c4d45fa07a3a2eae9a78ae604ceb58ed2	unchanged identity and body	version-drift
part-04-beyond-the-built-in-model/references/02-bring-your-own-model.md	664	callout-d71437c5bbd6f5cc	dc911c98c06dd5c4d36ad49c2a81f2fe90edebf3eaa5f726a9ba990cbe784980	unchanged identity and body	data-loss
part-04-beyond-the-built-in-model/references/02-bring-your-own-model.md	717	callout-f7442c2da1e8bb0d	88c0e95b10b6d0c0f6776913bbe7588f1909ad45051821c67e0469e4a25b1b24	unchanged identity and body	misleading-signal
part-04-beyond-the-built-in-model/references/02-bring-your-own-model.md	787	callout-edc007441e9b0977	ba49bfb6c29972d8beea1829e0bd6e2073b6ec9caba23deb3de9d21e92018ac4	unchanged identity and body	stale-state
part-04-beyond-the-built-in-model/references/02-bring-your-own-model.md	837	callout-bb49eba3b6278616	6dc95db0a35e7d0ef82b91bc54b9249c4d973ff93aae855ab85fffef57a3bd77	unchanged identity and body	runtime-unavailable
part-04-beyond-the-built-in-model/references/02-bring-your-own-model.md	897	callout-3536fc33b51a0878	73c86488730e2e660b49547e7bbc745e4459bdbe40e068bc9c7e374ca1a21974	unchanged identity and body	version-drift
part-04-beyond-the-built-in-model/references/02-bring-your-own-model.md	921	callout-9207d314fc0da693	7712b3aac108ae07c28249e6cf2b9e64c8aa3368de5958c6513eb935c2c1d0e5	unchanged identity and body	version-drift
part-04-beyond-the-built-in-model/references/02-bring-your-own-model.md	1002	callout-b7a91c1629f867b8	99445e96fb6d3f1f0e60ae3e87e5979aa86e978ecb59b1bebabcf2abbe9b2255	unchanged identity and body	runtime-unavailable
part-04-beyond-the-built-in-model/references/02-bring-your-own-model.md	1071	callout-f0195d30e24b19ba	ce5a9a7f8d0fe194dcca670f1d6e18913d2b3934db6264b3cfa44231ba685746	unchanged identity and body	footgun-api
part-04-beyond-the-built-in-model/references/02-bring-your-own-model.md	1175	callout-335f8a121e334c1a	6a7bf9a9ad770f4a8db2baaea3584eb8910ddd1656eec876b6d237497554ddff	unchanged identity and body	footgun-api
part-04-beyond-the-built-in-model/references/02-bring-your-own-model.md	1227	callout-598e9a2a4e8e35ae	2da80ca844f6a1120421886552f152cd3b52758ccc3ff0c783a2bfed98cd359e	unchanged identity and body	caution-note
part-04-beyond-the-built-in-model/references/02-bring-your-own-model.md	1245	callout-a293b6dd743279bc	1c5ec959676282d2a5b9c7e333cc97f3a5dd15cfc556b530ed12fe52e1622993	unchanged identity and body	ignored-input
part-04-beyond-the-built-in-model/references/02-bring-your-own-model.md	1287	callout-699bfa284d764616	c893e951be54e52b4665e0a3eaeadb21a2bd14a5671905b41543c5e32b8e073a	unchanged identity and body	footgun-api
part-04-beyond-the-built-in-model/references/02-bring-your-own-model.md	1356	callout-9f6befd531a050ab	d4fbe5e3461d0a8d2a5c65b6c058b6dae9ff7fa6572477813fc4111a0bde9e3a	unchanged identity and body	misleading-signal
part-04-beyond-the-built-in-model/references/02-bring-your-own-model.md	1603	callout-5fd763904e439171	7aadb3c608e6aab23641b6791b993344a2087139528d03c3d9eafbda45bdf5a1	unchanged identity and body	perf-cliff
part-04-beyond-the-built-in-model/references/02-bring-your-own-model.md	1621	callout-b36cfd68a22b4171	f7153f6ebf5f3fb44159aa845a3ef9b77d950c4dc9b37681b099c4d9921d37cf	unchanged identity and body	runtime-unavailable
part-04-beyond-the-built-in-model/references/02-bring-your-own-model.md	1671	callout-48d9ce3fd7085260	66466e9a498efe64676424228fb5f7f70c571f984f3391fe334d593d480b25fa	unchanged identity and body	runtime-unavailable
part-04-beyond-the-built-in-model/references/02-bring-your-own-model.md	1733	callout-6b53fa6c420d994f	4f4c073d6ced72df704a95e62acae3eff655ff0388d28c7b15c2d51fce3db1e8	unchanged identity and body	garbage-output
part-04-beyond-the-built-in-model/references/02-bring-your-own-model.md	1895	callout-67a5968923cab972	e1b5c7f7756433aabc424fd5ea8fba3e3c34f3459cf654bf3a20945b5d5c3ac4	unchanged identity and body	misleading-signal
part-04-beyond-the-built-in-model/references/02-bring-your-own-model.md	1961	callout-ebe4752d0c06cbed	a02cd47bb9b0102c40ccc40f55a853b887d6d5c71eeb12653b3f7099e06ec581	unchanged identity and body	caution-note
part-04-beyond-the-built-in-model/references/02-bring-your-own-model.md	2004	callout-928c88a7ac45fe82	6ab63dfb6f62540cf5c2ad961b458302a52811b57fd1f706098b55d896ec3ebf	unchanged identity and body	garbage-output
part-04-beyond-the-built-in-model/references/02-bring-your-own-model.md	2007	callout-39cb528865205f50	5f87fee7ac0f57a0e1640972f7f23ca8126cac9fa14abcc943e5588891ff14d3	unchanged identity and body	misleading-signal
part-04-beyond-the-built-in-model/references/02-bring-your-own-model.md	2008	callout-7f5323ed10404903	c75466e7158a5613815c5ae5f78b37bc136e1acc41c2a217c71849eac790383e	unchanged identity and body	ignored-input
part-04-beyond-the-built-in-model/references/02-bring-your-own-model.md	2019	callout-f7fdd45180a72eec	1e08cafac571d065f1aa12fa9a426e54049c7780cb09ea278c1793f0c9e40b4a	unchanged identity and body	caution-note
part-04-beyond-the-built-in-model/references/02-bring-your-own-model.md	2041	callout-b2286785660b9bcb	9f9253765d3410f5faccf51dcd63ee7d856db3a93e4527ed2daf139feabc1bfc	unchanged identity and body	perf-cliff
part-04-beyond-the-built-in-model/references/02-bring-your-own-model.md	2215	callout-8239582c5647fbea	67c90d059258a860014cc2747b9f80dd5d4459431758d4e9b6547bd07777e2f8	unchanged identity and body	caution-note
part-04-beyond-the-built-in-model/references/03-authoring-a-languagemodel-provider.md	367	callout-d7ce01e1bf96a721	eedbcb456b586370ca87d966059d174ae82ca58d1c58dd814c0e354cf8dae450	unchanged identity and body	docs-vs-reality
part-04-beyond-the-built-in-model/references/03-authoring-a-languagemodel-provider.md	376	callout-f7b8cd2ba868cbc1	9fc2e03b632dfbcba37af79e9a2c3b995e3b95bfa7a8c7a94af1e18053f099c6	unchanged identity and body	runtime-unavailable
part-04-beyond-the-built-in-model/references/03-authoring-a-languagemodel-provider.md	453	callout-4449ebb642081798	bb1219ecf7de7b8d5ee4b0951d4662c8328813cb131b9c8349cc017ca2ae5a02	unchanged identity and body	docs-vs-reality
part-04-beyond-the-built-in-model/references/03-authoring-a-languagemodel-provider.md	534	callout-04a2c53dd0ed5171	146ebe4a2fb68dd5ed666ca6460d29cb49094ab79246771e2fca7555123b91e0	unchanged identity and body	docs-vs-reality
part-04-beyond-the-built-in-model/references/03-authoring-a-languagemodel-provider.md	730	callout-3752df21bbb6e41a	f13356890db3006646c1c5e3d28b04cf3afbf8386240e97c8ee55ec4f2da91af	unchanged identity and body	stale-state
part-04-beyond-the-built-in-model/references/03-authoring-a-languagemodel-provider.md	863	callout-1a1c4dd293489c09	1c3428fad82317f53bb9a0e6f8bbf13730799d8347656ce79340a6d277a0a9d1	unchanged identity and body	footgun-api
part-04-beyond-the-built-in-model/references/03-authoring-a-languagemodel-provider.md	1160	callout-3cd61ffc71133299	7c6deb4b59d1e473b899c5ec7ebc5dc7adf13cbb67349d6d05ebbba3eee03eab	unchanged identity and body	garbage-output
part-04-beyond-the-built-in-model/references/03-authoring-a-languagemodel-provider.md	1241	callout-63987b53f7b45e2f	5cb859634f9cddef90df73b292cafe7a1c7a89c16513ee59710529c9ed221f58	unchanged identity and body	ignored-input
part-04-beyond-the-built-in-model/references/03-authoring-a-languagemodel-provider.md	1840	callout-5194b8609f54d098	fe57aa90b6436d17d92ea1ce39250a44da5863ae5fa0746dbd9e3fd36e7a74f5	unchanged identity and body	ignored-input
part-04-beyond-the-built-in-model/references/03-authoring-a-languagemodel-provider.md	1842	callout-c7fd386fb5fbcdcd	5c8d7ca6f6f835a2df4294a3dce1edac76dc42722e8d1aeeafae53ce98532daf	unchanged identity and body	ignored-input
part-04-beyond-the-built-in-model/references/03-authoring-a-languagemodel-provider.md	1950	callout-0a4e8ba004141e84	670feb7915f5c18ba0ea00fab2da619ddbdce1204f790bb5b317eaed5114f890	unchanged identity and body	version-drift
part-04-beyond-the-built-in-model/references/03-authoring-a-languagemodel-provider.md	2152	callout-bf48aec8e01b5682	c887437077ac1e8e371df034e1eceb05732a6df8984999162b8fa4bc7ab4b665	unchanged identity and body	data-loss
part-04-beyond-the-built-in-model/references/03-authoring-a-languagemodel-provider.md	2154	callout-d97faf633de2aabd	a7be1e3ec5e01e1679afdd9cdae170f7509cb714dcee9de41a21f1e0a3384e5d	unchanged identity and body	data-loss
part-04-beyond-the-built-in-model/references/03-authoring-a-languagemodel-provider.md	2234	callout-9e96bd771a4133c6	5fd41520027dc46a4a76bac114847cf81291d1233325fc960f262473862c88ba	unchanged identity and body	garbage-output
part-04-beyond-the-built-in-model/references/03-authoring-a-languagemodel-provider.md	2256	callout-5e373f6cb22e0582	8b93c24772bd1a9d2458e36e138eca06a9530efc77e9547912ca6b659b69d454	unchanged identity and body	resource-growth
part-04-beyond-the-built-in-model/references/03-authoring-a-languagemodel-provider.md	2509	callout-6710ae51e4b8b363	0497174dbf60730a039fcf9a6fd6c83e3efe9112cd7c9efd223b1799d8ad4fa7	unchanged identity and body	misleading-signal
part-04-beyond-the-built-in-model/references/03-authoring-a-languagemodel-provider.md	2514	callout-c7bc36704a5063dd	a2542c9f814871374efd48ff3aace4a4a699e2791b861eaf394c0d885340f993	unchanged identity and body	misleading-signal
part-04-beyond-the-built-in-model/references/03-authoring-a-languagemodel-provider.md	2854	callout-7e3d58f32e5a36a0	88dbec3472683efac4dfc0036018d2082d6088bb71485f5fda40b7d83c3b54fe	unchanged identity and body	version-drift
part-04-beyond-the-built-in-model/references/03-authoring-a-languagemodel-provider.md	2896	callout-65fe5eb81b7bd17d	a894361cd3069df5c46c60919fd750ec2baf8271da2ce99dc0f2b3b325adea11	unchanged identity and body	caution-note
part-04-beyond-the-built-in-model/references/03-authoring-a-languagemodel-provider.md	3138	callout-8af87381d85dc72d	eccab8c43b6d14a6db3aae2c734c5ed354fb11980342d8316d09402369ea24af	unchanged identity and body	footgun-api
part-04-beyond-the-built-in-model/references/04-executor-lifecycle-and-kv-reuse.md	17	callout-6f463b928aaca271	e90ff5c3f892cc004213b79bf69496ce806c66e0409e41bc6be26d393b0fad19	unchanged identity and body	caution-note
part-04-beyond-the-built-in-model/references/04-executor-lifecycle-and-kv-reuse.md	74	callout-39c3da379ec8dd75	a6a7968db973e19bfa15c5ba65cb80d2bea3d716683bb34c081dc86819f87aa2	unchanged identity and body	stale-state
part-04-beyond-the-built-in-model/references/04-executor-lifecycle-and-kv-reuse.md	380	callout-0329c2eabedb2f1f	3a00c1a391595cf20736d2bedd90b9bc95ac59c3721bfec6adc00a191f3325b9	unchanged identity and body	stale-state
part-04-beyond-the-built-in-model/references/04-executor-lifecycle-and-kv-reuse.md	386	callout-878649b0bccf00b8	64ccf7d1cf87c297b5d4b2c7c3c326f148e05178e84ae3676c8010c9ac864381	unchanged identity and body	stale-state
part-04-beyond-the-built-in-model/references/04-executor-lifecycle-and-kv-reuse.md	925	callout-f73ab7ec646f9b64	1cc6a0d896e7e19404ddb9948465177239768c5c8680b1a13ec0a62f022b87f3	unchanged identity and body	footgun-api
part-04-beyond-the-built-in-model/references/04-executor-lifecycle-and-kv-reuse.md	927	callout-e464b7604c144b60	d7ce5a83784ad1f0c8798fa7283b36ed6d69a0e0daf5b1e630be6353bf5a749d	unchanged identity and body	footgun-api
part-04-beyond-the-built-in-model/references/04-executor-lifecycle-and-kv-reuse.md	998	callout-89a93387b0ec0ddf	96f31a49e62d053842930cba64f37ca5359dcaa7b0a1f484db4e213c59bc30bc	unchanged identity and body	caution-note
part-04-beyond-the-built-in-model/references/04-executor-lifecycle-and-kv-reuse.md	1452	callout-d76dae9bcb85175c	2f32ea5217a2c621e48578b5a6add7471336b384336812209c0dab5fc804c911	unchanged identity and body	docs-vs-reality
part-04-beyond-the-built-in-model/references/04-executor-lifecycle-and-kv-reuse.md	1476	callout-c27c50e999969e9e	86b6dd1f91c3d670b421b6cab02b911f9fa141619938ded1b6d0bb6e0b3fdda1	unchanged identity and body	caution-note
part-04-beyond-the-built-in-model/references/04-executor-lifecycle-and-kv-reuse.md	1638	callout-c00958eb13935b64	08fafc753488ce2de0c719de8e196da0f79562f0dfacb69750b20ed01251363a	unchanged identity and body	perf-cliff
part-04-beyond-the-built-in-model/references/04-executor-lifecycle-and-kv-reuse.md	1663	callout-ed704c9990f354ea	5b83fdcdd4d18fd402fec51aedcc0e0e264a95dbecbd269ec3b572453b9003a7	unchanged identity and body	perf-cliff
part-04-beyond-the-built-in-model/references/04-executor-lifecycle-and-kv-reuse.md	2074	callout-891e08e500699a8b	d1d5c8dfcefa1fe5e11058750701b602daaf6009293454911b638c6d6211ca14	unchanged identity and body	version-drift
part-04-beyond-the-built-in-model/references/04-executor-lifecycle-and-kv-reuse.md	2110	callout-2479b3707b77edaf	cb2b7a211dd2ccfefffdeb5ca2633457f779ed9ed94b4c50aead3273bf4851a8	unchanged identity and body	runtime-unavailable
part-05-prototyping-profiling-non-swift/README.md	94	callout-bc8506492d1d6d5e	bbd6c515c9465d8cfbd92ea12f2640fc3d495f60bd272fd12aa7b1bc8a7c83b3	unchanged identity and body	misleading-signal
part-05-prototyping-profiling-non-swift/README.md	135	callout-5184bf90d28265f6	db3b8df40a31fb0d9de27571eee4651125c52552204b51a344aa541c9fff82b8	unchanged identity and body	ignored-input
part-05-prototyping-profiling-non-swift/references/01-playground-and-instruments.md	41	callout-bbf6fa351ad5a848	b6dd7436b2c7142ef5bf6380ff09c28e8901eea3e9ed499835a5c5a8d2e186f4	unchanged identity and body	caution-note
part-05-prototyping-profiling-non-swift/references/01-playground-and-instruments.md	63	callout-3b6019bfde9b2c0c	ce077ff4665747c34f5e4d1b9ba324f045cc596f929f7332dd4e0f1ce7661b1a	unchanged identity and body	caution-note
part-05-prototyping-profiling-non-swift/references/01-playground-and-instruments.md	82	callout-036961a615542296	ac315687440e118de7c5dc410195e0d637fb1d68b8af486ee946e89eb4187659	unchanged identity and body	garbage-output
part-05-prototyping-profiling-non-swift/references/01-playground-and-instruments.md	186	callout-533985ba7233bb4d	3e061e110bef1b8a8782a1def760ed7012e89cfb3133cd92c586d6be9a3a0df5	unchanged identity and body	caution-note
part-05-prototyping-profiling-non-swift/references/01-playground-and-instruments.md	371	callout-ff676562acbac3de	b5b2d2722a6e604f1e129ffcf6397ffe1c17cccc41a1e65d9a2127867d910052	unchanged identity and body	misleading-signal
part-05-prototyping-profiling-non-swift/references/01-playground-and-instruments.md	592	callout-1b161a91b051044d	b2f6a6e9411e8e86cb785ee9d76b7efa69b9fd73ed3b4f1c91f357ce4e1af082	unchanged identity and body	caution-note
part-05-prototyping-profiling-non-swift/references/01-playground-and-instruments.md	630	callout-dd75fd740fa510fa	467b507e9f29725752138fd61788ac6490c4ce4e77af585de1b617236a793266	unchanged identity and body	docs-vs-reality
part-05-prototyping-profiling-non-swift/references/01-playground-and-instruments.md	720	callout-feda47152013dd04	586f2710b05fb0425cbf3ec8966ddb76f39f40957d3d727ea9c297f6f4884ca5	unchanged identity and body	misleading-signal
part-05-prototyping-profiling-non-swift/references/01-playground-and-instruments.md	722	callout-5ef6c53def376d74	76fbc00e5666d0bde57d76a899bfa390c5e29e39ec9010b19d43f8cbd91497d3	unchanged identity and body	misleading-signal
part-05-prototyping-profiling-non-swift/references/01-playground-and-instruments.md	864	callout-cb7e4085a615193c	e2233fc3ac7890202d30b9ac8430916aadf92de71e8b43e775f7540892889e84	unchanged identity and body	caution-note
part-05-prototyping-profiling-non-swift/references/01-playground-and-instruments.md	866	callout-9e0f19a3176476d3	4aeb7e9b3ac3d7a5606aaf539a8338a65c2ae969d911a04c7d63df53212a6174	unchanged identity and body	caution-note
part-05-prototyping-profiling-non-swift/references/01-playground-and-instruments.md	1200	callout-de3e74699dac8ec1	2d703ca1070f84615aaac53c965ed371c4d21bd50482582b663154115385d987	unchanged identity and body	garbage-output
part-05-prototyping-profiling-non-swift/references/01-playground-and-instruments.md	1222	callout-6625a3cf0f5437b7	4bb7aea332342dcaa31e5f04b08f12dd8830f4a0617df0d0cd5d55c318a1daa3	unchanged identity and body	docs-vs-reality
part-05-prototyping-profiling-non-swift/references/01-playground-and-instruments.md	1263	callout-7abac7e2721bbb34	29bfb0c445353e1055c05bbddd4d608993bec360f7e8a7103e837752a3afcae3	unchanged identity and body	garbage-output
part-05-prototyping-profiling-non-swift/references/01-playground-and-instruments.md	1265	callout-3f7b0dd47377af2c	e3ee764fd6c853d718e26d8b7dc41329604654c315f65273847f04d819f04d6c	unchanged identity and body	garbage-output
part-05-prototyping-profiling-non-swift/references/01-playground-and-instruments.md	1577	callout-1cd0f4166e18e2e1	b6320742a70e638171ec1067c7e78aea88268edc723848cc7227d70f981350e7	unchanged identity and body	footgun-api
part-05-prototyping-profiling-non-swift/references/01-playground-and-instruments.md	1602	callout-066762a71608a341	8c9f307fb171439d6953a93c37867b14555f4788e28ba48f4366ce871a3f43b1	unchanged identity and body	empty-output
part-05-prototyping-profiling-non-swift/references/01-playground-and-instruments.md	1633	callout-6e1ff89c1abd051a	1da4c9020c0a3353cbfab40aad8c52d31eafef9f1fda6b76e6a514c82630d24d	unchanged identity and body	docs-vs-reality
part-05-prototyping-profiling-non-swift/references/01-playground-and-instruments.md	1767	callout-5dde0c76f4429246	949c88641973bbec82cee2fa7dcae283657b3cf792aac5d25b6e9ace44d75ddf	unchanged identity and body	perf-cliff
part-05-prototyping-profiling-non-swift/references/01-playground-and-instruments.md	1954	callout-c9630611e93bc4c8	084e00dd322217a87c4483b39877ee3ff87ee0ce6021bcdf2555b74f69cd4550	unchanged identity and body	caution-note
part-05-prototyping-profiling-non-swift/references/01-playground-and-instruments.md	1992	callout-da2e2703eea721a4	91bd8ce60473fc45c628ad427e705e98f16b80ca2c9c5053ae42bd94f9f84fce	unchanged identity and body	misleading-signal
part-05-prototyping-profiling-non-swift/references/01-playground-and-instruments.md	2099	callout-809992a31fbbe8d0	58399459aa8b238ab1c2e6e862850a4621264e1c3dd6c6e50ddfb25f60cb25d6	unchanged identity and body	caution-note
part-05-prototyping-profiling-non-swift/references/02-fm-cli-and-python-sdk.md	25	callout-2d50183f6b0c51ea	1cb49758790aaa4f979ad547f0b5c6406022158b2a4710cb9fbc75c4c2ea918a	unchanged identity and body	caution-note
part-05-prototyping-profiling-non-swift/references/02-fm-cli-and-python-sdk.md	102	callout-eb8ce5a5e258ff37	8f7ed2c34cfdd262060dc0312d55ac002f994a39da2c769e6263ffde221a75d0	unchanged identity and body	resource-growth
part-05-prototyping-profiling-non-swift/references/02-fm-cli-and-python-sdk.md	420	callout-cf4d31a15b435657	a90fbb64f3e2a5effc4bd788ca8741b48086ffccc4e1ca96b43394136aeb5a02	unchanged identity and body	docs-vs-reality
part-05-prototyping-profiling-non-swift/references/02-fm-cli-and-python-sdk.md	458	callout-17ea252c5980d820	cc83e5237107c3aacd326fdda91b9fc52465d03e47f298156660ae8e1ab83a53	unchanged identity and body	version-drift
part-05-prototyping-profiling-non-swift/references/02-fm-cli-and-python-sdk.md	531	callout-1cbfd890a7180a83	b2980062d05330c51478f76bb5ace8f78d92a2462fcc37efb993bec59b120216	unchanged identity and body	docs-vs-reality
part-05-prototyping-profiling-non-swift/references/02-fm-cli-and-python-sdk.md	593	callout-8f467ebd9f332ac4	627fa49f67164177a63c2cc729df0ca0eab99717dc2629553330210c03cd390f	unchanged identity and body	ignored-input
part-05-prototyping-profiling-non-swift/references/02-fm-cli-and-python-sdk.md	832	callout-84aba4b402bec007	c6c8919573f4cc0542f54e8892b63a0ffa94eba3bdcf91429519e4ebfedc9021	unchanged identity and body	misleading-signal
part-05-prototyping-profiling-non-swift/references/02-fm-cli-and-python-sdk.md	838	callout-c1b5b00d71623ca3	f6ba7c23dd260df9c8c1005d168e5ba9c2b4c2ef5dd983cf4a3c28be9745b26f	unchanged identity and body	docs-vs-reality
part-05-prototyping-profiling-non-swift/references/02-fm-cli-and-python-sdk.md	874	callout-1acca7c22e49cb21	3a99d9036ac4e2a2206e057b042960584e49cc65aa8dd8a44ad3627f4530a66e	unchanged identity and body	docs-vs-reality
part-05-prototyping-profiling-non-swift/references/02-fm-cli-and-python-sdk.md	880	callout-5d0d6ad520887422	0ec80e5acc116fe79827e7b5712ff512643e05e28f6afc7ffdf93395360c1f19	unchanged identity and body	docs-vs-reality
part-05-prototyping-profiling-non-swift/references/02-fm-cli-and-python-sdk.md	1080	callout-13a369ddf358574a	d3366e4ca7f94c13c1eeaa49aae04cccc6d07b53ee796c2b733442c1d7a9db2f	unchanged identity and body	runtime-unavailable
part-05-prototyping-profiling-non-swift/references/02-fm-cli-and-python-sdk.md	1085	callout-7309b7d30f166a16	d474b0ded8007b496b038b44e7cbcb38f943e8a82cabe569f3d8f947e6eb7354	unchanged identity and body	runtime-unavailable
part-05-prototyping-profiling-non-swift/references/02-fm-cli-and-python-sdk.md	1195	callout-85ff0e86e9da7d46	8452fafefb2cf81271ecfcda38b83bd28c5466c6cfbaee015799d11335d6a222	unchanged identity and body	misleading-signal
part-05-prototyping-profiling-non-swift/references/02-fm-cli-and-python-sdk.md	1332	callout-292dcf8a3c9ab178	a10b8f905a7f81c8202abb33a356792869c67f20724d4c8d4a670c1dc782e880	unchanged identity and body	docs-vs-reality
part-05-prototyping-profiling-non-swift/references/02-fm-cli-and-python-sdk.md	1400	callout-ab88eead40037176	4998339fceb70e8943978f95eda73e7476c8f7e9bcfbbc91bbf718f2b3f060dc	unchanged identity and body	garbage-output
part-05-prototyping-profiling-non-swift/references/02-fm-cli-and-python-sdk.md	1531	callout-b194a2b901d15de9	3b16e1d0fa213d91f89afea76a51d1c38f90db40693f691f5734b3a65b8073e7	unchanged identity and body	ignored-input
part-05-prototyping-profiling-non-swift/references/02-fm-cli-and-python-sdk.md	1538	callout-09201621ec665258	cbdc8b3a45f4f9fbb61ac1b73d8f2f34855a09b59453c0b49309536f70afe3ad	unchanged identity and body	ignored-input
part-05-prototyping-profiling-non-swift/references/02-fm-cli-and-python-sdk.md	1695	callout-09560baf5b378e46	1b20b5bd036e447d9b12f8c3b6c8b0f970791d6cb9310d4db208721fcd49bfb3	unchanged identity and body	footgun-api
part-05-prototyping-profiling-non-swift/references/02-fm-cli-and-python-sdk.md	1743	callout-ee7fc5ee9385ad97	728aed8284eed6d279f7f65c5a2171c5aa9bb196ed2cccd24641827403247997	unchanged identity and body	ignored-input
part-05-prototyping-profiling-non-swift/references/02-fm-cli-and-python-sdk.md	1932	callout-a7a365aff70699fb	d9fff7eb5953309c31a1e2a91ae54c9844e4be18661155f6b2bb8272035a3683	unchanged identity and body	footgun-api
part-05-prototyping-profiling-non-swift/references/02-fm-cli-and-python-sdk.md	1954	callout-2cfa3033b7722e82	391bcbeac51b153fb0ba6192305ba805cc3cd9ae6b41d63d7a59bbe518bcfde6	unchanged identity and body	ignored-input
part-05-prototyping-profiling-non-swift/references/02-fm-cli-and-python-sdk.md	1959	callout-130927f7b168262e	acd6a330dd5a4d477d3f017ef0c1b616fa201e59da070e466f515d83fb1e61d8	unchanged identity and body	ignored-input
part-05-prototyping-profiling-non-swift/references/02-fm-cli-and-python-sdk.md	2106	callout-10619366b71326b8	cc47abe349e1b97fcd766e48a2ebfc4b8589bd2d8109c811db59201c7c39eb43	unchanged identity and body	ignored-input
part-05-prototyping-profiling-non-swift/references/02-fm-cli-and-python-sdk.md	2108	callout-b6b3d046cec7d8fc	9fb6338d88f9c47bb30b14c6b292fdd8842dc3053e3e299891220f7ee4894364	unchanged identity and body	ignored-input
part-05-prototyping-profiling-non-swift/references/02-fm-cli-and-python-sdk.md	2227	callout-4713e2ea8fc2125f	45c801118cfc61452b3773d17f75312d95e81463b7e0f404646eaf4a5a160756	unchanged identity and body	ignored-input
part-05-prototyping-profiling-non-swift/references/02-fm-cli-and-python-sdk.md	2277	callout-67344dd6c000999c	6a91e3bdba02bc1b25ae910b905e789f55cae38a2be05bb72afd15cc4d857ff6	unchanged identity and body	caution-note
part-05-prototyping-profiling-non-swift/references/02-fm-cli-and-python-sdk.md	2405	callout-f32bfe18a010a9f8	90182e399abb0b0bd8a44872d5373498b45461eeac2c0ef8d4d3eabde7c0b600	unchanged identity and body	misleading-signal
part-05-prototyping-profiling-non-swift/references/02-fm-cli-and-python-sdk.md	2407	callout-1ac87f95f3008f3c	82a87e7efd6f4110707013ad86973ea2897ed49395ca9ed36955d68b1ae0b962	unchanged identity and body	misleading-signal
part-05-prototyping-profiling-non-swift/references/02-fm-cli-and-python-sdk.md	2463	callout-1eefe9436cb69f5c	09408cc538a995619c9609d6c86d15c9fc9797cd0b975193966df8c46ca24c9a	unchanged identity and body	empty-output
part-05-prototyping-profiling-non-swift/references/02-fm-cli-and-python-sdk.md	2503	callout-3714845dfb604c0e	bdd82159a1e82e73de2204c2d7bc53ae7cdf3bfaa9413dfa7508ef2b61aea7ca	unchanged identity and body	footgun-api
part-05-prototyping-profiling-non-swift/references/02-fm-cli-and-python-sdk.md	2565	callout-a0405eb083324d05	3691c7c30c01f6bc446f0e0977e7bca9236fa07d624eba9fa67fd5acd62f65cb	unchanged identity and body	footgun-api
part-05-prototyping-profiling-non-swift/references/02-fm-cli-and-python-sdk.md	2609	callout-4592b340fcdf825d	70e8095d4a5c10f5d365883907500fdec35d72403056cc01c8545e0f3fc85714	unchanged identity and body	footgun-api
part-05-prototyping-profiling-non-swift/references/02-fm-cli-and-python-sdk.md	2640	callout-36e6f806980c2f9b	7369ac229facd259ccf0389c9689c91b72c50c3b419f213af4346ab4c5a81dfe	unchanged identity and body	garbage-output
part-05-prototyping-profiling-non-swift/references/02-fm-cli-and-python-sdk.md	2818	callout-872d41795962dbf8	2c0b2c0a02008900ec72e22638f120e824a125a8fd97afa2b84a4eaebe94ae7b	unchanged identity and body	footgun-api
part-05-prototyping-profiling-non-swift/references/02-fm-cli-and-python-sdk.md	2847	callout-be699511c2283e48	23a892f6700f9a0a9aa09438d428a2e1615ef346b00d20d7763fbda37ffab96b	unchanged identity and body	caution-note
part-05-prototyping-profiling-non-swift/references/02-fm-cli-and-python-sdk.md	2858	callout-d96f67a3bf2117ac	23e8520174bd38bc4c4bf44302bfa3e3847c1db7546bc398836e638548285926	unchanged identity and body	resource-growth
part-05-prototyping-profiling-non-swift/references/02-fm-cli-and-python-sdk.md	2940	callout-10552138fd887060	2a9837b90c7ee34bd0ae5f8371933bb6e8f74214d1937cb3f7be3ca3d2c1465b	unchanged identity and body	resource-growth
part-05-prototyping-profiling-non-swift/references/02-fm-cli-and-python-sdk.md	2992	callout-83d76607381bba94	6b8f211b859a1630a06ceac261bae427b1b5fcb409e37b77bc0360e715346183	unchanged identity and body	footgun-api
part-05-prototyping-profiling-non-swift/references/02-fm-cli-and-python-sdk.md	2994	callout-23c1edb9130b20ad	0276998b6b30ea0f655a7e6e2ee2085c3e1eb739152268db1cd4b54922648bf1	unchanged identity and body	footgun-api
part-05-prototyping-profiling-non-swift/references/02-fm-cli-and-python-sdk.md	3046	callout-a43133bbc6066c4e	ebd17a9eb6eaa21afa28625af0983056b85c53468979cad06f1a6b02e6a1cc9c	unchanged identity and body	docs-vs-reality
part-05-prototyping-profiling-non-swift/references/02-fm-cli-and-python-sdk.md	3074	callout-b8ce05eabcb1ecee	c41a5b81b058b9222a07a69183e5a8bb01b6fdbffe8c7991436177a6176690f2	unchanged identity and body	empty-output
part-05-prototyping-profiling-non-swift/references/02-fm-cli-and-python-sdk.md	3159	callout-8ba1bca9a8a0dc28	40db957438b4ac6449ac3526f3bfe1d9f8902d027bbf273605b8eb430b2f6595	unchanged identity and body	footgun-api
part-05-prototyping-profiling-non-swift/references/02-fm-cli-and-python-sdk.md	3429	callout-e8b584953ca1c333	be08fa3ef8ea396da0abdc38e6598c3994d28dbf8e3edb67ee4e80211ade2899	unchanged identity and body	ignored-input
part-05-prototyping-profiling-non-swift/references/02-fm-cli-and-python-sdk.md	3477	callout-c206d50aa7006b8c	22a3741197a0f6dc1369799ce4b158452dd3530faa988885a59c40fc86d35ae4	unchanged identity and body	caution-note
part-06-evaluations/README.md	107	callout-86422da0578a0555	1e9a5990da40abf5f627809095cdc8bd9b209d770dfe51de5477cba218dd5931	unchanged identity and body	silent-truncation
part-06-evaluations/README.md	135	callout-78addba2c0750dfe	0202dbff1ca4da2cc8f7ddefad86912be17ed78d1f14ac3bf2266c4eeb623227	unchanged identity and body	docs-vs-reality
part-06-evaluations/README.md	174	callout-d6f28c7497c39031	84fab7db1371b6e9f02f839882d527bc4408e80f8451003efa54db52704df7e6	unchanged identity and body	silent-truncation
part-06-evaluations/references/01-foundations-and-hill-climbing.md	123	callout-852ccacf6ce21c72	60fa394c40c0f17b90ea797162f0b07b2516eea0ca0d43a1e84c4b2320bfdf73	unchanged identity and body	caution-note
part-06-evaluations/references/01-foundations-and-hill-climbing.md	394	callout-65e9dfb5fc28c42f	748c7441f71b4eeb5c2713ab17b5a20f01a997237afb0e7b606dc874dc16ccd0	unchanged identity and body	footgun-api
part-06-evaluations/references/01-foundations-and-hill-climbing.md	506	callout-4be4cdec6541b17d	df77020610de529a443f451ef6d3e16399870747e93b4a0df99bbcb781f0ab4d	unchanged identity and body	misleading-signal
part-06-evaluations/references/01-foundations-and-hill-climbing.md	968	callout-bb133241ae15d371	95fde1cabe393c21a8131db34d1a04858d7b0c16af1a234fa15b3ba65556bde0	unchanged identity and body	misleading-signal
part-06-evaluations/references/01-foundations-and-hill-climbing.md	1112	callout-40b4fb77b2f642e7	b0a65843bd38b6014624216da7664f3d98c45976c8d64ce66821f1722f3b7310	unchanged identity and body	docs-vs-reality
part-06-evaluations/references/01-foundations-and-hill-climbing.md	1157	callout-1290f929c93207c5	c18093554c6989152b463b85cfa5edfb160903f68ede7076b953216b6794dabf	unchanged identity and body	docs-vs-reality
part-06-evaluations/references/01-foundations-and-hill-climbing.md	1782	callout-c995e0dbaa1d7933	cd95327d4a7c0a735c3ddb71d118bf9afb7d30575f0de6e154e5872cf176626f	unchanged identity and body	caution-note
part-06-evaluations/references/01-foundations-and-hill-climbing.md	2027	callout-5fb347baff6c6987	821908f42c95d554a84386600a47abb4165e92313091c3a72d4096c93e3d0741	unchanged identity and body	caution-note
part-06-evaluations/references/01-foundations-and-hill-climbing.md	2230	callout-3209c8199742d8e1	284512da064847b0d01a1391d44bbcdcfd00a71a6517eec11bd198552a5d1a1c	unchanged identity and body	caution-note
part-06-evaluations/references/01-foundations-and-hill-climbing.md	2240	callout-94b63b7a866401f0	2f2fa3eacd11c32f626eb83cc241bc19e37dc6bd38e8412ad419a79b7d3f0f01	unchanged identity and body	silent-truncation
part-06-evaluations/references/02-model-judges-and-alignment.md	65	callout-89504eaecc7eff64	6186dc1961bf8aba42a0b0900f9f303812d2e6b4865f4dc077fa2fc0688eb568	unchanged identity and body	caution-note
part-06-evaluations/references/02-model-judges-and-alignment.md	104	callout-0f88a8ff63041771	6872997a340fcff784d017b2a1fea03686675a5074b5394935d072c49cf5420b	unchanged identity and body	caution-note
part-06-evaluations/references/02-model-judges-and-alignment.md	600	callout-be0f41861a33e68c	96a10cd35b5f8f32d57df60e4fcaa4a061bad82d7b01c31e220b6087ca47da2f	unchanged identity and body	caution-note
part-06-evaluations/references/02-model-judges-and-alignment.md	940	callout-e59cd66bd698db25	802c7eea22474e14caa89999c35074ea5e31c7579ee04b79cd17df2918c6a192	unchanged identity and body	docs-vs-reality
part-06-evaluations/references/02-model-judges-and-alignment.md	1064	callout-7df04e59099be365	c2c985b1c11ad1d687ee23d322164e618ad32193457f777137ca400b64e6a3df	unchanged identity and body	misleading-signal
part-06-evaluations/references/02-model-judges-and-alignment.md	1405	callout-a270da65be8956fe	f89b3ce021923a974b8ebc4bc0dd838b7aabc2b99d9043e624efd30a925452ce	unchanged identity and body	misleading-signal
part-06-evaluations/references/02-model-judges-and-alignment.md	1608	callout-4cc1e4109f8365f5	89ae2540595c38f907e9326261cefe98c5adc5eafbb4bd1a2034631e055ac93d	unchanged identity and body	docs-vs-reality
part-06-evaluations/references/02-model-judges-and-alignment.md	2423	callout-b4be253a87a0e3c1	4d6c931a544e3c349ae13d51504a3bfc875699045d403223a80c8192214ed007	unchanged identity and body	misleading-signal
part-06-evaluations/references/02-model-judges-and-alignment.md	2480	callout-5a630136c94f244d	b1ccf5581e10946f703b8bfc106793383d3d669dd3a75d47d102fc18a1aa171f	unchanged identity and body	caution-note
part-06-evaluations/references/02-model-judges-and-alignment.md	2486	callout-ef1e261076739a58	505a9f3f56d9fd6b1902f6b1831f5a3404f769bd50081167c4546270a784ab24	unchanged identity and body	garbage-output
part-06-evaluations/references/02-model-judges-and-alignment.md	2549	callout-ae74af295846d3cf	41e354d765f1fc0c1b21b5aeb400e10bf3f19fdad69cfa45965ea426f6d1ecbb	unchanged identity and body	garbage-output
part-06-evaluations/references/02-model-judges-and-alignment.md	2602	callout-0fe30c45481e4779	15689cfdb7754cc83c812ddced06a6f5486990dec0f5d3645b0ce0a3c959e856	unchanged identity and body	misleading-signal
part-06-evaluations/references/02-model-judges-and-alignment.md	2628	callout-d0d8370fe77e6a8d	5e44268a7af4c4fe042b7f8891b3d0865008dc46e8ce12cf541df9c0b84d567a	unchanged identity and body	misleading-signal
part-06-evaluations/references/02-model-judges-and-alignment.md	2635	callout-1279cfb8d9b9a47a	3f498529a4a76a01052a575e1618bc03806a3c52249143eddbfbce0890f86181	unchanged identity and body	ignored-input
part-06-evaluations/references/02-model-judges-and-alignment.md	2642	callout-c456e607ac1f245d	55efedaf59410a5f9b48fd931a667519b7f17680a806dbe180372a194b728435	unchanged identity and body	footgun-api
part-06-evaluations/references/02-model-judges-and-alignment.md	2658	callout-7284b8042431a184	94a74a95d3db8eb0717d7a9adaa2ea23b6c5e44101587b8f7f3fa654eec9c68f	unchanged identity and body	misleading-signal
part-06-evaluations/references/02-model-judges-and-alignment.md	2666	callout-de198de0c341c52d	0fced774c41b77902c7e56751fc18459bac3d74c969ac60d940e2571b0f76903	unchanged identity and body	caution-note
part-06-evaluations/references/03-synthetic-data-and-tool-trajectories.md	75	callout-8aeaae7d7a58bcd0	00e1367be2a9d01bb68390e9c5ca80a3533223fd5f5c34a6a4ebd9b0fc427fac	unchanged identity and body	silent-truncation
part-06-evaluations/references/03-synthetic-data-and-tool-trajectories.md	77	callout-deb6deac612076e2	f8ed86a78067c6287addc98b5b08ba817ba150bb56dc19db9f613e665d5ebe59	unchanged identity and body	stale-state
part-06-evaluations/references/03-synthetic-data-and-tool-trajectories.md	80	callout-517c85778caee92e	ef153b439026f4ed3fd2490a0bbe8e2d70a2f5e89aedfc351035efabc78cda98	unchanged identity and body	misleading-signal
part-06-evaluations/references/03-synthetic-data-and-tool-trajectories.md	89	callout-e13d3c98dfa73b56	0471224613fb98c6c6d3e85fc7d398cd80aea9e924dfc1a969647858720121eb	unchanged identity and body	caution-note
part-06-evaluations/references/03-synthetic-data-and-tool-trajectories.md	246	callout-75e9d53bb817ece2	fb9270b354183894e18d2ddfd260c4211ef23960710ec15e08e1bbb4ab74806e	unchanged identity and body	silent-truncation
part-06-evaluations/references/03-synthetic-data-and-tool-trajectories.md	257	callout-da2430a14dfde762	11c1bd81010080a6ff291cd24a975b7eb8efa1d87b131dbfb7a88cb1f91df9d7	unchanged identity and body	silent-truncation
part-06-evaluations/references/03-synthetic-data-and-tool-trajectories.md	407	callout-f188bb94544445e3	ef01504bbc653605b36100dbd1942d2cec130af8b4c91795cad55f0eac7461fa	unchanged identity and body	footgun-api
part-06-evaluations/references/03-synthetic-data-and-tool-trajectories.md	435	callout-ab4fb2e2efc69eaf	32659151b466f83793e90f6310b774558680c4d65017fd87010ca32ed098340b	unchanged identity and body	stale-state
part-06-evaluations/references/03-synthetic-data-and-tool-trajectories.md	465	callout-dfdff9cfde5536ec	32cadafc7e6e4632903e93043c70169f5861cef16776a1b69136b7a72a146819	unchanged identity and body	stale-state
part-06-evaluations/references/03-synthetic-data-and-tool-trajectories.md	584	callout-721ab8e0ff35b172	0fbf10cdbcaf7a0f403fa7746ef46791c02ecff2c6bb268323acca2ce2363b47	unchanged identity and body	docs-vs-reality
part-06-evaluations/references/03-synthetic-data-and-tool-trajectories.md	761	callout-db541edbac679ff4	6dd32e4054f5170fb01a00b6b4650e080aeecbcef3eedebc7728a545d47c774a	unchanged identity and body	misleading-signal
part-06-evaluations/references/03-synthetic-data-and-tool-trajectories.md	807	callout-3e10a2395a35992e	f8683ac87476ad0fd8832bac68dfd60b09a811636c80c8825da6adb8519a8226	unchanged identity and body	misleading-signal
part-06-evaluations/references/03-synthetic-data-and-tool-trajectories.md	854	callout-6a74284edc4da181	3f7708c7a17dbcc063e7be7ecc86d02288a5d6db09436719971facccc7c6ee76	unchanged identity and body	empty-output
part-06-evaluations/references/03-synthetic-data-and-tool-trajectories.md	1011	callout-685bc2275800d4fb	3873aaa1ab75e906b00c890175e9a055153e5464b026c8848b5a76c83b0bbbc2	unchanged identity and body	silent-truncation
part-06-evaluations/references/03-synthetic-data-and-tool-trajectories.md	1824	callout-98982aceb301364d	9127ca782816a41cb10d7900995116d37c4c9a3a3084912e6df77368398366a8	unchanged identity and body	caution-note
part-06-evaluations/references/03-synthetic-data-and-tool-trajectories.md	1933	callout-3f81ffe2af0bee86	50a608c9c21e446b8002365a2ffa77cb6ba649b2a1d4b0cbf0d88f780e316d3e	unchanged identity and body	caution-note
part-06-evaluations/references/03-synthetic-data-and-tool-trajectories.md	2043	callout-391c1ad45269c470	49010a6f462294bbcbb051ca91874e35997014788076a7a1630b8b9bb26a593a	unchanged identity and body	caution-note
part-06-evaluations/references/03-synthetic-data-and-tool-trajectories.md	2106	callout-c22b14a2d1674f31	32c6110f6cd2f700ab61347b643005d16d2316c4ee79f4a2fa844a219d95acdf	unchanged identity and body	caution-note
part-06-evaluations/references/03-synthetic-data-and-tool-trajectories.md	2141	callout-57bfaf0e5acb20b2	412e1ee9eb29628bdcf0111d21204a26898b0d0523bb0ff384dd2e5de1723521	unchanged identity and body	garbage-output
part-06-evaluations/references/03-synthetic-data-and-tool-trajectories.md	2289	callout-4f137fd24bf9757a	2c2e0f829a0c3cc68f616a48adaab8eb25e39d450edc70a93632a25deaca4b72	unchanged identity and body	caution-note
part-06-evaluations/references/03-synthetic-data-and-tool-trajectories.md	2513	callout-3796113fa63b1e22	f7d6b62b070322b0975ebd2173fa2723635a52a33bcb8175b334738cd0a99088	unchanged identity and body	caution-note
part-07-coreai-swift-runtime/README.md	20	callout-05e497afac200bef	2f44999e29ff5b40b1a3ba883ccc01683cb1d7944ceb9eb7afa7f003fd0bc139	unchanged identity and body	caution-note
part-07-coreai-swift-runtime/README.md	93	callout-d4d4d16aeb6ee15e	126b5f7a25b037ab1b8aa6ce22188c4dfc858f405ee6df913604e32a598ae46b	unchanged identity and body	perf-cliff
part-07-coreai-swift-runtime/README.md	123	callout-8d211cb4f7359ae3	b5fe01f692473be6d04fce82442206429294fa736c5477db7770867c413c5089	unchanged identity and body	resource-growth
part-07-coreai-swift-runtime/README.md	154	callout-982ea4e7eadd1073	3e6b89970a2e405f5904f7571f07871e1ce7a66b5327a525eda556daeaba1651	unchanged identity and body	perf-cliff
part-07-coreai-swift-runtime/README.md	184	callout-80f1ccc366110e9e	9af3a14d4183625e23c98cbc526e42cf726363d943a6e76aadc06a62b0860e33	unchanged identity and body	runtime-unavailable
part-07-coreai-swift-runtime/README.md	214	callout-63b944636a308b10	d280b111cd950f0bdd8107ebbe3e76933c3688ebf2c81a6f7127ee12b1c354ef	unchanged identity and body	perf-cliff
part-07-coreai-swift-runtime/references/01-runtime-and-ndarray.md	11	callout-ee3ec1eb983c3f24	27a4f87397afc8be4c2db41ef212a241f45f6e6116e9a60f400fae598df642f7	unchanged identity and body	runtime-unavailable
part-07-coreai-swift-runtime/references/01-runtime-and-ndarray.md	18	callout-534a1e74b703d2f4	c562fd207be97d0af04fd313bfaabb78e7621b8484b478b354a1b52963b07ed3	unchanged identity and body	docs-vs-reality
part-07-coreai-swift-runtime/references/01-runtime-and-ndarray.md	92	callout-fbf189e8bf7b7fe6	e583effde61c633501fb53f72c516193a17e8a8c02035dbb5ae8e9ba687f519b	unchanged identity and body	caution-note
part-07-coreai-swift-runtime/references/01-runtime-and-ndarray.md	225	callout-f09f3fe24b41d440	2e714d3005ab17f477ef44d9c2f9914bf87b81b287afc718c8910353ec518dee	unchanged identity and body	misleading-signal
part-07-coreai-swift-runtime/references/01-runtime-and-ndarray.md	337	callout-08748b18ed0634db	4f4d0c84810908c2d2a463b18b597fa5f75d163a5f3a9d2504c92dda8b5f10c0	unchanged identity and body	perf-cliff
part-07-coreai-swift-runtime/references/01-runtime-and-ndarray.md	404	callout-776f887a604211df	e6c20c083c0020d7ca5b45d4e1c2831a08bd300e3723201d5325e1366364b2e4	unchanged identity and body	perf-cliff
part-07-coreai-swift-runtime/references/01-runtime-and-ndarray.md	541	callout-f3cc4ccfa66d0baa	b1ed76f20fe7ff40da5923b08075874bc6b367bedb20c4a789b5868835a23d25	unchanged identity and body	perf-cliff
part-07-coreai-swift-runtime/references/01-runtime-and-ndarray.md	561	callout-b34a75f0fa80b0e3	98ed05e708abd33b3cdd9fc69f9922d8a695e92a4ac81a3bf089528e45c5f2d1	unchanged identity and body	docs-vs-reality
part-07-coreai-swift-runtime/references/01-runtime-and-ndarray.md	650	callout-eceb8b46e637689e	be58f2e061fe87b4f5059f3a9d4c29ab75364f57308c1077b85e0bfe1cdf48b0	unchanged identity and body	footgun-api
part-07-coreai-swift-runtime/references/01-runtime-and-ndarray.md	710	callout-efb0507218025fb2	305d09f5087c99b7cb3c1d83404920258b75688eb2446f913e0a0bda7ebd4c39	unchanged identity and body	perf-cliff
part-07-coreai-swift-runtime/references/01-runtime-and-ndarray.md	762	callout-0ce6556284458738	487fc415f27da403e0a86ca668e9aba37e66af0723ac199df0b675759d0ad98e	unchanged identity and body	resource-growth
part-07-coreai-swift-runtime/references/01-runtime-and-ndarray.md	764	callout-c5a7166e8b314566	5ba7f675165ad61e0638eb3d8c8036063ee0764e878aa0d95592a5cb8513ea25	unchanged identity and body	resource-growth
part-07-coreai-swift-runtime/references/01-runtime-and-ndarray.md	829	callout-c77ac586b346900d	55cb3b7bc37523e647a4da3de1f4d237f0ad1e7059aa2936d35bdcadb3450e87	unchanged identity and body	caution-note
part-07-coreai-swift-runtime/references/01-runtime-and-ndarray.md	972	callout-6ef75486034c1772	1a19aab0ceee848bce29d1d416bc6d43e532cf7f6a61a6b224960cf3f2971f78	unchanged identity and body	caution-note
part-07-coreai-swift-runtime/references/01-runtime-and-ndarray.md	993	callout-2807e28a0163a34a	226aecd3a9fe06d2b0d6eb3590eb0a68c73b98bce15ba4ccdc4cc85ab8f62f72	unchanged identity and body	footgun-api
part-07-coreai-swift-runtime/references/01-runtime-and-ndarray.md	1078	callout-ed6cfe5077854f42	23b04a4030c09aae348326170df8f7f669ba40a30632acd576c1d52cd38e6266	unchanged identity and body	caution-note
part-07-coreai-swift-runtime/references/01-runtime-and-ndarray.md	1211	callout-e61d04f29afec829	11843cb9858fb13d51ee9cc312e778eabc290742f12706b6d63846a0ce59559d	unchanged identity and body	garbage-output
part-07-coreai-swift-runtime/references/01-runtime-and-ndarray.md	1295	callout-fbfeb1b41e412dc8	9c0aeb6225fd4d6e935b3f9181dd3ce177fba3205b6011d6e70791a5d25a0740	unchanged identity and body	footgun-api
part-07-coreai-swift-runtime/references/01-runtime-and-ndarray.md	1297	callout-c7bf8a056c6862a0	725fd91144d90c8a118cbc4d696aa625e1dcb5a67d922b83fd1724e3a4659e8f	unchanged identity and body	footgun-api
part-07-coreai-swift-runtime/references/01-runtime-and-ndarray.md	1422	callout-c1998482b9e9acc9	beeaeacecc8e6f0b4d2b96a8a3d7eec4776350b9333e409ee8a495eb98f567d8	unchanged identity and body	footgun-api
part-07-coreai-swift-runtime/references/01-runtime-and-ndarray.md	1492	callout-e99166a5d84ca5fd	049a0714e234f1665bcafae5d22058920b8469c9a390de7d0c4ba85b83cacce8	unchanged identity and body	garbage-output
part-07-coreai-swift-runtime/references/01-runtime-and-ndarray.md	1557	callout-107861273b08d6cb	153a922347e0986d7af89eb792392346e9f2794dfa54caffbc6b3c6310d6ef50	unchanged identity and body	garbage-output
part-07-coreai-swift-runtime/references/01-runtime-and-ndarray.md	1559	callout-ebce79906147b47c	5b42aaf8b091a7c4dadf75971c733ed126fec7f35224c4a77579710f7c2468f5	unchanged identity and body	garbage-output
part-07-coreai-swift-runtime/references/01-runtime-and-ndarray.md	1590	callout-def5baec3a4d7411	ea9b957fd704209c2125a10d58d3256f70b01c02c94303d7a352cd829ad9b9eb	unchanged identity and body	runtime-unavailable
part-07-coreai-swift-runtime/references/01-runtime-and-ndarray.md	1686	callout-e6944ec8cf463598	6b40e26d38e9fd9b148f017dc21af1c17c7873a8ce7943081f603e5ec61519b3	unchanged identity and body	docs-vs-reality
part-07-coreai-swift-runtime/references/01-runtime-and-ndarray.md	1873	callout-9387d77060a9b386	b8fb3725834107504bf3e036e43d67294adc5b912e16399ebb83177708d71d16	unchanged identity and body	footgun-api
part-07-coreai-swift-runtime/references/01-runtime-and-ndarray.md	1882	callout-0faf8eb61528e497	b41005a0dad86353f374ff33d1e9189665c85b72bf56d92bdb90f835c1ccee2c	unchanged identity and body	footgun-api
part-07-coreai-swift-runtime/references/01-runtime-and-ndarray.md	1896	callout-aaacf78b3fa75d49	67217059051d4db9690e5592f8b86a872cc66039b70457e5ee895f39835f3000	unchanged identity and body	footgun-api
part-07-coreai-swift-runtime/references/01-runtime-and-ndarray.md	1921	callout-8f6b9d5e4306704a	77662698f47555702830c40e868770f34fb8489af3cd0e60367af60dd01fc49f	unchanged identity and body	empty-output
part-07-coreai-swift-runtime/references/01-runtime-and-ndarray.md	1923	callout-99687cdfc9d36176	7fb794e76c9624b40e08d1a114894cc2a538ffcf974add1d154e00d3e1a3b3e8	unchanged identity and body	empty-output
part-07-coreai-swift-runtime/references/01-runtime-and-ndarray.md	2040	callout-698352e389e94c63	a3b97a38cd4c28980695b39d3f0dc28a0a777ad0a7995fcec74a8fa262445070	unchanged identity and body	caution-note
part-07-coreai-swift-runtime/references/01-runtime-and-ndarray.md	2081	callout-ecd3004440f62e56	0209312d127af80bdb019cc5c799050c79782f95bcaa4318bd40aa56772a6393	unchanged identity and body	footgun-api
part-07-coreai-swift-runtime/references/01-runtime-and-ndarray.md	2224	callout-eb77a610fecb9e11	0d3b1803528b114e344a8a5d8426f0ff5bec4ca90cf5c58e9dff53656e0aee9f	unchanged identity and body	perf-cliff
part-07-coreai-swift-runtime/references/01-runtime-and-ndarray.md	2226	callout-d3f04017c1ad00a3	3d3e5e76e7af1366829d3d7a8a9a1be5fb34bd12cbf20d42669d73b1c76225b3	unchanged identity and body	perf-cliff
part-07-coreai-swift-runtime/references/01-runtime-and-ndarray.md	2319	callout-2753a8f40871cd9d	3e0ef7f29975e47c52e19491442b5a78651b9d2b709e8b21390c35ee19c53ccf	unchanged identity and body	caution-note
part-07-coreai-swift-runtime/references/01-runtime-and-ndarray.md	2366	callout-2b37751382f80dfd	c56262071c623422b426fb79320149cf47e6b2b5083d8696e9318d4cf0295a37	unchanged identity and body	perf-cliff
part-07-coreai-swift-runtime/references/01-runtime-and-ndarray.md	2410	callout-dbc64b906a9b2780	e85279329323d09cf17f676001ed55385ce091b2c9c13e450fea8dbc21cf2bad	unchanged identity and body	runtime-unavailable
part-07-coreai-swift-runtime/references/01-runtime-and-ndarray.md	2452	callout-25f68bd17c70f608	e70a143227543bd409bc5410a264a137e27448033adfea99dd7e2607c003489c	unchanged identity and body	runtime-unavailable
part-07-coreai-swift-runtime/references/01-runtime-and-ndarray.md	2505	callout-d76a5c411cec1173	c80576f20aee73cda54970e67ef0e16f9697dc9987eda9419efc1f3fa5ca3b38	unchanged identity and body	perf-cliff
part-07-coreai-swift-runtime/references/01-runtime-and-ndarray.md	2507	callout-2bffc908cc5d317c	3627a60a4a873e20b84a7612d738ebc4bcb21c935a6fecb137fe668abc86e184	unchanged identity and body	perf-cliff
part-07-coreai-swift-runtime/references/01-runtime-and-ndarray.md	2726	callout-57d23e64ac93b0d6	deec246ca2b24bc5cf96193da34fdf06456131731f8764f9c0dd85f1efdb2f67	unchanged identity and body	docs-vs-reality
part-07-coreai-swift-runtime/references/01-runtime-and-ndarray.md	2737	callout-5c71a008648e09d3	c4574ef25dbcb5e87872a5b94a569aafa6767479cb5fba337199727f5596f50e	unchanged identity and body	garbage-output
part-07-coreai-swift-runtime/references/01-runtime-and-ndarray.md	2739	callout-8248575f4e01a934	5f72a72f57417435cb23ae6adf10bb5378e84f5fa524ecbdafdd6bb985c912e5	unchanged identity and body	garbage-output
part-07-coreai-swift-runtime/references/01-runtime-and-ndarray.md	2792	callout-00a4675df12f3e78	2da0b8f9f665429fe1f00b9fa253439e062a101c3e4ded0692a2062495ff4e96	unchanged identity and body	footgun-api
part-07-coreai-swift-runtime/references/01-runtime-and-ndarray.md	2886	callout-a8974d983bc2b0a2	efc4b06fbc37a23ec38f8fa059ef579eb325176441752ab81fb8174e234f24a5	unchanged identity and body	misleading-signal
part-07-coreai-swift-runtime/references/01-runtime-and-ndarray.md	3000	callout-0696422bf7bbdc14	6610b8809b1c42a4953dd250e93d92d276b92e4ff435f3041ecbf3983a118892	unchanged identity and body	footgun-api
part-07-coreai-swift-runtime/references/01-runtime-and-ndarray.md	3050	callout-936b0308a0be3f0c	7cd5763123defea911665cd3419d8194ce9e584dd78b72fe935463e8cad23374	unchanged identity and body	caution-note
part-07-coreai-swift-runtime/references/01-runtime-and-ndarray.md	3471	callout-a4accdb44b848f37	f55db6f75a522c04f922177cab60350548bc206ce460319efd6d05a16edaf7d3	unchanged identity and body	footgun-api
part-07-coreai-swift-runtime/references/01-runtime-and-ndarray.md	3477	callout-a7ec7277679c8ecd	ef048e26d3d318a5f85adc53b61416a10e3cd70c17d6a5b1b2df9bfc6325c180	unchanged identity and body	footgun-api
part-07-coreai-swift-runtime/references/01-runtime-and-ndarray.md	3490	callout-85f7cc2dcf579f92	c1ed5e506c68285b1ce53c674b81ec95a0707d47d50d48c473f0326f103a161b	unchanged identity and body	footgun-api
part-07-coreai-swift-runtime/references/01-runtime-and-ndarray.md	3500	callout-cd7d22a563289b70	1b1e6e862aad33c74f13c2e661cfd2c86a78586b877d1e8260e236b2e63801f7	unchanged identity and body	footgun-api
part-07-coreai-swift-runtime/references/01-runtime-and-ndarray.md	3513	callout-18c1d67e20a93f41	17de089e954a2e2b8aae6ee75dbd8970525e43a073c56b5f0ea0c4fabdd3a31a	unchanged identity and body	footgun-api
part-07-coreai-swift-runtime/references/01-runtime-and-ndarray.md	3517	callout-bf8ea9c451b45e76	ed288cb6cc82c58ddcfb97835b6053045d172bf156e0f1bf2b6f1e8dbcf119ea	unchanged identity and body	footgun-api
part-07-coreai-swift-runtime/references/01-runtime-and-ndarray.md	3519	callout-ad6b48b73174bb4c	14ab9bd04db614f7170734a165e57c4761c5162db01e19021168a4a5b9c83522	unchanged identity and body	footgun-api
part-07-coreai-swift-runtime/references/01-runtime-and-ndarray.md	3530	callout-f039fd0bda714040	e92adcbf680c342f732a38f6da9a664501846c0274608e4f864d8657d34845a4	unchanged identity and body	footgun-api
part-07-coreai-swift-runtime/references/01-runtime-and-ndarray.md	3531	callout-a04e1b84f04a4bd0	751e9784cd3c545254db51e9109dcf45c909fca8c9bfb8a3e08eb5be102d2f83	unchanged identity and body	footgun-api
part-07-coreai-swift-runtime/references/01-runtime-and-ndarray.md	3540	callout-7f5dab2ab472bcb8	d5717922c0b36cd4504bd383607fc63b811d1d07addad28061b1992a4c1ffefd	unchanged identity and body	resource-growth
part-07-coreai-swift-runtime/references/01-runtime-and-ndarray.md	3560	callout-f4ea0510469df71c	b45e81dfd321346d964daefaa601f756a9444fa738b298b24a569cae0d84dd94	unchanged identity and body	footgun-api
part-07-coreai-swift-runtime/references/01-runtime-and-ndarray.md	3715	callout-412407e855a8f351	8e17298af1d2ff4abacd71d36cfa5df3284d9fb0ea7a63337858257ffd1ca29e	unchanged identity and body	docs-vs-reality
part-07-coreai-swift-runtime/references/02-specialization-caching-and-aot.md	14	callout-08460aa643c84e89	3462e3c3247246d15a54eede05b7e9608b4c4073e55504d241491db95c2a9f81	unchanged identity and body	caution-note
part-07-coreai-swift-runtime/references/02-specialization-caching-and-aot.md	338	callout-4dc7ac52ec55b68b	1af450e1f092004a61ea1d018c47d441116747f8508e87e7b0f96339f66ea39a	unchanged identity and body	misleading-signal
part-07-coreai-swift-runtime/references/02-specialization-caching-and-aot.md	352	callout-59010bcdd3393de0	d4392b9033ab8c15614378af1c4fc6f2019122900f3f7fd29d5e054c4f1e1a63	unchanged identity and body	misleading-signal
part-07-coreai-swift-runtime/references/02-specialization-caching-and-aot.md	504	callout-03ac409093339dce	2cddde9a272c86696ab9953b1a31fffadac2577b4f7d8e16021707a27694293a	unchanged identity and body	docs-vs-reality
part-07-coreai-swift-runtime/references/02-specialization-caching-and-aot.md	550	callout-65466c47e007b79c	3efd4878ece91925976bca8e20ada420ecd11437fccc91f20350ba5f141a12a7	unchanged identity and body	resource-growth
part-07-coreai-swift-runtime/references/02-specialization-caching-and-aot.md	558	callout-e0ec45143a68196e	801f3d5f6e77c326ffa62c2b05721db6e26cc5dadb6551727fe3e373b2986f47	unchanged identity and body	resource-growth
part-07-coreai-swift-runtime/references/02-specialization-caching-and-aot.md	718	callout-4a0996afcc960c21	da6e38074bbe1b958bf6171cae868cc97ee7ef60d5535e6975c62696a4d0429b	unchanged identity and body	caution-note
part-07-coreai-swift-runtime/references/02-specialization-caching-and-aot.md	820	callout-5e597faeee4fdada	1967ea772744163138b45ae908a38a7d123473247f9d4eb6a9ed4cd53845922b	unchanged identity and body	data-loss
part-07-coreai-swift-runtime/references/02-specialization-caching-and-aot.md	914	callout-c3b4a88de41c9be0	d3676feb0b562b556bfeb0a43aea10a3ff527b335ded8aa603f3316b3e5dfbf4	unchanged identity and body	docs-vs-reality
part-07-coreai-swift-runtime/references/02-specialization-caching-and-aot.md	1022	callout-61c03b619cdf43c8	1cad43e864bafc5903357f18b079ffd5722f6bf8871b7275f7c7055b6091f333	unchanged identity and body	footgun-api
part-07-coreai-swift-runtime/references/02-specialization-caching-and-aot.md	1290	callout-67105c5a35730256	e1ac51bdae73b1d50616f2e2d561acbd2dd9f579977d5b1beac21e0610d8b7fa	unchanged identity and body	data-loss
part-07-coreai-swift-runtime/references/02-specialization-caching-and-aot.md	1299	callout-19239bc86e0bc661	b62e7bdc0cf43b5bcec8cb8a97acb1fd2152912f26e2eaa99bda2cc541d810af	unchanged identity and body	data-loss
part-07-coreai-swift-runtime/references/02-specialization-caching-and-aot.md	1351	callout-d841304d782107a4	f4e188150af78d92a8e14637f7d1e9bab1f72d83aedd58acfc58e0a40b5e2197	unchanged identity and body	docs-vs-reality
part-07-coreai-swift-runtime/references/02-specialization-caching-and-aot.md	1488	callout-76be1474f446ba13	9180cfc151c099a534da89b108a489a388dbaf412c3c6096d6ae68c4189b3d5a	unchanged identity and body	misleading-signal
part-07-coreai-swift-runtime/references/02-specialization-caching-and-aot.md	1623	callout-c0b6b7151709fa6c	9b40b6cedb90e6dde03d1d6139b264b2862df9ef5878d34c3bcbdcf4167b1202	unchanged identity and body	footgun-api
part-07-coreai-swift-runtime/references/02-specialization-caching-and-aot.md	1704	callout-6cc55757e072b066	7094084ee7d377dd0d19ee39dcaa5f316c1e829a4e18d116902148cfeff872d0	unchanged identity and body	perf-cliff
part-07-coreai-swift-runtime/references/02-specialization-caching-and-aot.md	1706	callout-57854437a003e052	be844d0d8fa3ca73f1d9c347e2a7d795f3a5c153d00860a397893423b55e74dd	unchanged identity and body	perf-cliff
part-07-coreai-swift-runtime/references/02-specialization-caching-and-aot.md	1825	callout-5dcdbf2d33e06c9b	8cd99b26cf5578ad096e5deb232a003baeddcddc3e8e05952186dd7b4307d1e6	unchanged identity and body	resource-growth
part-07-coreai-swift-runtime/references/02-specialization-caching-and-aot.md	2021	callout-bba2918c868e1d66	32880e971907a581becdf74a52515552f2b17fc1a0b0837ce915c88d8b616a0c	unchanged identity and body	misleading-signal
part-07-coreai-swift-runtime/references/02-specialization-caching-and-aot.md	2025	callout-92f4050c93903353	a3dd76970623540bfca8f7262c6babc133f3872ea8058d241efc8b7e8e51f979	unchanged identity and body	misleading-signal
part-07-coreai-swift-runtime/references/02-specialization-caching-and-aot.md	2105	callout-972fe01ef767d642	4008fd79b47f7f7fd81c49994cbb56fc4e6c105ef2976e54f57c46a84e19eaab	unchanged identity and body	runtime-unavailable
part-07-coreai-swift-runtime/references/02-specialization-caching-and-aot.md	2176	callout-91b6461f9312ccf2	37506e38417f45c5d54dab859b94e12d75a07295aecc2fb85e697f46c28bdd54	unchanged identity and body	caution-note
part-07-coreai-swift-runtime/references/02-specialization-caching-and-aot.md	2194	callout-96e228b100f35a9c	a56c844b6113af1529ed3ca8240703cd07c5871df8f2ad3eda66245a893d5648	unchanged identity and body	misleading-signal
part-07-coreai-swift-runtime/references/02-specialization-caching-and-aot.md	2269	callout-6b58ef2a9c5a0eb2	449a43d3a012a0785f3ece86ef0d54a08b283f97c82cf1d0c13f0cadd2f34911	unchanged identity and body	misleading-signal
part-07-coreai-swift-runtime/references/02-specialization-caching-and-aot.md	2288	callout-cd79cea2f8c195ef	a6e3dcdb910dbf691374a86bb269d66d68c189f1bea1931f04c3b37cedbfc0fb	unchanged identity and body	misleading-signal
part-07-coreai-swift-runtime/references/02-specialization-caching-and-aot.md	2336	callout-dec7f999d607cace	2ae9ec63dbfa9d238e48c7a929cd99aac54f2b2247906d110cbd4ec6f04931c9	unchanged identity and body	caution-note
part-07-coreai-swift-runtime/references/02-specialization-caching-and-aot.md	2365	callout-2f862a5179097758	64dd78ed37bb5b8509875ce892b5f181a19cba5cf54c5e9332ce9a48af94fe38	unchanged identity and body	version-drift
part-07-coreai-swift-runtime/references/02-specialization-caching-and-aot.md	2388	callout-e92e147d54bb7867	53cba3ed69ad5769d7e0aa4110e3ac657b9cc4a2151544ee550c03bdbaa1937c	unchanged identity and body	version-drift
part-07-coreai-swift-runtime/references/02-specialization-caching-and-aot.md	2644	callout-2727eee0476fc3aa	68894c2d7b1157dc1b20db91615bd564389d7d215dc15fbe375b58881f4a99e4	unchanged identity and body	docs-vs-reality
part-07-coreai-swift-runtime/references/02-specialization-caching-and-aot.md	2712	callout-07ecaaff90cbd305	deaed48b720177a5c8ae7caf3fc42214d1ec703f82ec0d7d2cdcc2db320fc2dd	unchanged identity and body	caution-note
part-07-coreai-swift-runtime/references/02-specialization-caching-and-aot.md	2738	callout-bc49c338392ba124	6d78b5f2d1ae18469de899222bc8f2cdfeba08a3886e0f234c4f2955ff65307c	unchanged identity and body	caution-note
part-07-coreai-swift-runtime/references/03-states-and-pipelined-execution.md	25	callout-9c75a9d202af88a6	95daae95cb70de49107708796f8d354381f6e3c64f67ea2b6b6cb5c65eff1423	unchanged identity and body	caution-note
part-07-coreai-swift-runtime/references/03-states-and-pipelined-execution.md	677	callout-39c5c092a76a9067	df6fc04ed7799609cd8950dd5ffb8fa4cd9b7b621e5895fdefdcf241e2837b0e	unchanged identity and body	garbage-output
part-07-coreai-swift-runtime/references/03-states-and-pipelined-execution.md	999	callout-9b213b56258643ac	2e499cb17ad3c5ae9fca9dce0abfcec68e3da54c4e231a1f08a0928d2de59cab	unchanged identity and body	footgun-api
part-07-coreai-swift-runtime/references/03-states-and-pipelined-execution.md	1053	callout-756330d131c55918	433770d4bf572f608b18dcf6d50e31d7346282e0b4868abfc3c94d3f6f8d628b	unchanged identity and body	garbage-output
part-07-coreai-swift-runtime/references/03-states-and-pipelined-execution.md	1100	callout-3d9d598b5be9a6f2	e7fde1042a55646ef0127d561d4f98f11fbf577b5bab9a2f5b878935f342274c	unchanged identity and body	ignored-input
part-07-coreai-swift-runtime/references/03-states-and-pipelined-execution.md	1168	callout-06bf5a2cf12ea5a6	b89c5153ae96844533b6758b2a1b9617c58b73ee37179e191f725b057ef7a892	unchanged identity and body	perf-cliff
part-07-coreai-swift-runtime/references/03-states-and-pipelined-execution.md	1199	callout-ba4222069113d55f	b5825fc1de6ca9092248a385d1b5e032529df8894260af5eeacb36a9b683da7d	unchanged identity and body	perf-cliff
part-07-coreai-swift-runtime/references/03-states-and-pipelined-execution.md	1202	callout-1d4ebd4a3d602dee	a2ddfad0b9875699ff45f39623d5953f250993db2691afc40870792bff96024a	unchanged identity and body	perf-cliff
part-07-coreai-swift-runtime/references/03-states-and-pipelined-execution.md	1553	callout-9bdce462759d49f5	40051885d6725efef279674e6dfbcdeb07a2be8c95071fa92f0d5d726adafc8e	unchanged identity and body	perf-cliff
part-07-coreai-swift-runtime/references/03-states-and-pipelined-execution.md	1559	callout-f2ac6b0287329e2d	a4de3b9f9750125f08b40f9a648e29793108420bd405f98582025a0c4ded3408	unchanged identity and body	perf-cliff
part-07-coreai-swift-runtime/references/03-states-and-pipelined-execution.md	1616	callout-de51e2d0cb22e709	cb23e716da9fbce8d700b6b9264966582c6f130fc0d06f306e0017c7277d63ba	unchanged identity and body	garbage-output
part-07-coreai-swift-runtime/references/03-states-and-pipelined-execution.md	1641	callout-13451e102499ae25	4df8e86c8337cdaa18235d153d459e82e031fbb412ef60cc6c7d774ce0cbcb2e	unchanged identity and body	garbage-output
part-07-coreai-swift-runtime/references/03-states-and-pipelined-execution.md	1676	callout-4539b76619e88c37	594616ede06c923129534e3b91a06f57493dd26629f85b81919c13022916bf5d	unchanged identity and body	stale-state
part-07-coreai-swift-runtime/references/03-states-and-pipelined-execution.md	1693	callout-412a982c0444f032	5edac1a02500606fa6be873b4c6adff70a260afc0337c29c023dddaa62b1f0f8	unchanged identity and body	stale-state
part-07-coreai-swift-runtime/references/03-states-and-pipelined-execution.md	1838	callout-36542b8fa4a7fa05	cfd4bf6cc67bcadb6a81adffd08df5e2d76b36fc30d6effe344b68330bd333ba	unchanged identity and body	garbage-output
part-07-coreai-swift-runtime/references/03-states-and-pipelined-execution.md	1893	callout-16c76eef1fe80c28	a4f685c9aa49d825fe1b7890d85d3ec53466d0b6664480658af5e80d2f22d9ef	unchanged identity and body	runtime-unavailable
part-07-coreai-swift-runtime/references/03-states-and-pipelined-execution.md	1943	callout-1e4a4662d05f9a38	dd78eaacb9a1755b5aef7f4f8b42225f11d2d0a9277cf391aefdb804c6cc0b09	unchanged identity and body	runtime-unavailable
part-07-coreai-swift-runtime/references/03-states-and-pipelined-execution.md	1956	async-mutable-value-no-watchos	dd78eaacb9a1755b5aef7f4f8b42225f11d2d0a9277cf391aefdb804c6cc0b09	unchanged identity and body	runtime-unavailable
part-07-coreai-swift-runtime/references/03-states-and-pipelined-execution.md	2041	callout-e75b5108beb4f832	54fc0053e4dffcc586a27fd5cd8e132e90a8d200e5afdceddfd547ff0497974c	unchanged identity and body	docs-vs-reality
part-07-coreai-swift-runtime/references/03-states-and-pipelined-execution.md	2068	callout-72338f2a049e288f	c06f1cde73fc73bb92acb64353b2bbcf058d317da050477b57724cde8d629ef9	unchanged identity and body	perf-cliff
part-07-coreai-swift-runtime/references/03-states-and-pipelined-execution.md	2160	callout-fb374fb02230159c	908bc44624fd1d42ddaee79126ecf36bc7e173b6ad0dcb261f55511a301a2be2	unchanged identity and body	runtime-unavailable
part-07-coreai-swift-runtime/references/03-states-and-pipelined-execution.md	2358	callout-de49f1906b794f64	8ffb07f86e821d3ee55b70575e1b51f77a50aeae6595d81d4d88fb2ac3940494	unchanged identity and body	perf-cliff
part-07-coreai-swift-runtime/references/03-states-and-pipelined-execution.md	2415	callout-5b42e13034698257	ea7465b4fb9b42e1d46e1db2524232fc7baeafe85a8eb9b227b9611d297a5f08	unchanged identity and body	caution-note
part-07-coreai-swift-runtime/references/03-states-and-pipelined-execution.md	2446	callout-deed90986f18c780	2d41839a347adacc92ea9543b00518f7aea88881b5a3e71c9a86c5d6eee49b15	unchanged identity and body	caution-note
part-07-coreai-swift-runtime/references/03-states-and-pipelined-execution.md	2455	callout-dc9ad85d68226342	c910512d69ceabe805c6df3f9bf4d702d01f99aeef0ffc173da82bbdb2a0a998	unchanged identity and body	perf-cliff
part-07-coreai-swift-runtime/references/03-states-and-pipelined-execution.md	2491	callout-35dd041d3fcd0313	f0257dea39bdd66644ffd3ab0755802cb3476de6fc3ede2a6bec0694ee2c260b	unchanged identity and body	caution-note
part-07-coreai-swift-runtime/references/03-states-and-pipelined-execution.md	2518	callout-dbe67596a6feff51	e81bc33d5497187f40726dcf65c6f36faf0804e97449a13bb658b577fca71fb1	unchanged identity and body	stale-state
part-07-coreai-swift-runtime/references/03-states-and-pipelined-execution.md	2589	callout-92c59b28a3c6c32b	faecb8f03e7917393ad4063bdb2a2d98022ad8cc27c63c4b650815e22370a364	unchanged identity and body	caution-note
part-07-coreai-swift-runtime/references/03-states-and-pipelined-execution.md	2654	callout-c76c12e5a1fe60c3	26e1c91db090fa132814005e9614be01e51888c47e4405083b64919dc9532bfa	unchanged identity and body	caution-note
part-07-coreai-swift-runtime/references/03-states-and-pipelined-execution.md	2692	callout-8a2b5825b13475f5	d37f187810e3b7bafc74b14c7e9a915418d601d6aa38dfaebcc75fde3cd4e0a6	unchanged identity and body	caution-note
part-07-coreai-swift-runtime/references/03-states-and-pipelined-execution.md	2722	callout-b1acce51226076c7	c86e05244a759aef9ebda92057e32ea2a6fab825004322a07278ea32f6d34e33	unchanged identity and body	caution-note
part-07-coreai-swift-runtime/references/03-states-and-pipelined-execution.md	2739	callout-6dc7cff0559503d0	586e7c9f43208d5e6cf1443519b572f6ad1a8263cc708f9fb715cf32da40c098	unchanged identity and body	caution-note
part-07-coreai-swift-runtime/references/03-states-and-pipelined-execution.md	2761	callout-9ccd77c3fb369918	b48d595279bd4b1057311aa5a366b57b5466f7cd2296529ce140dbff93f93563	unchanged identity and body	caution-note
part-07-coreai-swift-runtime/references/03-states-and-pipelined-execution.md	2779	callout-29d296d47d63f9c4	054c5e0da69d7da685bcd6c9c5d805d4519803c99d97043578ed10f1a532413f	unchanged identity and body	caution-note
part-07-coreai-swift-runtime/references/03-states-and-pipelined-execution.md	2811	callout-c80a629a9509f023	8ee515577c564c6bdff2b3c30a85c563791beb5aa81512dfd594b26a16f7dfaf	unchanged identity and body	perf-cliff
part-07-coreai-swift-runtime/references/03-states-and-pipelined-execution.md	2815	callout-bdd0743a099b69ed	b96968187c0d6bf4707906cf97a6a649fa60b5c55fe9b022548f2a641a8b30d5	unchanged identity and body	perf-cliff
part-07-coreai-swift-runtime/references/03-states-and-pipelined-execution.md	2851	callout-ad01540b40c98a13	149f44cccc7cda69e7157f6cb056a6af06a5550743b82f116f1a3132d9b33113	unchanged identity and body	caution-note
part-07-coreai-swift-runtime/references/03-states-and-pipelined-execution.md	2856	callout-8d16d985cf6c8d8d	083a2dd0a3072e0bdbf0a742d6fdb20ecf84162c08ea0695fc1ba408951bd0df	unchanged identity and body	caution-note
part-07-coreai-swift-runtime/references/03-states-and-pipelined-execution.md	2956	callout-2d8028207d9ac300	c19f21027e649d9e07d7acbd82481fa049b47031b0ea2b9ac92b25304474b89a	unchanged identity and body	perf-cliff
part-07-coreai-swift-runtime/references/03-states-and-pipelined-execution.md	2991	callout-d3874f09e293b0b0	ce4f3e9770a7f314349455a8b6a1d2e2f8f32aaa37ead0eb3fab78fa07417770	unchanged identity and body	caution-note
part-07-coreai-swift-runtime/references/03-states-and-pipelined-execution.md	2994	callout-2cf2b1676be6641f	b022499874164ab12799c2003643df8c567bba6b46ff930fbef3a9621bccbf55	unchanged identity and body	misleading-signal
part-07-coreai-swift-runtime/references/04-bundles-engines-and-guided-decoding.md	27	callout-b4d444fe7c9a7523	aabe6c8eda360e8e8b301aa8a24043571eec43561072d20a18770e22ff33f39a	unchanged identity and body	caution-note
part-07-coreai-swift-runtime/references/04-bundles-engines-and-guided-decoding.md	324	callout-eccdb61a0c4427d2	fee948070a9eefc01af5c4c0256f8f0f04bbd4a79d4c6af4b80920ce0cc7b50d	unchanged identity and body	misleading-signal
part-07-coreai-swift-runtime/references/04-bundles-engines-and-guided-decoding.md	330	callout-ecd3e05595ac4441	52814bba8659379940416aeaefd4b54ab1a8d692f4bab6ae61951f152c374ff8	unchanged identity and body	footgun-api
part-07-coreai-swift-runtime/references/04-bundles-engines-and-guided-decoding.md	529	callout-8136fd8362034c7b	258301779601ffe999caaba9d6ccf6e78cf549bcb35493d343217d84a9e3ea45	unchanged identity and body	garbage-output
part-07-coreai-swift-runtime/references/04-bundles-engines-and-guided-decoding.md	591	callout-6de4a31ad9b0b804	d7b827b3190f58a8de865a61b0e7ec38eb7bca8dbb5fb7bbe13b184f666b92d9	unchanged identity and body	runtime-unavailable
part-07-coreai-swift-runtime/references/04-bundles-engines-and-guided-decoding.md	688	callout-2be2bd01b7462f4e	e939761799100553c2390bb2f7b070d863d9ff38588ac853fa356fcbb6325dc2	unchanged identity and body	docs-vs-reality
part-07-coreai-swift-runtime/references/04-bundles-engines-and-guided-decoding.md	727	callout-59c257f12aa14860	e4f63223fb9debe302fcc63d175ef965721e75e7140a7fbd5055253dd51d9809	unchanged identity and body	docs-vs-reality
part-07-coreai-swift-runtime/references/04-bundles-engines-and-guided-decoding.md	814	callout-050151e9f2d88778	14ea6c7cf8822705dcf94b8cad2773a9825ba9eb7ad9f3f0223cce1462b778ec	unchanged identity and body	misleading-signal
part-07-coreai-swift-runtime/references/04-bundles-engines-and-guided-decoding.md	914	callout-06c2310c9d041bef	4d2695cd629653ee71b5e92a841649ab573748af3b32008c85ee94309353cd07	unchanged identity and body	misleading-signal
part-07-coreai-swift-runtime/references/04-bundles-engines-and-guided-decoding.md	1094	callout-141d0fcd19a17949	8923728236cb4bf4472606a13c33496436a68033f63e8e76ff87ed14c048874d	unchanged identity and body	perf-cliff
part-07-coreai-swift-runtime/references/04-bundles-engines-and-guided-decoding.md	1168	callout-63df36fcf12caee1	724cd389fdccebdae86edefda371f50ee70f0750984909d8f2cd63303bce77b8	unchanged identity and body	version-drift
part-07-coreai-swift-runtime/references/04-bundles-engines-and-guided-decoding.md	1281	callout-8d4f6e31d6eb2549	565982a341e89073ade97915b0aaff66686a871cb6adfb3e3a2bf365e6fc260c	unchanged identity and body	perf-cliff
part-07-coreai-swift-runtime/references/04-bundles-engines-and-guided-decoding.md	1309	callout-5ba69dd309db6e03	cac1ad292b58494c63225e9b7e8308bc5ed453b77bc8ead65f4e847c55302199	unchanged identity and body	stale-state
part-07-coreai-swift-runtime/references/04-bundles-engines-and-guided-decoding.md	1361	callout-07b275cfe96afb73	44059deb629ef0933fbdbfd0845a8e864068a45e4918096ce8821e7fbaaad473	unchanged identity and body	caution-note
part-07-coreai-swift-runtime/references/04-bundles-engines-and-guided-decoding.md	1523	callout-0a255baae8bac49c	3f68f4ac12e6bcbc0867b9e509512534040c4c4414a9c3d2a1acc77a6f592c0f	unchanged identity and body	footgun-api
part-07-coreai-swift-runtime/references/04-bundles-engines-and-guided-decoding.md	1566	callout-61b5aacdb6b06efa	5ffb40495ada96522c6cd9680462e257e842fb55d36fe2a7ebeb90c645bd8c8f	unchanged identity and body	garbage-output
part-07-coreai-swift-runtime/references/04-bundles-engines-and-guided-decoding.md	1660	callout-721d983ab16d161e	36977f93af63d2e49b2112e4807da2dc73e068f4f0d7963895d070cf69bc95ea	unchanged identity and body	garbage-output
part-07-coreai-swift-runtime/references/04-bundles-engines-and-guided-decoding.md	1758	callout-6a42649075af06c6	8b8c476ac98e97788a625c723243e312a54624139dd01e36e2d4d5d34219003b	unchanged identity and body	ignored-input
part-07-coreai-swift-runtime/references/04-bundles-engines-and-guided-decoding.md	1793	callout-df081c2468079afb	cd002d538bd629661adaccdee8583104db79228e48361f5a33a22886f5f46978	unchanged identity and body	resource-growth
part-07-coreai-swift-runtime/references/04-bundles-engines-and-guided-decoding.md	1796	callout-197559127620e98a	15db249e18a512b23d799f722866a8d27a9dbd29d8885c793167f24830259477	unchanged identity and body	ignored-input
part-07-coreai-swift-runtime/references/04-bundles-engines-and-guided-decoding.md	1912	callout-ed2622024fa74b86	854b52ed17eef12917e918a0c5ae0158e30ddd3fb4b92fd15625be527bc01b23	unchanged identity and body	footgun-api
part-07-coreai-swift-runtime/references/04-bundles-engines-and-guided-decoding.md	1925	callout-bbec561fa5a19f00	c05cbaf8a62ffbcc63daa12c8cfcfd7b3430f6b72cbc0b68775cd959e588e753	unchanged identity and body	docs-vs-reality
part-07-coreai-swift-runtime/references/04-bundles-engines-and-guided-decoding.md	1984	callout-7358223ab86c379c	472275130725245ba8cfe64aef8b886d27b87264f307d3e5825e4514ef4318dd	unchanged identity and body	version-drift
part-07-coreai-swift-runtime/references/04-bundles-engines-and-guided-decoding.md	2093	callout-9759428e96eb6c66	427cdeed98e30fc9063935b5e761de92f229bbb09dc02b2cec9e5b4ec0e3220f	unchanged identity and body	caution-note
part-07-coreai-swift-runtime/references/04-bundles-engines-and-guided-decoding.md	2306	callout-4503a5e0c5b0fdf6	b42965b6949b0739d57eac0b4223b9c3cb2dae324072ddffced4a29242cd1ab1	unchanged identity and body	perf-cliff
part-07-coreai-swift-runtime/references/04-bundles-engines-and-guided-decoding.md	2525	callout-f6e087edf4407148	6350838b9f70bc13adf9269e247726b0e5b8ac7b19d546a9854626c3aaf6c51c	unchanged identity and body	footgun-api
part-07-coreai-swift-runtime/references/04-bundles-engines-and-guided-decoding.md	2572	callout-b03c6e144c8996b6	a0bbad3cfd35f3bbf904739dcf69197fc9c74485df0923b1d742964c2a7310c1	unchanged identity and body	footgun-api
part-07-coreai-swift-runtime/references/04-bundles-engines-and-guided-decoding.md	2598	callout-9e2d06597448a71e	4e9537b358703486623454b6717eba5fc8a96214859c6acb9038f3d0018e6953	unchanged identity and body	ignored-input
part-07-coreai-swift-runtime/references/04-bundles-engines-and-guided-decoding.md	2681	callout-2a8b01f67e0efb04	6e3d0150b42322de70aa2e3ce85a0a5bdfbb8607d4c3da9ec832a5e069acf4db	unchanged identity and body	empty-output
part-07-coreai-swift-runtime/references/04-bundles-engines-and-guided-decoding.md	2867	callout-2413401f53d4c777	24aa1c1bcd195cc27b3184b8af5eb57f4bc403da706364fceb640e6cde866099	unchanged identity and body	runtime-unavailable
part-07-coreai-swift-runtime/references/04-bundles-engines-and-guided-decoding.md	2951	callout-b56cda2e23b29642	488a15f87c8df7ccdd8aa739b6cead9e843b125245606cf3c91b09e40dcb4551	unchanged identity and body	misleading-signal
part-07-coreai-swift-runtime/references/04-bundles-engines-and-guided-decoding.md	3257	callout-26b7386163cccbbb	d7ce23784efcfc60e3ad3015e79f6c555fc9461448f7b18a0b3b5c6a5ee68290	unchanged identity and body	version-drift
part-07-coreai-swift-runtime/references/04-bundles-engines-and-guided-decoding.md	3269	callout-d6ccadb9259ead1b	92403dd95864d2bed08c95e4954cfb12548ab0570c6de91f4d1782f2186e9ff1	unchanged identity and body	silent-truncation
part-07-coreai-swift-runtime/references/04-bundles-engines-and-guided-decoding.md	3320	callout-23da224b70baf914	995bcfcd41f084be03e412e55fec722999abe09c64a1aca5391a8740470a604e	unchanged identity and body	silent-truncation
part-07-coreai-swift-runtime/references/04-bundles-engines-and-guided-decoding.md	3444	callout-7e268a4e6ef35aa6	f6b910dbf1679f7636b622902758f6102c7da95d80dc068411dae1c344b287ae	unchanged identity and body	footgun-api
part-07-coreai-swift-runtime/references/04-bundles-engines-and-guided-decoding.md	3448	callout-9959580338532cc2	846ad7fa5a65cb596f5b82b78cd2000f666fad8bb2f84dd9b4440b0e59dba3ab	unchanged identity and body	footgun-api
part-07-coreai-swift-runtime/references/04-bundles-engines-and-guided-decoding.md	3577	callout-8dc91df0032796b3	9957f37a8f5e5020e8085ce284596e5ba6cd7a7cf708d08413f93a9930b12c62	unchanged identity and body	footgun-api
part-07-coreai-swift-runtime/references/04-bundles-engines-and-guided-decoding.md	3629	callout-ab5268070a94a0e2	12d086b79607a7ffeaf3474153a6bd258ff173a6bb3318689b0c72ceae8bef04	unchanged identity and body	footgun-api
part-07-coreai-swift-runtime/references/05-non-llm-engines-bundles-warmup-and-caching.md	24	callout-aced88b0ebce2ca5	cb9e6cf3dcfde42e195d9ab3a3a7ad51247b078617bb999f83af73927b56dee6	unchanged identity and body	caution-note
part-07-coreai-swift-runtime/references/05-non-llm-engines-bundles-warmup-and-caching.md	138	callout-72603d0ff8c7efd6	db0411022662b4ffd76280ddfe4f7615516afe490466cf3ecd53b4f86bfa6990	unchanged identity and body	stale-state
part-07-coreai-swift-runtime/references/05-non-llm-engines-bundles-warmup-and-caching.md	201	callout-ad0246d292cd0594	11ba27b88a1edc76e6d2794a4877b12a6f4d049f38cc52035ee1158c75759c58	unchanged identity and body	perf-cliff
part-07-coreai-swift-runtime/references/05-non-llm-engines-bundles-warmup-and-caching.md	255	callout-c8f1a7b9f6023ddd	bb41f567447e2cd317218049ce1403a7ed6f3691cd721d9c8a898c91a0384fbc	unchanged identity and body	garbage-output
part-07-coreai-swift-runtime/references/05-non-llm-engines-bundles-warmup-and-caching.md	270	callout-8773fd1d7111bf80	629b0938eeac7a3c4c94cfe73fbf9ff88b5018a326b6102fd4a85715f9fe48cc	unchanged identity and body	perf-cliff
part-07-coreai-swift-runtime/references/05-non-llm-engines-bundles-warmup-and-caching.md	321	callout-a3b3ec1c91eeab24	21b8861d2d70fc9900ad1177e143eb539a192913c84f10524bbd65a2dd59c9b5	unchanged identity and body	empty-output
part-07-coreai-swift-runtime/references/05-non-llm-engines-bundles-warmup-and-caching.md	427	callout-ad59bc259d13e0b8	56742cf6a6edfc032961a6fbc6dcbdeb4070bb2ea1539ae7c5713cf3951b25dd	unchanged identity and body	perf-cliff
part-08-coreai-pytorch-conversion/README.md	19	callout-167f93208f185566	51ab810b7a794f4200d8378182b9232c83651c5be52ab82fb569cd47f823f96a	unchanged identity and body	caution-note
part-08-coreai-pytorch-conversion/README.md	95	callout-219d797935bd2b9d	c1de8dfd75a6daf5b86fcf012babde0b7c8754d62a10ca6e822a0f2d48ad8483	unchanged identity and body	garbage-output
part-08-coreai-pytorch-conversion/README.md	129	callout-2c94b26e3d6dbf78	fec9de0069070f1c3bd7d2077095f068e2cd7f8d7b267f66d23c209cd2d2d4fe	unchanged identity and body	ignored-input
part-08-coreai-pytorch-conversion/README.md	159	callout-118c6a1a74a42b05	f31829190f6507e35713a9d343d393b62ee12dc467d4ca093c4bce73f0724bf2	unchanged identity and body	garbage-output
part-08-coreai-pytorch-conversion/references/01-conversion-and-the-io-contract.md	17	callout-97d7f3199a3d2eec	fb0d69845c3e439f239a312b7af72e34ae8d2e27058c6c3b7fc6b06101543322	unchanged identity and body	caution-note
part-08-coreai-pytorch-conversion/references/01-conversion-and-the-io-contract.md	290	callout-26fa8e316a7e5cad	49df7f11782836b6c827a9a4c7589d2eaa6bca4829b7e32eaf332cd84f4ed7d3	unchanged identity and body	version-drift
part-08-coreai-pytorch-conversion/references/01-conversion-and-the-io-contract.md	466	callout-a1d068a5b9af7ee8	7e1fe40e4b7c3056e8e187b8a17468a554812b49bedc61e74fad076dc7aea944	unchanged identity and body	runtime-unavailable
part-08-coreai-pytorch-conversion/references/01-conversion-and-the-io-contract.md	532	callout-10af249b440b6b6d	6514f6883779415b6deab74151b0e64f9c3004e0e678336dd689537d0f398d7e	unchanged identity and body	docs-vs-reality
part-08-coreai-pytorch-conversion/references/01-conversion-and-the-io-contract.md	601	callout-29ea7b439213b047	5dd3d31cff9b7cc81906b38d8e85c8b1cba80ef8505b4284c8a2a11252215d12	unchanged identity and body	perf-cliff
part-08-coreai-pytorch-conversion/references/01-conversion-and-the-io-contract.md	637	callout-f3978180b969871e	b29497970934a0416d6118d544f5304a87c357568f35dd03e74ddb1273c04111	unchanged identity and body	perf-cliff
part-08-coreai-pytorch-conversion/references/01-conversion-and-the-io-contract.md	729	callout-86631a822a55f23b	acda822b24d60985b19d900de5f8882e476400af7e313e6ad53f112880e218e5	unchanged identity and body	docs-vs-reality
part-08-coreai-pytorch-conversion/references/01-conversion-and-the-io-contract.md	777	callout-e2f955e84ca7c8a9	b57cd9e691d5ecdfa86ed1ebe8edbf0384d3fbbc22c9c23dee94dd1453d7511d	unchanged identity and body	docs-vs-reality
part-08-coreai-pytorch-conversion/references/01-conversion-and-the-io-contract.md	883	callout-e20b39d76d497998	8e3de704a56609657ccf023882c1aff014b4ece76fe5d4d7de110a5e1e5463b0	unchanged identity and body	ignored-input
part-08-coreai-pytorch-conversion/references/01-conversion-and-the-io-contract.md	1029	callout-3f9a681c2e8b3a2f	d535240f998d4d808da435348f7b622e3d415f1680db0cf4b6db97c14cc2525d	unchanged identity and body	garbage-output
part-08-coreai-pytorch-conversion/references/01-conversion-and-the-io-contract.md	1123	callout-5e4b0d535fdcb326	de8b4964dadb4417b1353173d9aa2e6289bd5da4104f8d6d5da54c0d96fac8be	unchanged identity and body	garbage-output
part-08-coreai-pytorch-conversion/references/01-conversion-and-the-io-contract.md	1241	callout-74a79a654df562ca	7483246b023c0da7fd59ace9a816c505b24a5a645c85a0a3dcf02e8ce840ee80	unchanged identity and body	docs-vs-reality
part-08-coreai-pytorch-conversion/references/01-conversion-and-the-io-contract.md	1261	callout-afd10d0b3f291408	209bd150181b4b768bd6072e75509392211445744f9aa444e80a8cfca7126dfd	unchanged identity and body	version-drift
part-08-coreai-pytorch-conversion/references/01-conversion-and-the-io-contract.md	1275	callout-31efb32b77eb2613	6ae35bc09463a057a06761caee5fe7054085b0add854d35b87d3ad22c621230f	unchanged identity and body	version-drift
part-08-coreai-pytorch-conversion/references/01-conversion-and-the-io-contract.md	1311	callout-be6a2e623913c056	58c7819e5819a3aa8e932f8a56fe19e1e073ad807c88872ab8989a12dd3eeaa4	unchanged identity and body	version-drift
part-08-coreai-pytorch-conversion/references/01-conversion-and-the-io-contract.md	1751	callout-0e2efd1a4aa9d09e	28d8ae384d45531b98991b46291370fe7eebac2ce892d6119c60094276799184	unchanged identity and body	garbage-output
part-08-coreai-pytorch-conversion/references/01-conversion-and-the-io-contract.md	1772	callout-5db4eeec3bbeac5a	ce7e7d7edfcbdf7bdee178d135f4759ca036ed46b53f58b5d0f31baf233a8a5f	unchanged identity and body	garbage-output
part-08-coreai-pytorch-conversion/references/01-conversion-and-the-io-contract.md	1810	callout-019d019d516edf1d	b06dca08a4d0d9374ab5ca4e0fa68c081e4752126ef8a065e1813eadb2d8e3f4	unchanged identity and body	garbage-output
part-08-coreai-pytorch-conversion/references/01-conversion-and-the-io-contract.md	1856	callout-831810b11f6edf6b	d9a5cf3aff69370a0b14935a4d2054c62bb58572dbc441c3a22c8756273548f0	unchanged identity and body	caution-note
part-08-coreai-pytorch-conversion/references/01-conversion-and-the-io-contract.md	2007	callout-a2b554f6bbf1e5f8	8cbc3ce8e3264017e08767fe134f332bbf6f5cb82a42c0979aa67059c66e4354	unchanged identity and body	docs-vs-reality
part-08-coreai-pytorch-conversion/references/01-conversion-and-the-io-contract.md	2105	callout-d5300ff41fb57ecc	d1ad94cc971ac9def7406d7ac283c268fe8758f7c9f242f20f1f4b6edb90ea97	unchanged identity and body	perf-cliff
part-08-coreai-pytorch-conversion/references/01-conversion-and-the-io-contract.md	2117	callout-1f54e38c8c596752	f812a100dcf3f322796e4b3d52ee89ef31ef1d6a70bea6d2522c9e823212d119	unchanged identity and body	perf-cliff
part-08-coreai-pytorch-conversion/references/01-conversion-and-the-io-contract.md	2144	callout-6082053085a170af	4949055bc3d184c67d6ae8601eefd5177d1211ac0a816746a049ff1df4fbf58f	unchanged identity and body	perf-cliff
part-08-coreai-pytorch-conversion/references/01-conversion-and-the-io-contract.md	2270	callout-b1c88ce16a19ad2d	ce3188f58612ea2d4c161209b87104dc8dc782012fb6509c51215d566fd244df	unchanged identity and body	caution-note
part-08-coreai-pytorch-conversion/references/01-conversion-and-the-io-contract.md	2361	callout-f2282edade3049e9	d41bd99efbbeada2a8fd74ee05aacdcf1ea21fc8009fe49eeafb40677c49c3e3	unchanged identity and body	caution-note
part-08-coreai-pytorch-conversion/references/01-conversion-and-the-io-contract.md	2477	callout-b4ac44d2af20dad2	969942530799a62b38d382039532103e4f54cf3c9920e2b5d7313cf2730fa6bf	unchanged identity and body	misleading-signal
part-08-coreai-pytorch-conversion/references/01-conversion-and-the-io-contract.md	2569	callout-66f086c9a304be31	b0c92203f9cc3b450d53ac7789a052b8ac1adf659636fd374006b815be60fb94	unchanged identity and body	docs-vs-reality
part-08-coreai-pytorch-conversion/references/01-conversion-and-the-io-contract.md	2703	callout-89852d94a419e753	2af0574bb00589144bfddaf9a988223c42c6a040a38d653a161fc2f44bd34d06	unchanged identity and body	docs-vs-reality
part-08-coreai-pytorch-conversion/references/01-conversion-and-the-io-contract.md	2730	callout-cda6f7642cb66469	b0f42e6c3ce139649a01433036d9ef058fd4bfabdd9cf24efab6949d5953d274	unchanged identity and body	caution-note
part-08-coreai-pytorch-conversion/references/01-conversion-and-the-io-contract.md	2750	callout-af73447b512becab	8f46a151e42d19335fe71538d7345e628f85e8be1237b628e779753a78582dee	unchanged identity and body	misleading-signal
part-08-coreai-pytorch-conversion/references/02-op-coverage-composites-and-externalization.md	15	callout-67b3cc9b3b057021	9ce6ce87c47df772375befcb74fd8c402d641e05bc45ea71987a8a806f88cf64	unchanged identity and body	version-drift
part-08-coreai-pytorch-conversion/references/02-op-coverage-composites-and-externalization.md	138	callout-bd7effc46fd05931	f1d1e90399eec2469bea789a7f33a4d5ad76e8cfc77a3888a83679e7296f5845	unchanged identity and body	garbage-output
part-08-coreai-pytorch-conversion/references/02-op-coverage-composites-and-externalization.md	208	callout-e4635b935f5c664f	dee806ee9fa72d96c2bf7156d9499a672bcc684537b772300d4e1edf3dfe0689	unchanged identity and body	footgun-api
part-08-coreai-pytorch-conversion/references/02-op-coverage-composites-and-externalization.md	214	callout-3f28b554ebeb6d79	6299e775cf7f94fc1b6aa2d40a8a842cb8b981ef106c78b576fdd018ff6fe11f	unchanged identity and body	footgun-api
part-08-coreai-pytorch-conversion/references/02-op-coverage-composites-and-externalization.md	344	callout-2a9334325baf5f06	8662564774bf03790a9b297897d007544e35451f4ab2d2439609dd83404bc016	unchanged identity and body	ignored-input
part-08-coreai-pytorch-conversion/references/02-op-coverage-composites-and-externalization.md	364	callout-e586f7af9d724588	e8ae542b57788f06cd804a5293890078d6301a1d76d7afdd55a2cd35b3917dd8	unchanged identity and body	runtime-unavailable
part-08-coreai-pytorch-conversion/references/02-op-coverage-composites-and-externalization.md	437	callout-ef864e9f9525ad2c	e77320aebd60ca164938a100d816cf6474132e858feeb5d6916ffbb261df9b11	unchanged identity and body	footgun-api
part-08-coreai-pytorch-conversion/references/02-op-coverage-composites-and-externalization.md	479	callout-8b25a9a04626f8e8	7aaed29c40e3f849196c3576ab5b84ca0ccb065372fac7119bd92c981812f0ca	unchanged identity and body	footgun-api
part-08-coreai-pytorch-conversion/references/02-op-coverage-composites-and-externalization.md	519	callout-76c2b49655fda224	88253024f793a1502fd972ee1708bcc57c9286a3629c9026d3c630de579723fc	unchanged identity and body	misleading-signal
part-08-coreai-pytorch-conversion/references/02-op-coverage-composites-and-externalization.md	903	callout-1a51fb49ba183bcc	22907d14ab31315d04d6da2dffa358c99b3cf8831181189994894964e1c0cb1c	unchanged identity and body	perf-cliff
part-08-coreai-pytorch-conversion/references/02-op-coverage-composites-and-externalization.md	976	callout-ebcf5c26a6ef16c1	af792a7c6c54ee069655f68d09188677c9ef81958b6d2b8154666dad2afdb582	unchanged identity and body	ignored-input
part-08-coreai-pytorch-conversion/references/02-op-coverage-composites-and-externalization.md	981	callout-a2104251c483448d	3fd016e16fe33069e5f695ab3572a3fb0ad320cd2631f061dc58c1c4bc884840	unchanged identity and body	garbage-output
part-08-coreai-pytorch-conversion/references/02-op-coverage-composites-and-externalization.md	1015	callout-91d93a9c93604173	0ddc62b0320e7fc1487736e7f25f2f6539292062bda1cd7ced6c113372cc5fde	unchanged identity and body	garbage-output
part-08-coreai-pytorch-conversion/references/02-op-coverage-composites-and-externalization.md	1045	callout-350434d3f8a08a10	93bfda36f2fdcaf066b6f658e1b74c990368d13a056bc4c44f492b9530d2aa86	unchanged identity and body	ignored-input
part-08-coreai-pytorch-conversion/references/02-op-coverage-composites-and-externalization.md	1090	callout-2a4ec698520a05b5	4ebb64a45d1bae5ba687ae3d427d2cada7393160a87e7d1b95d998fe7702b66b	unchanged identity and body	garbage-output
part-08-coreai-pytorch-conversion/references/02-op-coverage-composites-and-externalization.md	1116	callout-356886e0d7764b53	09785bf131a17672d7b16a46948e975efdb896c396e7fda9e8659e2db7b76962	unchanged identity and body	garbage-output
part-08-coreai-pytorch-conversion/references/02-op-coverage-composites-and-externalization.md	1218	callout-30c68f1952d9d71c	7e94d776a88b5aec94fa40901b56b20f8ebc852805d891902c8034581b941e45	unchanged identity and body	footgun-api
part-08-coreai-pytorch-conversion/references/02-op-coverage-composites-and-externalization.md	1267	callout-456137619f7daab1	3dc5fb06cebf96739c61690ce97e6e574777848b1b6e09cd667e8c8229594980	unchanged identity and body	caution-note
part-08-coreai-pytorch-conversion/references/02-op-coverage-composites-and-externalization.md	1367	callout-9dada6ce34e615df	2ca0e3610da05f172df7bc188598cf2ca9b2ebcf6d83975aa19ea5266c4c5366	unchanged identity and body	caution-note
part-08-coreai-pytorch-conversion/references/02-op-coverage-composites-and-externalization.md	1612	callout-6ff694622599acde	a4351914f73f64b82ade148543c8f53e79ab5be884b708ddd82d8b3625a859a6	unchanged identity and body	footgun-api
part-08-coreai-pytorch-conversion/references/02-op-coverage-composites-and-externalization.md	1663	callout-18907b745bd395a7	41596fdf4d648f841c772c8fb0a6853af0f146dd090e923bb97e97bc58829a9d	unchanged identity and body	footgun-api
part-08-coreai-pytorch-conversion/references/02-op-coverage-composites-and-externalization.md	1734	callout-f79952e97af35c58	c580f0302530d5632de65b5fed5e0ca4dde14210742d3a6552912e2d304a5791	unchanged identity and body	docs-vs-reality
part-08-coreai-pytorch-conversion/references/02-op-coverage-composites-and-externalization.md	1988	callout-7d5844980e2cb5c4	583a3ba9ef45a0de2770c5c4b18e18edc9dfa0cf3af4c1dabb1d61c9e29e00e1	unchanged identity and body	caution-note
part-08-coreai-pytorch-conversion/references/02-op-coverage-composites-and-externalization.md	2043	callout-76cf9997ad6f1ab6	5cb8293ab33e867205b3886c21a72d7865313b61e42fd95797fe2b84eef31205	unchanged identity and body	misleading-signal
part-08-coreai-pytorch-conversion/references/02-op-coverage-composites-and-externalization.md	2088	callout-97585726768b05db	eee8a998ebe08e98bc39344a09de2526f29694f2bb8e2309ed34b71cd10ab2ad	unchanged identity and body	footgun-api
part-08-coreai-pytorch-conversion/references/02-op-coverage-composites-and-externalization.md	2138	callout-a57222aeccfcc9b1	51c26c63d6e1ff2337a6683dfe2fdd7bc3218aa1f83674e8b0941ea9b2285b58	unchanged identity and body	docs-vs-reality
part-08-coreai-pytorch-conversion/references/02-op-coverage-composites-and-externalization.md	2172	callout-d12b932bef6af2c6	ec64106a4dd440d39d1b3c3b0027d76eaf601820cf2fa765d49468bb5348752c	unchanged identity and body	caution-note
part-08-coreai-pytorch-conversion/references/02-op-coverage-composites-and-externalization.md	2210	callout-7b4c58ea47cd192c	0058112e4312a2a13227f67d21e05cb18d769804d55f5b6d89d831ddd2ce51aa	unchanged identity and body	caution-note
part-08-coreai-pytorch-conversion/references/02-op-coverage-composites-and-externalization.md	2244	callout-983f76ccbb49b3e0	ee5de9e546bfb0d59967a7ff378457dc569af55f123d69d8486517c5a50a957a	unchanged identity and body	ignored-input
part-08-coreai-pytorch-conversion/references/02-op-coverage-composites-and-externalization.md	2389	callout-f483016200ef0d4b	302dbaeda825e256988c23447f6d5a20bb5a546a8c776de8595402be08cbbf5e	unchanged identity and body	garbage-output
part-08-coreai-pytorch-conversion/references/02-op-coverage-composites-and-externalization.md	2432	callout-f03c1003954b743e	c5825fab7a2290667baf92ec3696b79e897ad9b62c323558f1e194a88a499237	unchanged identity and body	garbage-output
part-08-coreai-pytorch-conversion/references/02-op-coverage-composites-and-externalization.md	2494	callout-958898680b8862b2	0b5ca6fd94afaf7a2aada278d9b5bf130132e151426673d7681b407581763e5b	unchanged identity and body	garbage-output
part-08-coreai-pytorch-conversion/references/02-op-coverage-composites-and-externalization.md	2537	callout-b40dd98b6728eccc	d1f3191cfa5a1cdd54d9d47e59cfe04e70b306d5a0498bc7fd1f4f15b5749d2a	unchanged identity and body	garbage-output
part-08-coreai-pytorch-conversion/references/02-op-coverage-composites-and-externalization.md	2592	callout-06d5cf93b172a5ba	37007515259ff147b86740deb6c7d09eb71def3ed682b49cf28d0d808e0b1e00	unchanged identity and body	garbage-output
part-08-coreai-pytorch-conversion/references/02-op-coverage-composites-and-externalization.md	2849	callout-46ddd6cac4576e39	ebcbc65ef8c61faadf67d5404b05211f70f3b960858d52cf18d70dea028ae2ae	unchanged identity and body	caution-note
part-08-coreai-pytorch-conversion/references/02-op-coverage-composites-and-externalization.md	3033	callout-7179c0c98a67969d	00f5397476779b8ba76f97b35dd2dba1d20b29222f96c537bba361e7bf522bc4	unchanged identity and body	docs-vs-reality
part-08-coreai-pytorch-conversion/references/03-custom-metal-kernels.md	24	callout-6dd625fc52c8d30d	3f416d54e74de9fbf065070c50206ffb07bc5f5c0d0e9e33712b0a31f6785b62	unchanged identity and body	caution-note
part-08-coreai-pytorch-conversion/references/03-custom-metal-kernels.md	414	callout-8e59400d914a33f7	fb8cc68692d8071cae50917b905b57e8022d0239ee92ba75f27d73c9cf258649	unchanged identity and body	misleading-signal
part-08-coreai-pytorch-conversion/references/03-custom-metal-kernels.md	860	callout-4eac9c043bacdd40	e56a1915e37002b7fae9843a87ed2a770e401ead69a82b9019c70d72785020ea	unchanged identity and body	garbage-output
part-08-coreai-pytorch-conversion/references/03-custom-metal-kernels.md	864	callout-0f2aff4b2b9f9e33	b9a4674fbf2c263cc23fbcbb6498ac6b865d86c60e313cfd5a75e2ddf26d8f89	unchanged identity and body	garbage-output
part-08-coreai-pytorch-conversion/references/03-custom-metal-kernels.md	935	callout-2bfd7064aef8018b	87707a443295c6c591a032ff3f95c75dbefc6fd7458d3b597eb55616aa1f6d59	unchanged identity and body	garbage-output
part-08-coreai-pytorch-conversion/references/03-custom-metal-kernels.md	1040	callout-7685d6c5b804eac2	e4b0275196fdcae591ad15a945062397d5cd0e122b7ce9311656db2b79626f96	unchanged identity and body	garbage-output
part-08-coreai-pytorch-conversion/references/03-custom-metal-kernels.md	1042	callout-400ccaff7ec6bd0d	12d73a56b39fc4bf3a2bbd2e344f88d34093c82be954f70187d02140b261e135	unchanged identity and body	garbage-output
part-08-coreai-pytorch-conversion/references/03-custom-metal-kernels.md	1354	callout-bb7ed834b9f9eda5	97d852d6ffc6fad35af47ad7a97dadaaea338c84a9d0f38b299e1176d03d7fff	unchanged identity and body	perf-cliff
part-08-coreai-pytorch-conversion/references/03-custom-metal-kernels.md	1566	callout-d163ddae5b78d57a	b14eb06c6a2176431e1090bef727094f0158496538c5511cc3f1e8a109feab8c	unchanged identity and body	footgun-api
part-08-coreai-pytorch-conversion/references/03-custom-metal-kernels.md	1571	callout-7cb1832c1ddaeaea	df2d7a24e6dfffba653a9a050f403825b3e9055c1e5e8b11804b9b55eca70d53	unchanged identity and body	footgun-api
part-08-coreai-pytorch-conversion/references/03-custom-metal-kernels.md	1754	callout-71e88614fdfc5000	b5193866d500498a82d493554108ade3d0d5cb5ae4befab769014965c7592e12	unchanged identity and body	docs-vs-reality
part-08-coreai-pytorch-conversion/references/03-custom-metal-kernels.md	1758	callout-f6379cc1c8188a87	fdfa8f3e52f35616286a39fcfd641351284ba85dda60b3b8a47909d4d1fcad7c	unchanged identity and body	version-drift
part-08-coreai-pytorch-conversion/references/03-custom-metal-kernels.md	1858	callout-ef2f84a71202e8df	5cd6009162fb4e9d9016abbfb98fa9d63d7d7fd931806da8c38fcfe40ad12313	unchanged identity and body	misleading-signal
part-08-coreai-pytorch-conversion/references/03-custom-metal-kernels.md	1930	callout-64f8bd5f8ff7f1fd	ce9b533eae754cdac092deb8887c0a5b27d03be58ff825381a5a6d9b29eec938	unchanged identity and body	ignored-input
part-08-coreai-pytorch-conversion/references/03-custom-metal-kernels.md	1951	callout-7bd9e47f1f2b45f7	0e58d339de49bdd2bdd2cea1ebe77e349da875915e2205b450d080c7b769bc64	unchanged identity and body	misleading-signal
part-08-coreai-pytorch-conversion/references/03-custom-metal-kernels.md	1953	callout-4784e8e7339b902c	ba29f416becc1456a401ec075727cc1fa50e67f15719598fedb73b059da2ed22	unchanged identity and body	misleading-signal
part-08-coreai-pytorch-conversion/references/03-custom-metal-kernels.md	1998	callout-85e5fa15dc2fc90f	024d06a98dc2b022b5edc461f83123ed956adad62359edbd9bfea381d5c2f8fb	unchanged identity and body	caution-note
part-08-coreai-pytorch-conversion/references/03-custom-metal-kernels.md	2087	callout-d7a04905223dd51e	26f38ee2e84ea0ab4878ddb5b2813d776f8708abc534161b8e0f882d5117b4a3	unchanged identity and body	footgun-api
part-08-coreai-pytorch-conversion/references/03-custom-metal-kernels.md	2119	callout-d324daf7f680b2b6	1f195b579ce975e23d0a1ff86015289803e75ec564f2a7e2c20b7a0e75dd4dc2	unchanged identity and body	perf-cliff
part-08-coreai-pytorch-conversion/references/03-custom-metal-kernels.md	2121	callout-89347ec77806c0aa	4c99a8654e2be0ad7017a5049ba5ee404ef7e2d8d7da19a34a73f6c78523568e	unchanged identity and body	perf-cliff
part-08-coreai-pytorch-conversion/references/03-custom-metal-kernels.md	2312	callout-ca3fb2d8c0bae519	3e10fd2e6946922563ae232a34ead77c7f5a46e37b266b9b91e9b55c10b10776	unchanged identity and body	garbage-output
part-08-coreai-pytorch-conversion/references/03-custom-metal-kernels.md	2541	callout-9cb3b0570a5bc654	aec7fe62a2fb4c3b88161f007848b2b37cb686594bb77daae18f15a1372a4078	unchanged identity and body	caution-note
part-09-coreai-compression-numerics/README.md	26	callout-04b974518a8220b9	32b221410caee7c932603716076716de472f8d4898ffcd269209a8074352fbb3	unchanged identity and body	caution-note
part-09-coreai-compression-numerics/README.md	103	callout-a02f4d22012285e5	21ac077941240ad3fc85a065cd8185ccb0a622c63dd87c6e2058d8433790896d	unchanged identity and body	footgun-api
part-09-coreai-compression-numerics/README.md	140	callout-00ff37d163817c58	a8ff8fb3984ce0ad23ae046d1cad450555ced2f3e6713933c07138581d869670	unchanged identity and body	perf-cliff
part-09-coreai-compression-numerics/README.md	176	callout-d22328726f39e94a	5aa7f90ae093a1bbf72d925fcdcbbe4dd2d648b14532398849dea480ba917a0a	unchanged identity and body	perf-cliff
part-09-coreai-compression-numerics/references/01-quantization.md	23	callout-755ecbc659eaf70a	b046fa42318b391dbf5de926e75f4d6831870746c41d3f34d9a4fb2418ad72b9	unchanged identity and body	caution-note
part-09-coreai-compression-numerics/references/01-quantization.md	73	callout-a5e1cc50a51f8d21	4c13ec563c76872e33210859873455634eb07e01c9775e42d4ce89e0c128acf3	unchanged identity and body	ignored-input
part-09-coreai-compression-numerics/references/01-quantization.md	143	callout-3e0c18cfabd92731	dc6402a22dbeaf0c9edbaad572a594275bc5f62e3b9f73885589cf1f621decba	unchanged identity and body	caution-note
part-09-coreai-compression-numerics/references/01-quantization.md	586	callout-8c30d4bfa4e9986b	12b3175873dc51085937485f192af6a6eb42932b0f39e05804c7240c60ed0a8a	unchanged identity and body	docs-vs-reality
part-09-coreai-compression-numerics/references/01-quantization.md	708	callout-ed6de35e1b4dc323	87305f2dffb1f55b3142138246b68abd6b4183d1ce22bc7489c5bd1bb1f337d5	unchanged identity and body	footgun-api
part-09-coreai-compression-numerics/references/01-quantization.md	866	callout-a94ef2ebcdb136e0	bf9b4019b9aa0af554391d78aa5d339b1e838c5c65fc130fcaa8c35b000bd984	unchanged identity and body	ignored-input
part-09-coreai-compression-numerics/references/01-quantization.md	1186	callout-20f9789dfc8d7f48	5f2dc4e32767b0776ba5e771ad352c55fc38c9afd761f79ce8743a82d000d124	unchanged identity and body	caution-note
part-09-coreai-compression-numerics/references/01-quantization.md	1384	callout-ff45f3d089bf3cbe	acbcb99d7b7ee3675eb16239dc3e205a6555a3bbc1930ffa18fa52ee14f8c865	unchanged identity and body	ignored-input
part-09-coreai-compression-numerics/references/01-quantization.md	1388	callout-c08d8ec08ad3fb80	d94e1f9d019ced1d7682c07fd9abe91651208568164feb5615c081efce944102	unchanged identity and body	ignored-input
part-09-coreai-compression-numerics/references/01-quantization.md	1548	callout-8a82bcd077bbd8b5	6f1ff7392f2a1fae80d269b8a9ba13d841d6a8a4c9cba0469fd436334f2bfde6	unchanged identity and body	footgun-api
part-09-coreai-compression-numerics/references/01-quantization.md	1654	callout-79bfd110ebaf3666	1f0c0ec555a26548e3a8d5a9ddae3cc612156431acd2c8decfc72af9b2389006	unchanged identity and body	garbage-output
part-09-coreai-compression-numerics/references/01-quantization.md	1656	callout-9914281d2dca9a32	369a4461a703927e03f12e9f51092c3f61661a1286f31c8236a3846b614b65e9	unchanged identity and body	garbage-output
part-09-coreai-compression-numerics/references/01-quantization.md	1691	callout-adcb96364ad38c16	c004be7b919b84963199fe10d599670c32b65e18194ebd80ba9402df6371111d	unchanged identity and body	caution-note
part-09-coreai-compression-numerics/references/01-quantization.md	1981	callout-14679b1ad3f54f71	b323b473f49e434b92784c52be9602eea2745eb12ec9531db15cfe4391bd66cc	unchanged identity and body	footgun-api
part-09-coreai-compression-numerics/references/01-quantization.md	2002	callout-047458dce0e3f8da	44d8f040f2ac7752e116d4bd1bd2b27e2db1748e004c34e29601e0e4a9fa76fa	unchanged identity and body	garbage-output
part-09-coreai-compression-numerics/references/01-quantization.md	2216	callout-8cbec3a32c2b8f39	183c85554bb3826af878d4049171d101dfd7ec69ac3b064864b69c7d27b8dd98	unchanged identity and body	caution-note
part-09-coreai-compression-numerics/references/01-quantization.md	2638	callout-211ba574729c8725	c286f7a5dbde0c3dfe235b49ae87f724dd873e5cd2efaf3aa633e8c4542319f3	unchanged identity and body	garbage-output
part-09-coreai-compression-numerics/references/01-quantization.md	2805	callout-b66390b0046d3c3a	d689e3ab5841042e9fb747349a31eeb819f1832e84a707de797bd5d729b65e87	unchanged identity and body	docs-vs-reality
part-09-coreai-compression-numerics/references/01-quantization.md	2823	callout-9da234d4de2f78e2	96343c4021ad89f275fb43879183fd35f853806c7fc49fb0bf405a3536d4bd18	unchanged identity and body	docs-vs-reality
part-09-coreai-compression-numerics/references/01-quantization.md	2882	callout-069511080538b335	3bc515b120bcd1c56e5b07f9e07117da033e9b7e0122ea44ee6c3e8136e1d48f	unchanged identity and body	precision-loss
part-09-coreai-compression-numerics/references/01-quantization.md	2966	callout-a181eccb999b9b83	7ac8a7d3e8758696a6bd1bc252df38353933ab87d99d0e7cffc3559b3bde4121	unchanged identity and body	docs-vs-reality
part-09-coreai-compression-numerics/references/01-quantization.md	2971	callout-cd468f19d74e556a	78452d23ebfc7540a4101bdc701a459666c7c3ec518b5995d28ccbfe9219dd25	unchanged identity and body	docs-vs-reality
part-09-coreai-compression-numerics/references/01-quantization.md	3024	callout-14c67306a30b6c41	84f9f70acf75eec3ecd7c30b6dafa287655219d6e3e7d8a992cf0a549745a7a6	unchanged identity and body	garbage-output
part-09-coreai-compression-numerics/references/01-quantization.md	3034	callout-812743f3dc824a21	e6c486d0a4506c58a9e32b5d1bd62302faa2e6193050631925b2a78b7fd7a2a4	unchanged identity and body	garbage-output
part-09-coreai-compression-numerics/references/01-quantization.md	3036	callout-fd3421904d8ffe53	3ff7dde8917611d91aae47e5b2fd7f0c9fb57968af105c5c5fe13448ed5b80bc	unchanged identity and body	garbage-output
part-09-coreai-compression-numerics/references/01-quantization.md	3154	callout-8eb1f5c7ef281690	1980238741fc3a3cb9581717af50c9c99a0aae8b077565205d8e5971ed9fb163	unchanged identity and body	footgun-api
part-09-coreai-compression-numerics/references/01-quantization.md	3293	callout-4166ebefa1df8414	8fb0685e6e51dc6e4791138cd36e67e62acd1649945dd3168a765661b3e3764a	unchanged identity and body	caution-note
part-09-coreai-compression-numerics/references/01-quantization.md	3307	callout-4650d683e51823bd	0b3ce0c13d8c04122afca3d37ffa14b98d8c4491e412a9e39a0367afa5ae0b98	unchanged identity and body	ignored-input
part-09-coreai-compression-numerics/references/01-quantization.md	3384	callout-496481f411415544	8fb564b68ae71b7702a49821d5827393b58f65c16ecb85dd9576b5c758bc0aa8	unchanged identity and body	garbage-output
part-09-coreai-compression-numerics/references/01-quantization.md	3395	callout-e617c32c3b00fcf2	79a007032575a4f0aca617ee30498e844b7b7c6ed3f47f72f1c0f7f8280c2e13	unchanged identity and body	garbage-output
part-09-coreai-compression-numerics/references/01-quantization.md	3528	callout-24b78f5bec911ca3	c7386b2bb0c55365fb729a29bc47477c23bc65aa8d0d220fda1c29ca5082f619	unchanged identity and body	caution-note
part-09-coreai-compression-numerics/references/01-quantization.md	3587	callout-15449b6eb099112e	e93f5b3f251722281cba87ad3cb400465274d25ebcb8650a53f25b8f0e0d6527	unchanged identity and body	garbage-output
part-09-coreai-compression-numerics/references/02-palettization-pruning-and-joint.md	23	callout-24e29a0e46047aef	b046fa42318b391dbf5de926e75f4d6831870746c41d3f34d9a4fb2418ad72b9	unchanged identity and body	caution-note
part-09-coreai-compression-numerics/references/02-palettization-pruning-and-joint.md	54	callout-3140df85e7f3a915	d64203527803172f72f72f23bf9fc097791b99a4d6802b24d8678f2a4bc854ac	unchanged identity and body	perf-cliff
part-09-coreai-compression-numerics/references/02-palettization-pruning-and-joint.md	116	callout-fa0e7332f92206e4	961196a6b4c8d4387e43da475e064917c0ec90cff3cf8b7313b7d3292e0d2946	unchanged identity and body	caution-note
part-09-coreai-compression-numerics/references/02-palettization-pruning-and-joint.md	130	callout-3273248587261786	788c639f737fe90ccdc23fb635381802ed8bc8e123093b973239371a423965e1	unchanged identity and body	caution-note
part-09-coreai-compression-numerics/references/02-palettization-pruning-and-joint.md	675	callout-d44fcb00350adeeb	d80824eb6009c5b3566d9fe5a7392c787f123b26733f58e4ed41146894c961d7	unchanged identity and body	resource-growth
part-09-coreai-compression-numerics/references/02-palettization-pruning-and-joint.md	679	callout-151b5b6622fa39a9	675e07d9c57122fba41c67655921c8458fa90ff4a4257e2bd339ea48607c2275	unchanged identity and body	footgun-api
part-09-coreai-compression-numerics/references/02-palettization-pruning-and-joint.md	879	callout-ce016f669aca2fdf	0a470e9cb35409f5e1f543237793fc4b45a19a25c61e388eb6349ecbafeb61d0	unchanged identity and body	ignored-input
part-09-coreai-compression-numerics/references/02-palettization-pruning-and-joint.md	970	callout-71ff1993ec74e391	22066328b04854684b925d41831404f284434e31f39a15b8fbfd3db7a352a95d	unchanged identity and body	perf-cliff
part-09-coreai-compression-numerics/references/02-palettization-pruning-and-joint.md	1046	callout-e923fb74aef8f158	d81cff285f3842660a5a8420c5c6c77afea007a989b99dac606f47b2c375c597	unchanged identity and body	perf-cliff
part-09-coreai-compression-numerics/references/02-palettization-pruning-and-joint.md	1167	callout-3ef7a72f3a4bf86e	32b7e31f8ca1613cd15c5f3e82ea545d2dc0de854b8ac0f616680bb028fb3dc4	unchanged identity and body	precision-loss
part-09-coreai-compression-numerics/references/02-palettization-pruning-and-joint.md	1287	callout-14f7f7572307a244	4b69e5079ea71b319e11ceb39a0dc00b2f26bef2d649ff6811c24375b9bec0bc	unchanged identity and body	version-drift
part-09-coreai-compression-numerics/references/02-palettization-pruning-and-joint.md	1309	callout-175f49b17f480d9a	059d9b9a29a001fbfca5e6efdc4dd81a5347553a52e52c44126496cc2055d60c	unchanged identity and body	version-drift
part-09-coreai-compression-numerics/references/02-palettization-pruning-and-joint.md	1633	callout-7f3c33322eea3580	1a9f5035806d0d854125ef1dc5aa07a4c025fb3b666e1530ac13604ce461a90f	unchanged identity and body	data-loss
part-09-coreai-compression-numerics/references/02-palettization-pruning-and-joint.md	1644	callout-e647dc4ed203d864	afcebdc69a2fa8165ce103ed8f51a150b64ea78b6c1083d68828d74bffcc74db	unchanged identity and body	data-loss
part-09-coreai-compression-numerics/references/02-palettization-pruning-and-joint.md	1864	callout-0610d11a9a83df3d	60ec199adbb6205aded30d8e800e39a8d3595afeef0584687dd72c775fcb9bdf	unchanged identity and body	ignored-input
part-09-coreai-compression-numerics/references/02-palettization-pruning-and-joint.md	1871	callout-e6df1deca7421ac7	bc2b5a98dd850cb1eef6d647d76d54417175e4bc57efe0fe74f951e9590cf677	unchanged identity and body	ignored-input
part-09-coreai-compression-numerics/references/02-palettization-pruning-and-joint.md	2124	callout-3a0b1784109e0098	1013083bbfdbbe77811386c27277396ba11aa6ef89d9d703ffa3b51e92f1798f	unchanged identity and body	footgun-api
part-09-coreai-compression-numerics/references/02-palettization-pruning-and-joint.md	2732	callout-3d9434b487a9179e	6af40c8756937e96f3d1fdb758281b0b801f5c831d39aee82cfc76edb60d9520	unchanged identity and body	runtime-unavailable
part-09-coreai-compression-numerics/references/02-palettization-pruning-and-joint.md	2810	callout-575138675ad19bfe	9d510c178ae1ec7b4454e3b92e0441999b88743d299e8c40af6ee0ff856a229b	unchanged identity and body	perf-cliff
part-09-coreai-compression-numerics/references/02-palettization-pruning-and-joint.md	2901	callout-735442865411f743	70a67d8c9b2e2f952c4f6d6e9f36058a95a77c762ce59c25ae3be4f9d0fa9a16	unchanged identity and body	caution-note
part-09-coreai-compression-numerics/references/02-palettization-pruning-and-joint.md	3145	callout-97108d5810fa2cf6	a34497c5f8143ed4beb7e4360af0400b4298aeea9a536c8bc6adc6acd1463b04	unchanged identity and body	caution-note
part-09-coreai-compression-numerics/references/02-palettization-pruning-and-joint.md	3161	callout-1e831cf062dcb05b	037b8b938fa15bae1aad33b780a91e39972939287cca8e574518fe7d4acf0086	unchanged identity and body	caution-note
part-09-coreai-compression-numerics/references/02-palettization-pruning-and-joint.md	3223	callout-60c4bb6f6145ea5d	3fc82bf74f72e4e73591dfb801baa4b2fc3d867f10fe3eb4a01e5107ab08b4cf	unchanged identity and body	caution-note
part-09-coreai-compression-numerics/references/02-palettization-pruning-and-joint.md	3317	callout-992bd38293744363	7517bdb1a42630bcc3e2f6fe656d9961731a1ee40f9d8b7b1c4f55847ee1f8f4	unchanged identity and body	footgun-api
part-09-coreai-compression-numerics/references/02-palettization-pruning-and-joint.md	3363	callout-ce5c15b7f4e62f8e	f1923070528f12c7e6363847e9741c9c0b94bcdfc64ad48460875b61cbaa9495	unchanged identity and body	caution-note
part-09-coreai-compression-numerics/references/02-palettization-pruning-and-joint.md	3396	callout-7999df9c323c08c3	271e684324689d0dc454e42407387fc32e5aad9034f2631e0d50d00273b820ee	unchanged identity and body	caution-note
part-09-coreai-compression-numerics/references/02-palettization-pruning-and-joint.md	3414	callout-0512c385997ab7e8	93726614178e18b71866ee131050308d4d17884e8e337a16dfd4a13bf9f6bcc7	unchanged identity and body	ignored-input
part-09-coreai-compression-numerics/references/02-palettization-pruning-and-joint.md	3497	callout-f83994975efa86b2	599b5d32a90dd3ae724e7834cff6156b323753601ac910f8d0d25997548dd0a4	unchanged identity and body	ignored-input
part-09-coreai-compression-numerics/references/02-palettization-pruning-and-joint.md	3517	callout-8708e432360faf43	e4e6ba3aff0100bcd01b105dc2eed45d2d0763fc555c6b480e30a62bb3551826	unchanged identity and body	caution-note
part-09-coreai-compression-numerics/references/02-palettization-pruning-and-joint.md	3528	callout-a68a5270b1b60e25	512463a93618cc2dca975b4f938a38cef36924c22bd88a331dd77831e8d44d94	unchanged identity and body	perf-cliff
part-09-coreai-compression-numerics/references/02-palettization-pruning-and-joint.md	3534	callout-69f77c5226038f92	8714153e13f0c95771b4405664bbc7091111c17408b807568fde1e329877d36c	unchanged identity and body	caution-note
part-09-coreai-compression-numerics/references/02-palettization-pruning-and-joint.md	3545	callout-5f692d093c36e355	b49d08d0621c2ee9aec8842c64d17c1eb730220f5c708ca16e433cbdd9d736fa	unchanged identity and body	caution-note
part-09-coreai-compression-numerics/references/02-palettization-pruning-and-joint.md	3578	callout-6bc2e6ffc9eb0c91	4152977aac087cde5ab3b68af5f27c7b4d88f1e37c47664196e7e9d398ebc829	unchanged identity and body	footgun-api
part-09-coreai-compression-numerics/references/02-palettization-pruning-and-joint.md	3630	callout-6babbfec256c0cbe	0f8b91d436867a18a6d573127ec44cccaf8ae7935cc33359db6d74c1270ca93f	unchanged identity and body	perf-cliff
part-09-coreai-compression-numerics/references/03-numeric-formats-across-the-stack.md	23	callout-4c656200e4e792db	b046fa42318b391dbf5de926e75f4d6831870746c41d3f34d9a4fb2418ad72b9	unchanged identity and body	caution-note
part-09-coreai-compression-numerics/references/03-numeric-formats-across-the-stack.md	56	callout-32183df00fbac735	9d70f780ed720449140f8a493fec5214606753ac7d6b604befde1c8fa6a34948	unchanged identity and body	perf-cliff
part-09-coreai-compression-numerics/references/03-numeric-formats-across-the-stack.md	125	callout-42995862176cfc19	bfc3569e0c8080a035a87aaee01f7b64aad46a572608c07b4a488048939294d4	unchanged identity and body	caution-note
part-09-coreai-compression-numerics/references/03-numeric-formats-across-the-stack.md	196	callout-2ac250ad7db67a2b	7401a7f22034b33de1827dd92b85e155abd078f513069ccfa85f494235e9b92f	unchanged identity and body	caution-note
part-09-coreai-compression-numerics/references/03-numeric-formats-across-the-stack.md	202	callout-5c2819045debfa51	e5091bbf0fe909c5797e632f32291d41ae6d030c46be3e0d24772371c0ef70af	unchanged identity and body	precision-loss
part-09-coreai-compression-numerics/references/03-numeric-formats-across-the-stack.md	205	callout-a9e0d311ed16523f	6c3348aac10cfe9de7def820da5aee07ce4dfe9e0a871d83dbb8f5de63997517	unchanged identity and body	caution-note
part-09-coreai-compression-numerics/references/03-numeric-formats-across-the-stack.md	207	callout-fff26308a6110f45	14e50ad61ae9e09c4529d1b573d0cf82265b2f376868efaf76abf57eb3f4868f	unchanged identity and body	caution-note
part-09-coreai-compression-numerics/references/03-numeric-formats-across-the-stack.md	208	callout-9877b03c2c7749da	f9c638826031fa471c59eed4b21afaccf0699325ae4c0cd7b5ab1382e5c2c31f	unchanged identity and body	caution-note
part-09-coreai-compression-numerics/references/03-numeric-formats-across-the-stack.md	209	callout-9003585200b516ce	5fa5c33a7db193cd2120afe4e8db0db8a809f9a79c19e4b800e338251d0f621e	unchanged identity and body	caution-note
part-09-coreai-compression-numerics/references/03-numeric-formats-across-the-stack.md	217	callout-7c90611193a172d8	ca583c843390ac6bbcfed1a14bc6e2690a7075314d15a6ccb5fdab9256b379b3	unchanged identity and body	caution-note
part-09-coreai-compression-numerics/references/03-numeric-formats-across-the-stack.md	220	callout-ee5c14594ff36d5b	b5c747325f79c36e4fad6c1ae952af33983c575c0468e683bea8d763fa65ce63	unchanged identity and body	caution-note
part-09-coreai-compression-numerics/references/03-numeric-formats-across-the-stack.md	221	callout-85e95a1995ae43fb	e4ee88a0a8253794339669af812891240d68692e9448f613cdd0842c6d2c5297	unchanged identity and body	perf-cliff
part-09-coreai-compression-numerics/references/03-numeric-formats-across-the-stack.md	494	callout-ee5d9411b6b3ed43	e3adb0041c41ac16b0efb7d9a492a72d43768654faf31b0ca4e93ce0249fe2c5	unchanged identity and body	ignored-input
part-09-coreai-compression-numerics/references/03-numeric-formats-across-the-stack.md	499	callout-5e936b8df37da434	e18599cc06e3a84292f7b61a195bfdc1159a7f769c42c294c6d4898eba61436b	unchanged identity and body	ignored-input
part-09-coreai-compression-numerics/references/03-numeric-formats-across-the-stack.md	636	callout-b243f2367400ebcf	e4fd7618be1466d5ace6f63d127bb545c655115032531196e0baebb8a80ea8a8	unchanged identity and body	garbage-output
part-09-coreai-compression-numerics/references/03-numeric-formats-across-the-stack.md	704	callout-973b6d51bcc21578	a90e038886fe1ecd1bc6db255351b3626e7feb05cc6865e2f21e7e4f1af8bc51	unchanged identity and body	docs-vs-reality
part-09-coreai-compression-numerics/references/03-numeric-formats-across-the-stack.md	792	callout-653432440a6fe3f3	8a5b794c0efe6362e12318b3f01ece03d83f7054ee91c4d181b42386eb178515	unchanged identity and body	garbage-output
part-09-coreai-compression-numerics/references/03-numeric-formats-across-the-stack.md	888	callout-8f2cb806d6936180	e421f1c4cc022ab3f5f7d20f32e7abb2581feed5654955325ecfe807edd9e8dd	unchanged identity and body	precision-loss
part-09-coreai-compression-numerics/references/03-numeric-formats-across-the-stack.md	890	callout-cf0bcc5aace9db2e	2db294bb3d6cc4c2a12037502c1ade9421f4d5a3af2cdd7a0b6474b3c622f3f6	unchanged identity and body	precision-loss
part-09-coreai-compression-numerics/references/03-numeric-formats-across-the-stack.md	966	callout-2217e3b7ef48cb0a	399a4845c42a0fa7e9b3d9029003c7428d62273336bd3f519d0d297c5ec3fb9c	unchanged identity and body	perf-cliff
part-09-coreai-compression-numerics/references/03-numeric-formats-across-the-stack.md	979	callout-d15e723120fd8317	6bc5dacfadeb7bfaf7147136371b159fb4ac0e3c5b49c309aeda9955c00aeeac	unchanged identity and body	perf-cliff
part-09-coreai-compression-numerics/references/03-numeric-formats-across-the-stack.md	1019	callout-78deaea4f64d40e0	8ae12e59548552b9eaaf2f236c3057535d0d4c990ab86e8ee4ab171ebb20f68c	unchanged identity and body	caution-note
part-09-coreai-compression-numerics/references/03-numeric-formats-across-the-stack.md	1022	callout-24941654b0b21ef1	00f377987940fa6d902995e26b5ffb924c98db47404692a4257d39c92728b93e	unchanged identity and body	docs-vs-reality
part-09-coreai-compression-numerics/references/03-numeric-formats-across-the-stack.md	1048	callout-b820910f07a65594	5411f3a27e9f377dfdbbbf2908d8f48677457ddc380d1161f3633696d5aae7b7	unchanged identity and body	perf-cliff
part-09-coreai-compression-numerics/references/03-numeric-formats-across-the-stack.md	1075	callout-51159af5005604c7	1d4d853431a7b3732e363d41afa1e0d994026ecfdf19f28c36293f6fe4c2b93a	unchanged identity and body	perf-cliff
part-09-coreai-compression-numerics/references/03-numeric-formats-across-the-stack.md	1334	callout-be8237ec4c8146bb	eed071c47227e23f9837b3b4bb819060078870565c4a807c54f9fda668c19223	unchanged identity and body	caution-note
part-09-coreai-compression-numerics/references/03-numeric-formats-across-the-stack.md	1352	callout-b88e83afd8cdec1b	8f6b5bb14816f20ef1a4740d7e29ca078d26ca5d535f02838d3c6003376b293e	unchanged identity and body	misleading-signal
part-09-coreai-compression-numerics/references/03-numeric-formats-across-the-stack.md	1383	callout-f6f239905ccb00e1	e46e41b09873d61a0937e0d45f13cea9f476fb2a2b48f553a94abe159a3689d2	unchanged identity and body	caution-note
part-09-coreai-compression-numerics/references/03-numeric-formats-across-the-stack.md	1403	callout-679b93668415a4ac	1bbaea6fde703e3c07322440aa0cb5bc0619b9bffcc20adfe9c4bd5608a61dc0	unchanged identity and body	caution-note
part-09-coreai-compression-numerics/references/03-numeric-formats-across-the-stack.md	1577	callout-2eb718933777fa4a	20536a05e0d975fcee3534a2d2d44a2795f494e60381ced0d6c9643be18526f9	unchanged identity and body	precision-loss
part-09-coreai-compression-numerics/references/03-numeric-formats-across-the-stack.md	1584	callout-cff5b82a822cf413	956935bd374d47b25e705a873ffe001f859e952ad313dea515c7ef71703a367f	unchanged identity and body	caution-note
part-09-coreai-compression-numerics/references/03-numeric-formats-across-the-stack.md	1753	callout-3ef3bc06c9b4482f	f2245ad96fea61561ac272af41a9f660d596cab572833310ef5fe8c7944e8549	unchanged identity and body	perf-cliff
part-09-coreai-compression-numerics/references/03-numeric-formats-across-the-stack.md	1780	callout-6e2d65f102c56490	2d5d348b18163b2f2a766a7038761321ef80af35955aa75b00ee344bb1808a3b	unchanged identity and body	precision-loss
part-09-coreai-compression-numerics/references/03-numeric-formats-across-the-stack.md	1785	callout-5f36c8a8ce22b107	7b35b6085266c949c4f88ed4aca099b6159dc82fc53ed2930ee7bdf803dac647	unchanged identity and body	caution-note
part-09-coreai-compression-numerics/references/03-numeric-formats-across-the-stack.md	1806	callout-9aaa8bb187f4e1c0	1e317319eb4e12b95be91bb86a2010d6c4f3b60174b1ba6136e55c5e6f4c4363	unchanged identity and body	caution-note
part-09-coreai-compression-numerics/references/03-numeric-formats-across-the-stack.md	1830	callout-71a97d3ebc411665	4e88b1a6ee93e5e661409917691812d6e625ff7f936600c118e7ae5c21e04ff1	unchanged identity and body	ignored-input
part-09-coreai-compression-numerics/references/03-numeric-formats-across-the-stack.md	1831	callout-03e530adb575302c	21fd1153a5a2dc8dce72674abb92e5d8881d3ed997196fb36bc50fb1c3042558	unchanged identity and body	perf-cliff
part-09-coreai-compression-numerics/references/03-numeric-formats-across-the-stack.md	1832	callout-9a48be874c22dd7f	a68625841a72dbd0d3d19046ee0ab7146331e441f10bf774e1898374f3c3b5b2	unchanged identity and body	perf-cliff
part-09-coreai-compression-numerics/references/03-numeric-formats-across-the-stack.md	1833	callout-f5a14289e9edb5e7	def9c42eab72c51c2863bcd4cb82089e2ce30fd9d1c4fb5a94f1cbe51d9eb050	unchanged identity and body	perf-cliff
part-09-coreai-compression-numerics/references/03-numeric-formats-across-the-stack.md	1834	callout-2847d6898f7721cd	8099eccbecb71134ad6f0e21d220734d9b6b98359ab59aea22b8c365dfcde3c9	unchanged identity and body	perf-cliff
part-09-coreai-compression-numerics/references/03-numeric-formats-across-the-stack.md	1835	callout-9e03fc79e0d81f6b	47182f64144d5f734c85b176a2afd2f1e578b6dcc148ecfed7e902a552af419b	unchanged identity and body	perf-cliff
part-09-coreai-compression-numerics/references/03-numeric-formats-across-the-stack.md	1836	callout-4a0fc671482018b6	cd500cbe8dc16443102c34510a6fe2080d20fce04efe51472fd93d712beb2447	unchanged identity and body	perf-cliff
part-09-coreai-compression-numerics/references/03-numeric-formats-across-the-stack.md	1837	callout-acbca649d411ab05	1ac2db93c2163548ac5c5568fe4b793e62ed4e539dd301dbf1bcf9696781a924	unchanged identity and body	caution-note
part-09-coreai-compression-numerics/references/03-numeric-formats-across-the-stack.md	1840	callout-52dca7742b8e412e	4f26e985e947afd2765511b7bd12d1af727bb0c6b08297538a9ebd04d659844b	unchanged identity and body	perf-cliff
part-09-coreai-compression-numerics/references/03-numeric-formats-across-the-stack.md	1841	callout-0e253bdef4bed89c	f72eca9b7970d23b4b0f193ddd97fc4fe698727717d1cfa5fb53b7367c21a965	unchanged identity and body	precision-loss
part-09-coreai-compression-numerics/references/03-numeric-formats-across-the-stack.md	1842	callout-7b4e535a6b4aeaa5	8ce3e761cceaa70227ba8b13c95ac1c58693fb0644004fb2a207d567295c79d5	unchanged identity and body	ignored-input
part-09-coreai-compression-numerics/references/03-numeric-formats-across-the-stack.md	1844	callout-e86939a2611d8710	f55db01fc6f94a61979d539781ff415fa925b8cc30066aff8c7d3a2b1d48992b	unchanged identity and body	precision-loss
part-09-coreai-compression-numerics/references/03-numeric-formats-across-the-stack.md	1845	callout-f47ecfe96a831b61	f8c2929e7894255283457eaa624260ec5c9934d601a354fe5cdda578a58b94d3	unchanged identity and body	garbage-output
part-09-coreai-compression-numerics/references/03-numeric-formats-across-the-stack.md	1846	callout-be0956654b677de7	ec3e26872b8d9884869e455826a87e877cc171b74bbcc62bc403bb5186746ca1	unchanged identity and body	ignored-input
part-09-coreai-compression-numerics/references/03-numeric-formats-across-the-stack.md	1847	callout-fef6266bec7233b6	e06c102e9981aa919c4668856135a41d2ef90e1537fab16f4052335cf9be1da6	unchanged identity and body	perf-cliff
part-09-coreai-compression-numerics/references/03-numeric-formats-across-the-stack.md	1851	callout-0409f4a3d87b69ee	99aee276d31edb0a7d1a0290a8a58eb5507dc7e4edd03114ecb5d7f32821ac3a	unchanged identity and body	ignored-input
part-09-coreai-compression-numerics/references/03-numeric-formats-across-the-stack.md	1929	callout-9e66eb0f9b9a7527	b9843fd9e193d85582f573c8a4560107be590cc75dd35b0ef5ca6185a5e3e485	unchanged identity and body	caution-note
part-09-coreai-compression-numerics/references/03-numeric-formats-across-the-stack.md	1942	callout-af11bd6b3b14988e	9ff4b2379d3ef2fe74966d68a548fc7c73b1808d2b18884904439086b915982b	unchanged identity and body	caution-note
part-09-coreai-compression-numerics/references/03-numeric-formats-across-the-stack.md	1974	callout-c755effa9947e20e	35eb9fccf810fd57ade70e9ecbdbf17a9e8c37d76cb59c6eb4a21deff246ee7f	unchanged identity and body	caution-note
part-09-coreai-compression-numerics/references/03-numeric-formats-across-the-stack.md	1979	callout-299961bd253e693c	12830deccbab42422628ddc1aa2602bdf4a8b8104072800641863e25cf0a75ce	unchanged identity and body	perf-cliff
part-09-coreai-compression-numerics/references/03-numeric-formats-across-the-stack.md	2116	callout-94bdf84f9d00334e	ff68da514c06a870c5c38ae1e1db2a5722d74f832c16205b5daad862dc1192d2	unchanged identity and body	misleading-signal
part-09-coreai-compression-numerics/references/03-numeric-formats-across-the-stack.md	2242	callout-f3d50f8f8600558f	8c17d9d700565975c5ab89f61b29427374a1951b5d101c2fbbfdf4a61accff51	unchanged identity and body	runtime-unavailable
part-09-coreai-compression-numerics/references/03-numeric-formats-across-the-stack.md	2262	callout-673e2fb918492dac	c8793870377fbaafcbc79896e6b60fc0acc7a37f95f2d7ca0c4dbbdd467a9ce3	unchanged identity and body	caution-note
part-09-coreai-compression-numerics/references/03-numeric-formats-across-the-stack.md	2322	callout-f837d47a1eac61e0	e563f5fb0791ef00bcb2d1ca0dcb4fa2b5e99b4e6f01aa1856ca2aa14fe60358	unchanged identity and body	caution-note
part-09-coreai-compression-numerics/references/03-numeric-formats-across-the-stack.md	2325	callout-46dd51fca712ac74	4faef5c789241edca8c56c663b82ca96a0b59f05bb753095d45e02eac3893b2f	unchanged identity and body	caution-note
part-09-coreai-compression-numerics/references/03-numeric-formats-across-the-stack.md	2347	callout-a563891517a278d6	27a832c75864dc1ee4d5d3b1ee193fa5adc2c7da77388090d560782c86fc537e	unchanged identity and body	garbage-output
part-09-coreai-compression-numerics/references/03-numeric-formats-across-the-stack.md	2491	callout-0b38cc41bde0b388	285dec4f502fc2c4629be74aed1b1cf4f85306dd4c4f3a1e56723295e48053e5	unchanged identity and body	caution-note
part-09-coreai-compression-numerics/references/03-numeric-formats-across-the-stack.md	2500	callout-8248a1d10d1dbbd0	7861089d754bbfc6422a3fa3071912edcf720d35b492e127f0ac3991e8d753f6	unchanged identity and body	caution-note
part-10-coreai-hardware-authoring-debugging/README.md	24	callout-749ae0801d0e2c98	8b3a272d13f0763bc246e48f166a870e33e9cfa32e6aaf9d94593dea3ebf78e3	unchanged identity and body	caution-note
part-10-coreai-hardware-authoring-debugging/README.md	104	callout-c20d2b03de293a14	4e2d0647ff6f5ad436a49b84f212a91de830c54809b4eab19e00d8b9fc952fa4	unchanged identity and body	perf-cliff
part-10-coreai-hardware-authoring-debugging/README.md	143	callout-2ea83e3353f07ac0	b78d1c817d136803feee92174b75cafc3187f82dc5e51243db4312438b6d91d0	unchanged identity and body	misleading-signal
part-10-coreai-hardware-authoring-debugging/README.md	181	callout-54233fa2686dcbdd	c6ba5d1095efcd8882923af6bce8f4db58ece7e130c27085302ce2abc5489551	unchanged identity and body	garbage-output
part-10-coreai-hardware-authoring-debugging/references/01-ane-vs-gpu-authoring-rules.md	75	callout-2889a16249197ecc	91614931fe1711564bd862db8f6d7d6e1f11884cd194ca01417d5c9a7d19b1d0	unchanged identity and body	caution-note
part-10-coreai-hardware-authoring-debugging/references/01-ane-vs-gpu-authoring-rules.md	507	callout-5292ca5a3accb7ab	dd6fc6b4c57660badce1e29a9f952d05503271cbcd8cd8fcffb384b075ef8c37	unchanged identity and body	perf-cliff
part-10-coreai-hardware-authoring-debugging/references/01-ane-vs-gpu-authoring-rules.md	898	callout-a349da0c13167bc2	33aa8b7fb1d5415de5524524a960a24ab09a35ecf0f5f9de9b1530348f1e7f71	unchanged identity and body	perf-cliff
part-10-coreai-hardware-authoring-debugging/references/01-ane-vs-gpu-authoring-rules.md	938	callout-b3f6607f9b11c20a	05c86b772064f25284fe4833d20568cbadd3bd1a0c90ad4c34d85c7f8c961c91	unchanged identity and body	garbage-output
part-10-coreai-hardware-authoring-debugging/references/01-ane-vs-gpu-authoring-rules.md	1320	callout-cc14e7081ad74a24	286d0f44cc82692b0b50413faadd5dda6d99492e698e7af9b1e24d8c0273cc8d	unchanged identity and body	docs-vs-reality
part-10-coreai-hardware-authoring-debugging/references/01-ane-vs-gpu-authoring-rules.md	1457	callout-58fc0ac2403a985a	ad97e16f0918417a0255db71119dcb0f8256d15ac1bc3fc28bbc5043e2efec65	unchanged identity and body	garbage-output
part-10-coreai-hardware-authoring-debugging/references/01-ane-vs-gpu-authoring-rules.md	1587	callout-95e1160123aa85bb	c365e8b40a74db71fe5149bc7c837f332d802782436c48eb8a6f402545caa161	unchanged identity and body	garbage-output
part-10-coreai-hardware-authoring-debugging/references/01-ane-vs-gpu-authoring-rules.md	1637	callout-ab4ba8571405dbfb	91fa0158d076ebb1f154b2b76168c56b0244c72861eb00df8c59fc15592e4cfe	unchanged identity and body	garbage-output
part-10-coreai-hardware-authoring-debugging/references/01-ane-vs-gpu-authoring-rules.md	2044	callout-f08d8d3b104c9043	7bee5be7b70981f8d8f85b87224d16a7196b7e036de8f49c70fba1dbce6b5dcb	unchanged identity and body	garbage-output
part-10-coreai-hardware-authoring-debugging/references/01-ane-vs-gpu-authoring-rules.md	2139	callout-61e10d2a2d41cf1b	5dd1b2c9fd270052c26080f1837d9bbe453ecceffd093bee704a747974ba0fb3	unchanged identity and body	perf-cliff
part-10-coreai-hardware-authoring-debugging/references/01-ane-vs-gpu-authoring-rules.md	2692	callout-9ae7bd2392b75bbb	1305223cf44d70a069ba6f668b33e1ebe57789a828d2b539763c3439a284e7b2	unchanged identity and body	docs-vs-reality
part-10-coreai-hardware-authoring-debugging/references/01-ane-vs-gpu-authoring-rules.md	2903	callout-33ab8704a91bc2b2	4b534b8166d7eb8815827e6546a55f945ec181e228362bbe33821b1714778f67	unchanged identity and body	garbage-output
part-10-coreai-hardware-authoring-debugging/references/01-ane-vs-gpu-authoring-rules.md	3077	callout-4e99e7eaef0c08a9	6081abb3094581861547d8cfb8a5e737bc71621b5dde4d18ceb1681ab4e9bf62	unchanged identity and body	perf-cliff
part-10-coreai-hardware-authoring-debugging/references/01-ane-vs-gpu-authoring-rules.md	3387	callout-a07edfa5f2f1f790	31cfdca095e2238382ebe3c8c6e87e8c8880003aca69557316232488589f2952	unchanged identity and body	docs-vs-reality
part-10-coreai-hardware-authoring-debugging/references/01-ane-vs-gpu-authoring-rules.md	3414	callout-b3b4207dcaae53a9	fc9e334f51d95ed392c4161a4a6944485491dbd94ea9270a8ffb9c4ec7f19a41	unchanged identity and body	perf-cliff
part-10-coreai-hardware-authoring-debugging/references/01-ane-vs-gpu-authoring-rules.md	3452	callout-3cce3f84dedeae05	1d5a79a6ba4299ea9fd813c04d9706372641484577620435018cfd62f1930c23	unchanged identity and body	ignored-input
part-10-coreai-hardware-authoring-debugging/references/01-ane-vs-gpu-authoring-rules.md	3682	callout-f2112d51bfbd8de4	0853712a163bb4a858771ebf8d1caef51e68f1f9396b07174ea4d827bc2bc2fb	unchanged identity and body	docs-vs-reality
part-10-coreai-hardware-authoring-debugging/references/02-debugging-and-profiling.md	15	callout-a12afaecc16762ae	10cb6245a454ac2107b6b03a557c372a1df4ba701d313248e17cb80d894be15d	unchanged identity and body	caution-note
part-10-coreai-hardware-authoring-debugging/references/02-debugging-and-profiling.md	105	callout-f86f2a75b91b1aad	8c5b2a0433307d46e821c7f4e8c1925896fc15d8d3b2ac90cac9bcd6310ef8f1	unchanged identity and body	caution-note
part-10-coreai-hardware-authoring-debugging/references/02-debugging-and-profiling.md	236	callout-3cc7483d4c77fdbd	caeb0fd9b6bf1240c7a6d19af5f64ed58b4231e8ac758dd8fca3671ca7fda8bb	unchanged identity and body	misleading-signal
part-10-coreai-hardware-authoring-debugging/references/02-debugging-and-profiling.md	324	callout-e8e9ff0f86aa7f28	1e78abcc99f59cca0dbcfdcca1c73e5795a3ebaa2b43fcf9319a7766cd024bc1	unchanged identity and body	misleading-signal
part-10-coreai-hardware-authoring-debugging/references/02-debugging-and-profiling.md	564	callout-f184166683a1ed68	67cc5334eb1f3f116add052d2a3cef24d4d203611d8c4fb3d4516f6fb695f2ca	unchanged identity and body	misleading-signal
part-10-coreai-hardware-authoring-debugging/references/02-debugging-and-profiling.md	784	callout-81dc00172a506c80	3e481e25045a344eb8dac2c9aff47526bfb987693c003cc158b7d5573c214832	unchanged identity and body	stale-state
part-10-coreai-hardware-authoring-debugging/references/02-debugging-and-profiling.md	863	callout-5ab6d5845ac83e9f	374b33360e67bd6458dc3470f0918c99d5b4794f412215256d02db3c5ad2dadb	unchanged identity and body	perf-cliff
part-10-coreai-hardware-authoring-debugging/references/02-debugging-and-profiling.md	1044	callout-0e4a18e0c0a0726d	f2691a13cab31a2d89d34deb84fface02c1667ef64e2eaa4fcaf4224e9e0e360	unchanged identity and body	perf-cliff
part-10-coreai-hardware-authoring-debugging/references/02-debugging-and-profiling.md	1065	callout-1e358c6f394f5ffd	9f2acc5d901a8674a74b30446274db830ed5d29d47f22d098734d1374996b661	unchanged identity and body	caution-note
part-10-coreai-hardware-authoring-debugging/references/02-debugging-and-profiling.md	1095	callout-59cbb06aa1083571	16807a3864a060e874d85127ef7f36af5d5152d34490899bb22a5ea3911a89fa	unchanged identity and body	caution-note
part-10-coreai-hardware-authoring-debugging/references/02-debugging-and-profiling.md	1213	callout-8146af0b91efb961	8b846721fd0f5f1557777b4e1e3cab5f0fe1f0ee6836d0c3c5c2d33adc4fd13a	unchanged identity and body	docs-vs-reality
part-10-coreai-hardware-authoring-debugging/references/02-debugging-and-profiling.md	1256	callout-526311fd694ecdc4	bd338f5b4640dba0f1a30ab310406915562c69f0ab78b945249f30dcbc440797	unchanged identity and body	misleading-signal
part-10-coreai-hardware-authoring-debugging/references/02-debugging-and-profiling.md	1398	callout-2aec4e255e10f2a8	24cbd03f39a594446134669c44a7d4a6405aa71d0066f72097a398c1aa4c8e7a	unchanged identity and body	garbage-output
part-10-coreai-hardware-authoring-debugging/references/02-debugging-and-profiling.md	1807	callout-cf335fdc7726b15c	6695894ac30351618048e939fd9718d6b70767704e6aed5bee57e9e55caf28ea	unchanged identity and body	misleading-signal
part-10-coreai-hardware-authoring-debugging/references/02-debugging-and-profiling.md	1809	callout-12c5dd42c27f434c	700c15639992b2955de7fec698457e04467352dd7f61a3a059a50e34926a9630	unchanged identity and body	misleading-signal
part-10-coreai-hardware-authoring-debugging/references/02-debugging-and-profiling.md	1913	callout-6284b7db94fef61b	0ca591637e2f06d88a44720dd3000844b271fbf9fd436bd832595694508fee93	unchanged identity and body	docs-vs-reality
part-10-coreai-hardware-authoring-debugging/references/02-debugging-and-profiling.md	1943	callout-4cc7b51e1fa63efe	6ab1586a6d0d989f5551db457c101d3a3992236a4120f5f8a43be28e1257e122	unchanged identity and body	ignored-input
part-10-coreai-hardware-authoring-debugging/references/02-debugging-and-profiling.md	2034	callout-72306513a8688dd3	3ab555ee8746e88a5958d12d9210f8f0937e39ee6d0e0742f5d8b8e0d87d8a31	unchanged identity and body	ignored-input
part-10-coreai-hardware-authoring-debugging/references/02-debugging-and-profiling.md	2059	callout-bf9d5455ab4bb324	12d03c0285d7058b30d8b9d0601417c66b11d20cb7ab5c7471915c62573a440e	unchanged identity and body	docs-vs-reality
part-10-coreai-hardware-authoring-debugging/references/02-debugging-and-profiling.md	2167	callout-b3c2faedc58b1045	59d58ced2d4d3626f04b72840b84ab6204a557d8a70dce1847e78f476a687c6e	unchanged identity and body	ignored-input
part-10-coreai-hardware-authoring-debugging/references/02-debugging-and-profiling.md	2464	callout-c51f51ecd898f919	a62c9abe58b404ae3bbd36d443fa2e53c323b53a054191153db598966d0cbd55	unchanged identity and body	caution-note
part-10-coreai-hardware-authoring-debugging/references/02-debugging-and-profiling.md	2553	callout-6c43245474db692e	08d155af0c8f747e2ad05fc01308eba6a5b1b219bc5952abe0c40ed9d0aabcac	unchanged identity and body	caution-note
part-10-coreai-hardware-authoring-debugging/references/02-debugging-and-profiling.md	2632	callout-a931dfc57a0359c4	f55f3872af1779779b97ec892350d78dc67143a6e69c51f329d2bdfd485f4ffc	unchanged identity and body	data-loss
part-10-coreai-hardware-authoring-debugging/references/02-debugging-and-profiling.md	2640	callout-01ea3fbd184b22e9	039fd17cd9c2bd7a460f55878bde6dae0d569f2935740dd73253ddf47d9b46a7	unchanged identity and body	data-loss
part-10-coreai-hardware-authoring-debugging/references/02-debugging-and-profiling.md	2674	callout-61935df23ab62c10	12f83bcf802061a8b1793fe0e083665da38b0a8d621c178ab514dc6da42fe36c	unchanged identity and body	misleading-signal
part-10-coreai-hardware-authoring-debugging/references/02-debugging-and-profiling.md	2676	callout-bac20b3dfb17d0b2	c511b108f248e73d1b6eea2efd1beeb6089b1a1930b5f2133a00a3c874d1f4ba	unchanged identity and body	misleading-signal
part-10-coreai-hardware-authoring-debugging/references/02-debugging-and-profiling.md	2699	callout-41b2aea595ed2cc0	fd25c720785d56831329d5df4d080f24d6f5dca84d9af2b6af83dfdf3d22ea0a	unchanged identity and body	misleading-signal
part-10-coreai-hardware-authoring-debugging/references/02-debugging-and-profiling.md	2753	callout-e7b646db433acb53	684fbd6c8924c429d56a8beded280abedeff9878adb74638bb40cee3b5eeb5a2	unchanged identity and body	caution-note
part-10-coreai-hardware-authoring-debugging/references/02-debugging-and-profiling.md	2761	callout-3bf3d05402a79f7d	e53f3d57706ec8ccb2657c959fa5a38e0d3444e4f682b2880c32d22f6792be19	unchanged identity and body	caution-note
part-10-coreai-hardware-authoring-debugging/references/02-debugging-and-profiling.md	2788	callout-532151aa6c2fab76	9ff94e8bf69c71fe788f47d582544836aae0ab8ebea5c13e55a3a3707d0e2ec2	unchanged identity and body	docs-vs-reality
part-10-coreai-hardware-authoring-debugging/references/02-debugging-and-profiling.md	2800	callout-281ae31ae9239ab5	3e422c4520882a2b260093d94de1bfaf305d3532f8bdbbbd4842fdb80ee94664	unchanged identity and body	version-drift
part-10-coreai-hardware-authoring-debugging/references/03-llm-export-end-to-end.md	28	callout-c4bd461c6366b8fe	fa96180b466adebec2f19d07b93502f8aa4a87d31420168a5b128cf498c04e73	unchanged identity and body	caution-note
part-10-coreai-hardware-authoring-debugging/references/03-llm-export-end-to-end.md	203	callout-daa4eabe98503fb5	af34749314ec88bd6d67f9ea7fbd11174eb45c95897093e80391c48d1c3f73d5	unchanged identity and body	garbage-output
part-10-coreai-hardware-authoring-debugging/references/03-llm-export-end-to-end.md	223	callout-2ebf27c523bf5d56	aa679a4042b6c5b89ba2c739038a7a168ece28721ec497e251696787e7cba416	unchanged identity and body	caution-note
part-10-coreai-hardware-authoring-debugging/references/03-llm-export-end-to-end.md	261	callout-58c7303b59554354	f812da123622cab238ec2f46449dfad52c7dadb3f827e915b878cc7a38b9f53c	unchanged identity and body	footgun-api
part-10-coreai-hardware-authoring-debugging/references/03-llm-export-end-to-end.md	313	callout-c88045354624a954	a67b6b4916eccb3522cbf17789f0853d44ee47151ecb73f39cda4dc960ad7352	unchanged identity and body	caution-note
part-10-coreai-hardware-authoring-debugging/references/03-llm-export-end-to-end.md	373	callout-22ebd2776c98257a	3a60796901d1d9bdacb7e02ea8667e2e6d7a1d0269bc343abe72ced67e9fba03	unchanged identity and body	docs-vs-reality
part-10-coreai-hardware-authoring-debugging/references/03-llm-export-end-to-end.md	550	callout-fe0f11cdbe43a67e	0a1b8060f48e6c0d4d7695deac61b471a29cf846d7cbdabe28c25d840bb3a5b1	unchanged identity and body	docs-vs-reality
part-10-coreai-hardware-authoring-debugging/references/03-llm-export-end-to-end.md	557	callout-e1aa09a63091c107	8387c35872ad38e845fc3883fb9f96b4e0aaa4fc37a3fff559600bd232e6d6c3	unchanged identity and body	runtime-unavailable
part-10-coreai-hardware-authoring-debugging/references/03-llm-export-end-to-end.md	562	callout-5ac894b704c168ea	544eb3b718480b5d55ccfc81df677324fa1a323e6105bdeb93104a37adc0456b	unchanged identity and body	caution-note
part-10-coreai-hardware-authoring-debugging/references/03-llm-export-end-to-end.md	645	callout-d15e26892ecf18e7	e4c24b22fda4dceda75f829939ea495ed1d9916ee490ed6aa5d7b7f262476770	unchanged identity and body	garbage-output
part-10-coreai-hardware-authoring-debugging/references/03-llm-export-end-to-end.md	690	callout-d31ca8d0167432f2	a3984ea3b6443bb36d07cf9914108da5cff43e903f9968b7b6a055e3cb6ff300	unchanged identity and body	footgun-api
part-10-coreai-hardware-authoring-debugging/references/03-llm-export-end-to-end.md	769	callout-ed61d76369f9c28c	59c25d7310356a1c83b0d14df6ea062c25120111804c9ac144702db8cc0ed9cc	unchanged identity and body	footgun-api
part-10-coreai-hardware-authoring-debugging/references/03-llm-export-end-to-end.md	1054	callout-f1ad9119e46ae893	df18ed4a6e50b4c391f4bab7e855e046fc573ad91341749140a91a46dbf9b16f	unchanged identity and body	perf-cliff
part-10-coreai-hardware-authoring-debugging/references/03-llm-export-end-to-end.md	1257	callout-62528e8377474592	abfffe9c45bce0b38a67d702e7016d38414022dc9501f9227a495e536c3356ec	unchanged identity and body	footgun-api
part-10-coreai-hardware-authoring-debugging/references/03-llm-export-end-to-end.md	1265	callout-8d3755fb7d1e3759	3df69eb42cedb5b3bc694f23c9d7840d072f8d87d98dcb130e64801e7cb471c5	unchanged identity and body	caution-note
part-10-coreai-hardware-authoring-debugging/references/03-llm-export-end-to-end.md	1276	callout-1f33d8a001cd10b4	3946c8f768b730ea1ecd4ad52023294abef45a0f64821694b657adf0fa4869c2	unchanged identity and body	garbage-output
part-10-coreai-hardware-authoring-debugging/references/03-llm-export-end-to-end.md	1367	callout-60c8f5fe5370de43	e1fe66fcafea7fdf4b8a7236cea1244df5937adc9e20700ef9e0ebe67f23be5d	unchanged identity and body	misleading-signal
part-10-coreai-hardware-authoring-debugging/references/03-llm-export-end-to-end.md	1432	callout-57a4b9eea8f70154	938c2f2474ca937de39c86466dd9687e376f1ffae8d5e7cd51a5550e021818a9	unchanged identity and body	caution-note
part-10-coreai-hardware-authoring-debugging/references/03-llm-export-end-to-end.md	1465	callout-08d403f3c4e6c458	71f658cc00149f9fce1dc1ece33b9e56eb627f9bf44308667ce7cfbcaa0a161b	unchanged identity and body	garbage-output
part-10-coreai-hardware-authoring-debugging/references/03-llm-export-end-to-end.md	1591	callout-6b9358810e1e289b	071c01c79b6a5227ad7db77f4837970f6b883d7fb58ad4cef9ae22756555c34a	unchanged identity and body	ignored-input
part-10-coreai-hardware-authoring-debugging/references/03-llm-export-end-to-end.md	1675	callout-7b2fdafa942ae30b	24cbd70a194e86dfc7ea901ea84ec12a72c011b040ff66129771f18526cdd7b7	unchanged identity and body	ignored-input
part-10-coreai-hardware-authoring-debugging/references/03-llm-export-end-to-end.md	1768	callout-e668feeadd982520	aaedf7419936d9ce158182f28762a6d3327b179a3e947d0af6a8726dfe242987	unchanged identity and body	caution-note
part-10-coreai-hardware-authoring-debugging/references/03-llm-export-end-to-end.md	1833	callout-8d5780c4e922e928	441fea56891fbff2350ca4fd84fbd9653dd581a0bb094b675df6e8340b88b519	unchanged identity and body	perf-cliff
part-10-coreai-hardware-authoring-debugging/references/03-llm-export-end-to-end.md	1842	callout-a69e519644c8a833	9e13677aa1a23a5e2d047396d25002f69f8d54742ca3f6f5106e35271901be22	unchanged identity and body	docs-vs-reality
part-10-coreai-hardware-authoring-debugging/references/03-llm-export-end-to-end.md	1854	callout-d88f93762449fb6c	80716b31e9a8f455bd14bc2fded2e02bcdbbe7f520e47e14f6440e5436861f3e	unchanged identity and body	caution-note
part-10-coreai-hardware-authoring-debugging/references/03-llm-export-end-to-end.md	1873	callout-8da2fc0a9b6fb982	b4c911b8b7286f88876229a1cfb451eac582054eb964eea48d9bd8bfd06133fc	unchanged identity and body	garbage-output
part-10-coreai-hardware-authoring-debugging/references/03-llm-export-end-to-end.md	1986	callout-e62b0ea2672463f2	1e01e9977c7b680f29f704e9672a527976da0f8b96f4bbcb42d4d8d2f0bb9c6e	unchanged identity and body	garbage-output
part-10-coreai-hardware-authoring-debugging/references/03-llm-export-end-to-end.md	2020	callout-652cfee52cbc0b41	e6904a03762f140689526b99ca7e0e6f38308ac081b1097697cc63153cfa42e7	unchanged identity and body	caution-note
part-10-coreai-hardware-authoring-debugging/references/03-llm-export-end-to-end.md	2047	callout-f3b7f3baf1639fd4	98c8fddb27e42523951972bd5c8e39bbacd0500260e2322436c8246b9bc0b4f8	unchanged identity and body	version-drift
part-10-coreai-hardware-authoring-debugging/references/03-llm-export-end-to-end.md	2202	callout-1e26731c36bd5037	6e9fc277b80bf634c11e00daf52c93e673278b9336532f0a86b65d47a25f1b69	unchanged identity and body	garbage-output
part-10-coreai-hardware-authoring-debugging/references/03-llm-export-end-to-end.md	2208	callout-e7d88f03dd9af2a9	9dd054080899061cbd8ac2d75292e6eec656e4b7efe4f35ee2d9c60ea1023500	unchanged identity and body	perf-cliff
part-10-coreai-hardware-authoring-debugging/references/03-llm-export-end-to-end.md	2242	callout-ee29b00c17167b32	2acabf94ea3bf6b809c54bcc34f003c8bd111baf90367a9c4b73b0c5cfbd235e	unchanged identity and body	empty-output
part-10-coreai-hardware-authoring-debugging/references/03-llm-export-end-to-end.md	2280	callout-b52ab9ef7749bdb8	67c54648726dfb94c85867e9f269cbc5b041de109ef06c368e03293e5991c0c5	unchanged identity and body	garbage-output
part-10-coreai-hardware-authoring-debugging/references/03-llm-export-end-to-end.md	2337	callout-2ddb79e869de6a01	cef72a03f213b7e9ec0efcfc4356c0f32bbb76dfc9938bb8a15bee3e5ce09c66	unchanged identity and body	misleading-signal
part-10-coreai-hardware-authoring-debugging/references/03-llm-export-end-to-end.md	2360	callout-846da1425d57a3cb	60bd42a864595d58dccd2ee167325a047fae57858a3e0236ffbcb5e86d34094c	unchanged identity and body	misleading-signal
part-10-coreai-hardware-authoring-debugging/references/03-llm-export-end-to-end.md	2368	callout-64dd0385db454312	3af05ee07196f7cf97dc311929353d8931e23923b538fd01a5729d4d3b3e3c5b	unchanged identity and body	version-drift
part-10-coreai-hardware-authoring-debugging/references/03-llm-export-end-to-end.md	2471	callout-4b78f7546f0a3d2e	8a9d2cbb782b71380073928fee2e332a990673ab9013e1850d6fe717567ea6c8	unchanged identity and body	docs-vs-reality
part-10-coreai-hardware-authoring-debugging/references/03-llm-export-end-to-end.md	2494	callout-6747233a70ad52d1	e0bb03fed5d1fcfe53c7897a4e9238f919b725c6b40c8b92cbdf9bc3355d4532	unchanged identity and body	footgun-api
part-10-coreai-hardware-authoring-debugging/references/03-llm-export-end-to-end.md	2501	callout-84da17f9dc51ba3e	31cd1a9794d4c7f49840d01c687f4cd4368d082513f988ad5cbf7755b37e06b3	unchanged identity and body	misleading-signal
part-10-coreai-hardware-authoring-debugging/references/03-llm-export-end-to-end.md	2508	callout-4bcf0af560a862c7	955b3b3f71a0d6b3b767f5f4fa5712467147eeba64abab65585cf278cded4b5a	unchanged identity and body	misleading-signal
part-10-coreai-hardware-authoring-debugging/references/03-llm-export-end-to-end.md	2567	callout-ebc2fb1b593cccda	1ac8a838566cccdf6887825db7df294f96b27a56691c6563c855db41a68f3aa7	unchanged identity and body	resource-growth
part-10-coreai-hardware-authoring-debugging/references/03-llm-export-end-to-end.md	2580	callout-1a034d3b2bfd3be3	960d228717e7f096bffccab69f991354f56e4a5fd63b670abca3c77f91b747b0	unchanged identity and body	footgun-api
part-10-coreai-hardware-authoring-debugging/references/03-llm-export-end-to-end.md	2599	callout-e3f32e3ec2301f9e	901d423f72f4a0b23cbcd8e9a58c00bee2c4ff19828ff2342006e99db8a3f7df	unchanged identity and body	ignored-input
part-10-coreai-hardware-authoring-debugging/references/03-llm-export-end-to-end.md	2635	callout-aac9192df13e6268	cd8184f0f65b2f62d048a3bb79f2fa36da9cbd946009c3b9673b36fe60ed1067	unchanged identity and body	runtime-unavailable
part-10-coreai-hardware-authoring-debugging/references/03-llm-export-end-to-end.md	2653	callout-2355de4fab697799	519eb44f4de02cd75e0c7b1d09bcb63a9e5659ffff6548bc98931ef6b1ba8630	unchanged identity and body	misleading-signal
part-10-coreai-hardware-authoring-debugging/references/03-llm-export-end-to-end.md	2662	callout-d5b9f488f7d091d0	3d24960674ad58780bf7932b8650995b1e0f3dc9d2611cea8bdecfd7f5386dc1	unchanged identity and body	caution-note
part-10-coreai-hardware-authoring-debugging/references/03-llm-export-end-to-end.md	2709	callout-9ae6b803f467a1fd	a58ac3b22e8f89af19a5e1ead45837410eae71b47616c2ee5441985c6e7dc0e1	unchanged identity and body	version-drift
part-10-coreai-hardware-authoring-debugging/references/03-llm-export-end-to-end.md	2800	callout-b166ad3cb8ea7298	b4da51eb8c43b941a72070631238c2bba678fdcd67e75fb67ed8ed36179747dd	unchanged identity and body	ignored-input
part-10-coreai-hardware-authoring-debugging/references/03-llm-export-end-to-end.md	2804	callout-7505afb0d448c253	53cb4e6c1978021a49b9483e031808ef0cad136ef9ccb93e3c5f198efd198f7a	unchanged identity and body	resource-growth
part-10-coreai-hardware-authoring-debugging/references/03-llm-export-end-to-end.md	2812	callout-a1b33d8c506f57ed	721a7c8c353f982d5c453bbb7e81b3af9249f02302c260dc7e2c9004da060340	unchanged identity and body	misleading-signal
part-10-coreai-hardware-authoring-debugging/references/03-llm-export-end-to-end.md	2819	callout-e6e37a3aa490e998	f184c4ab9fd683f2aeb0d8f790f7182ca50356119b859e4623833d1d48463e4e	unchanged identity and body	caution-note
part-10-coreai-hardware-authoring-debugging/references/03-llm-export-end-to-end.md	2849	callout-b5aecaa2405a7008	6a3679d3fffe534a36b4d8e9ed8019feebd8c095da5936d4e6309447fdc79fd0	unchanged identity and body	caution-note
part-10-coreai-hardware-authoring-debugging/references/03-llm-export-end-to-end.md	2869	callout-2554795fb3f244ff	0633c582e8867df7df4b0c43a6294380e0d8a95b1b52cb426894779942f5a3cc	unchanged identity and body	footgun-api
part-10-coreai-hardware-authoring-debugging/references/03-llm-export-end-to-end.md	2908	callout-544e6350761e7b31	c81506a73643150ea2fc58f62159b022d7091887c4db1efd610d7601980c7df5	unchanged identity and body	perf-cliff
part-10-coreai-hardware-authoring-debugging/references/03-llm-export-end-to-end.md	2965	callout-10e39be96c58a814	3f36b5b18929badeb1ce4202749349adb8227f9226b42bfb3c696fc468ce4a36	unchanged identity and body	caution-note
part-10-coreai-hardware-authoring-debugging/references/03-llm-export-end-to-end.md	2969	callout-57ec65ceabafec12	af9bfeee06ffa350ea98512be2cb10adc5826c3ed4aee75848dd36c17bf02579	unchanged identity and body	footgun-api
part-10-coreai-hardware-authoring-debugging/references/03-llm-export-end-to-end.md	3055	callout-96922ed15708daff	e3490a978d3c597244643fa557085983567810eb39066b18ee3ad8fec95b4d17	unchanged identity and body	garbage-output
part-10-coreai-hardware-authoring-debugging/references/03-llm-export-end-to-end.md	3083	callout-df5d7b028710eff7	7f6f8c22a16531853bcd5ea50cd896e6399c4fe33e79585c0f83daf0fb1b2aab	unchanged identity and body	caution-note
part-10-coreai-hardware-authoring-debugging/references/03-llm-export-end-to-end.md	3312	callout-cfd2f3d520975424	bdea92caaa311611a0b5ea02bcdcd66f86a26ed0b86c2a1c7450c943452840d9	unchanged identity and body	version-drift
part-10-coreai-hardware-authoring-debugging/references/03-llm-export-end-to-end.md	3387	callout-750b34da2c25acc0	03535b9aad4b0991440680fd5ccc1b962e4a0f244e1df14608a4d7b72a01f785	unchanged identity and body	docs-vs-reality
part-10-coreai-hardware-authoring-debugging/references/03-llm-export-end-to-end.md	3425	callout-98fa4341f8e7d8af	d8664a7f7b97b0d1c9da9a952920c29e997337feb357a70cb3267dd4eb11c429	unchanged identity and body	caution-note
part-10-coreai-hardware-authoring-debugging/references/03-llm-export-end-to-end.md	3505	callout-bc62b9e809fe9bb7	9dd1d26617b0e383f67036ff7d427517862fe310d611f943fe9896658731fc52	unchanged identity and body	caution-note
part-10-coreai-hardware-authoring-debugging/references/03-llm-export-end-to-end.md	3517	callout-4e3d1f344493cd10	ca48ef117dea4e4ed27af247fa9d0370ab3ddd039ab0ce4a6a720d96fffd1a2a	unchanged identity and body	caution-note
part-10-coreai-hardware-authoring-debugging/references/03-llm-export-end-to-end.md	3654	callout-bd9f2328edcdf206	ee60f6f37be93ea41e84f12349ad26d485bd2f72cc637732ceee7c5eb992aa3b	unchanged identity and body	footgun-api
part-10-coreai-hardware-authoring-debugging/references/03-llm-export-end-to-end.md	3853	callout-fa46335023f1f4ce	8ddad65f29a90515b7336a1f045cb6882516be3b04294d0056359e522909ffbd	unchanged identity and body	version-drift
part-10-coreai-hardware-authoring-debugging/references/03-llm-export-end-to-end.md	3879	callout-5740579e04faf02a	f2b464a17a92b3f58adb5c685689ff79ffe9fba19960492563b4e93c0f04c03f	unchanged identity and body	docs-vs-reality
part-11-metal-and-tensorops/README.md	27	callout-5af5b86f33cf338e	87df6c456976a6c19846462745a0a1ae190bb08d8432249cd909a8cbddafda1c	unchanged identity and body	caution-note
part-11-metal-and-tensorops/README.md	114	callout-2b1acf07e91d1f9e	e86b1c0276cd3d570fe83c0c680f43beb861a35462cf9ff507c6843a98ddc722	unchanged identity and body	garbage-output
part-11-metal-and-tensorops/README.md	148	callout-b1f54bab8ff5b597	d61dd4a13bb6a85ddeffa893bcfd1771dc1ad52537ebf670f96bea3154763613	unchanged identity and body	perf-cliff
part-11-metal-and-tensorops/references/01-tensorops-and-quantized-operands.md	176	callout-03aa599c751201ea	a3abe8742195c0909add9722da486375f5926d46fdadfcb790efeb2a98e49b51	unchanged identity and body	caution-note
part-11-metal-and-tensorops/references/01-tensorops-and-quantized-operands.md	729	callout-3552b9cfc0baaa47	29e842be0ec94109cc4faea15add549e6daa8d016a81b2daaf12992b75887e72	unchanged identity and body	footgun-api
part-11-metal-and-tensorops/references/01-tensorops-and-quantized-operands.md	846	callout-3d4917e7ee82eb96	e9b45414d68c85437aa610c1acd1f819436f31e1d846b75428b3393f5038e421	unchanged identity and body	footgun-api
part-11-metal-and-tensorops/references/01-tensorops-and-quantized-operands.md	904	callout-9974778faf60a419	607eae6d202f4077cd3913cc411cbdc19d42064f76b0784e3ab19b8d0354c140	unchanged identity and body	garbage-output
part-11-metal-and-tensorops/references/01-tensorops-and-quantized-operands.md	1124	callout-27ed0a58c88f7333	f5bc139ac49696b06122bf69a61b9db7633f556c12e2bfab396a9ca7d5d0aec7	unchanged identity and body	garbage-output
part-11-metal-and-tensorops/references/01-tensorops-and-quantized-operands.md	1194	callout-5525a7d76ad422a6	673fbadfca63a3c2222a233d84484814945c7b4a82d9428efd79885757cdf40e	unchanged identity and body	docs-vs-reality
part-11-metal-and-tensorops/references/01-tensorops-and-quantized-operands.md	1382	callout-ffd54cf52c8587da	cb38dfea52ecdbf8a4895bc1bf09c7966bd31dc412e3adceb75a926b2e4ab720	unchanged identity and body	docs-vs-reality
part-11-metal-and-tensorops/references/01-tensorops-and-quantized-operands.md	1532	callout-636a387401c1be9b	4845a1df377e1a4ba73b6dad4ef2fac9a3f790af08c448193ece698e23f8f64d	unchanged identity and body	caution-note
part-11-metal-and-tensorops/references/01-tensorops-and-quantized-operands.md	1739	callout-50cb2812206c2769	a8999bc31e1834e744119bccccaf28974709a70de39ed398e7afb8b7aee2965e	unchanged identity and body	garbage-output
part-11-metal-and-tensorops/references/01-tensorops-and-quantized-operands.md	1793	callout-d7a8dea7e07ec867	3b835d9f7dee724e59f1a3595142c99243708d384180a73e1abdbe9b9785e5a7	unchanged identity and body	garbage-output
part-11-metal-and-tensorops/references/01-tensorops-and-quantized-operands.md	2143	callout-4cf9a0b281dde76d	0f2abbcde05e8e7bf33dc42a72940d1d7f1ca811ace6308c30c43ff1722ea0af	unchanged identity and body	caution-note
part-11-metal-and-tensorops/references/01-tensorops-and-quantized-operands.md	2148	callout-cb27cc9f16b308ff	31fb8014dc9de293aa3dd0c4c8b23ba6c0dff3a71603470a5b04e97ccf3e43b1	unchanged identity and body	version-drift
part-11-metal-and-tensorops/references/01-tensorops-and-quantized-operands.md	2233	callout-ae0a686cfae479b3	2c916527b6c96952953b932bc382324bb4451843d5a71479cc14f6c9b28a7187	unchanged identity and body	garbage-output
part-11-metal-and-tensorops/references/01-tensorops-and-quantized-operands.md	2381	callout-5537c4c52acda325	9484af1bf513518671b0fe0bdaa7c9c9b9e7865fedee892aaa75afd04361cd09	unchanged identity and body	garbage-output
part-11-metal-and-tensorops/references/02-cooperative-tensors-and-flash-attention.md	44	callout-6c61cc6d7d077a4b	34f8a353519a6ef296c3918f652415ee0e1d47fd06d4672d8c026b2f0504ad2c	unchanged identity and body	garbage-output
part-11-metal-and-tensorops/references/02-cooperative-tensors-and-flash-attention.md	121	callout-c55b9e7e4b3b80e8	93421030cfeefc862556b3cbbd4a3b407968ae0105f1064201a70bba32b79eeb	unchanged identity and body	garbage-output
part-11-metal-and-tensorops/references/02-cooperative-tensors-and-flash-attention.md	125	callout-4adf95b1abe2c344	326868da14090b4b166c48cac329bcaacdfd6994bc27aa83d81abd6501bd0d67	unchanged identity and body	garbage-output
part-11-metal-and-tensorops/references/02-cooperative-tensors-and-flash-attention.md	147	callout-02796f3c1bb75543	24090359919795955f1f8a7f9aa864a738e6b57d7d9a8fbd68a52e235c948fb2	unchanged identity and body	caution-note
part-11-metal-and-tensorops/references/02-cooperative-tensors-and-flash-attention.md	198	callout-ccff0da5bf051344	3874d4c9bf57fc32d52680f0239b14f4bf59e9d844551bb04b4c1c6d46dd74fa	unchanged identity and body	caution-note
part-11-metal-and-tensorops/references/02-cooperative-tensors-and-flash-attention.md	326	callout-cf51cc66cd47f343	a6a252e45a0c8257f13cb456024b5435791f4688cd65d886baf37420fce70c1d	unchanged identity and body	perf-cliff
part-11-metal-and-tensorops/references/02-cooperative-tensors-and-flash-attention.md	745	callout-76fb6f9a711fba5a	76fff373beaeb715ae4b7df04aa90e4ae879bf2caaee87746431d95d333417a0	unchanged identity and body	footgun-api
part-11-metal-and-tensorops/references/02-cooperative-tensors-and-flash-attention.md	1036	callout-b34ba480f49b1a09	915788d89f5f8b02744c477193247a3a6cd7b82b89abffd927dc2de5dfada2d4	unchanged identity and body	garbage-output
part-11-metal-and-tensorops/references/02-cooperative-tensors-and-flash-attention.md	1164	callout-37231875869d8188	4419236532a57043c707f1590d263903a240e9ce678351b6fbf73e8347840cd6	unchanged identity and body	docs-vs-reality
part-11-metal-and-tensorops/references/02-cooperative-tensors-and-flash-attention.md	1282	callout-18e5cb74a8000259	8031724b5e0453d0d1b41e34e22127d00ce98dcf838a4d429cb98acb2b386c83	unchanged identity and body	garbage-output
part-11-metal-and-tensorops/references/02-cooperative-tensors-and-flash-attention.md	1303	callout-8d52f6429e4ff323	7c011249ffa8b8ccf4e37245bba39d0532634d81b4b35fa342ac09525a07b61f	unchanged identity and body	garbage-output
part-11-metal-and-tensorops/references/02-cooperative-tensors-and-flash-attention.md	1399	callout-8c16dfde985f7e07	233080afb95ee490f9e6ac363c08b8c829b479de925ac7d1e2849f2562a1c404	unchanged identity and body	garbage-output
part-11-metal-and-tensorops/references/02-cooperative-tensors-and-flash-attention.md	1421	callout-1d27599f951c62ef	521f30760aac9b25c1bf01217d1dc10d8060b8c9f01af8b1ad58064ba7781c50	unchanged identity and body	garbage-output
part-11-metal-and-tensorops/references/02-cooperative-tensors-and-flash-attention.md	1726	callout-c41d1875e1768b0a	611cf7ac7f16f7c4e793172871312b215b7d280e2fcf34f6a9799a1973a5ec2c	unchanged identity and body	docs-vs-reality
part-11-metal-and-tensorops/references/02-cooperative-tensors-and-flash-attention.md	1848	callout-c3be801ce1bd0df8	b040d5e2de11a6307c18dee744bb4bd88f39e13cd82eea402162829e7fd449ce	unchanged identity and body	docs-vs-reality
part-11-metal-and-tensorops/references/02-cooperative-tensors-and-flash-attention.md	1931	callout-021b1b989fce08d1	a770b3f26c9156815c1ba7dd5f62078adef6ad07c4a4dfed96504527e1d64026	unchanged identity and body	footgun-api
part-11-metal-and-tensorops/references/02-cooperative-tensors-and-flash-attention.md	1977	callout-dfb53aee87950653	f18050b1acba79e7fad2def52ecad83fffacdf664501521a46787ae5e62e7f08	unchanged identity and body	garbage-output
part-11-metal-and-tensorops/references/02-cooperative-tensors-and-flash-attention.md	2077	callout-25b8ba2a870eaa57	cc8dee1222bb3abe8499182b1dc7cede097afd7dd883e04f0795a1462e4c7f51	unchanged identity and body	garbage-output
part-11-metal-and-tensorops/references/02-cooperative-tensors-and-flash-attention.md	2084	callout-6d3279c744da6c37	ff1d08cded37979f78d28caf6dbfd0801b649bba61b303082e9108b8cd975a15	unchanged identity and body	garbage-output
part-11-metal-and-tensorops/references/02-cooperative-tensors-and-flash-attention.md	2511	callout-62adc3274b6fe5b6	9742b3a33a0360b8eb38c326fc2653aa015b0cf1c2d7c49c6d98a47158fcdc53	unchanged identity and body	garbage-output
part-11-metal-and-tensorops/references/02-cooperative-tensors-and-flash-attention.md	2660	callout-ad4afb36a4eb0dc8	32f2d9ab9d8ad7c2feb99485f1283bdfa2922cd05b3948c603033c7e6a2a496a	unchanged identity and body	garbage-output
part-11-metal-and-tensorops/references/02-cooperative-tensors-and-flash-attention.md	2943	callout-27c436b852e83f64	11558d8095ca0a557d61afffd50422e1bc63c9a564c0ea5c51fc0bca16ccbfe2	unchanged identity and body	footgun-api
part-11-metal-and-tensorops/references/02-cooperative-tensors-and-flash-attention.md	3067	callout-53c2dcf66971a25b	382050d6d00929311ffa8d6c4bbe3cbfed34e6d78908395fcb2bec8ced321212	unchanged identity and body	version-drift
part-11-metal-and-tensorops/references/02-cooperative-tensors-and-flash-attention.md	3073	callout-0e479ec3764333af	2eb3ace9e5c8becdbe7bc6e1e7d4735631a262609d68418b51602cf3413d29fc	unchanged identity and body	caution-note
part-11-metal-and-tensorops/references/02-cooperative-tensors-and-flash-attention.md	3188	callout-80b036721d61b1ba	1fa0bf16d11edcb4006f640c5f6ffd7f742a6420856a8148f123c24f84fb55d8	unchanged identity and body	caution-note
part-12-mlx-python/README.md	19	callout-dafe4047824ee46e	0d11b31487018537d0409f73ff5a88634ec2e26fe1b694e77cfda2e1123e03e1	unchanged identity and body	caution-note
part-12-mlx-python/README.md	88	callout-713a87dc1c620627	345fdbe0fee22bb24f2a919b0428efe50492a6ced889bc1909215c1ba01c7379	unchanged identity and body	garbage-output
part-12-mlx-python/README.md	105	callout-371238f1f7e9b563	8a42b829a17a3a5c82c51ebd64a69431ac8f86b17953478a3bb3545eb40fa93e	unchanged identity and body	precision-loss
part-12-mlx-python/README.md	129	callout-a0d62c2aa8709cf9	fe7a7f6ce040772189c55a9ff14db53cca38a69900fc04cd3d346234587d59dd	unchanged identity and body	garbage-output
part-12-mlx-python/README.md	152	callout-1af5287c0fdea83a	a57978cc4acc45e9dacf6d6a153d04f8f4d86bba938e8ba26b6aa12f547bcc63	unchanged identity and body	ignored-input
part-12-mlx-python/README.md	174	callout-5e18c508ae19ff16	bc7c5e770444ab21c6592014234ae3a3b10d0ab66863d26dfa1ea015dcbf7c7f	unchanged identity and body	misleading-signal
part-12-mlx-python/README.md	196	callout-bb23593325a28171	7729f1fd1775f68811f1b64a0048fb360656a1ab730ffd56a3baaabb1575e5c4	unchanged identity and body	garbage-output
part-12-mlx-python/references/01-core-fundamentals.md	93	callout-ca52ee8c569c31da	bf02dac3984178253731348ae28c9dbca479d05f3dacc0a3fd7e555a1b36c689	unchanged identity and body	caution-note
part-12-mlx-python/references/01-core-fundamentals.md	268	callout-9955b4bc4aa90a0a	bac5b11392841bda5ce0dc4599319b20c6d07d850c2c8e4c6762df7c88b5c9cb	unchanged identity and body	ignored-input
part-12-mlx-python/references/01-core-fundamentals.md	472	callout-9c62ed3cafdd3fe2	858b045a4e6e87644322f31e1d77b206f7e448b84e5f662d0eb4e9522e9eb63b	unchanged identity and body	caution-note
part-12-mlx-python/references/01-core-fundamentals.md	558	callout-3ca16d20a3e35576	83e1841f4eda7184f6f63296e384960c4f4d959232b34236b9726bbc8dfb023d	unchanged identity and body	resource-growth
part-12-mlx-python/references/01-core-fundamentals.md	743	callout-63d8cb964a5cceea	e8f982addaf3f379ad0fa1203484ca2f29612e7ff2a2e7e50ffc0b7c3aa0b6d8	unchanged identity and body	resource-growth
part-12-mlx-python/references/01-core-fundamentals.md	784	callout-1b1c5b9e6e90440f	0b9a1d387f2855d0eafc1c913aced75425bf8f9251af7895fbafae20c067ab07	unchanged identity and body	misleading-signal
part-12-mlx-python/references/01-core-fundamentals.md	788	callout-5a4545ad1f73e79c	2280c4737957c3615e071496d9b402fbcfd2e4b3d407ec118288916a3c5fdb3f	unchanged identity and body	misleading-signal
part-12-mlx-python/references/01-core-fundamentals.md	870	callout-cd32c34df3047ea7	6a2182734149ba72c361b5cfe69e84e612de1554d66d2fdbf0aeea7663285334	unchanged identity and body	perf-cliff
part-12-mlx-python/references/01-core-fundamentals.md	892	callout-a426e35bd1821448	8789bc325f51c6936586744cfe3a02cd17b7e5248d62abe48a5b3e7923004865	unchanged identity and body	resource-growth
part-12-mlx-python/references/01-core-fundamentals.md	1421	callout-a00a610209788da8	198f4797ad1d52aeb63ff5bb9e1222b031896f8fc56a79bafc7f47fbfc6916d5	unchanged identity and body	garbage-output
part-12-mlx-python/references/01-core-fundamentals.md	1426	callout-0a780a2274eeeb57	927afb5e509fa19db78599a8ffa13c01e59f002f5ee60954f571cd386ecab521	unchanged identity and body	garbage-output
part-12-mlx-python/references/01-core-fundamentals.md	1743	callout-7ae4a0736d0a76b0	dd789e8fbd76535391293194bf568b2a0fb2bdeabd79ede0f3f7f7f2111df093	unchanged identity and body	misleading-signal
part-12-mlx-python/references/01-core-fundamentals.md	1862	callout-3c49b077dfc9acd4	d524b0ef178e18469f8ee7d028873cc8152045c5518592b44b95b26573391fb6	unchanged identity and body	stale-state
part-12-mlx-python/references/01-core-fundamentals.md	1867	callout-7e265ae8a8d831b2	426ed58ca0a737d54a0299212a4d0e47b2e5c5658895826c1cf5af6004361b8c	unchanged identity and body	stale-state
part-12-mlx-python/references/01-core-fundamentals.md	2300	callout-e83946b6adda95c3	e02abe7606857154c88ee0278242a9636fd012b3c6ffe16393d9adc3322469b6	unchanged identity and body	perf-cliff
part-12-mlx-python/references/01-core-fundamentals.md	2304	callout-7f79f78ad2613d8b	50ce19e09284637cd23cbf349daa796575a90e5e78dc51a735037c2316a03ec3	unchanged identity and body	perf-cliff
part-12-mlx-python/references/01-core-fundamentals.md	2525	callout-a04f468e325bc632	2fa4fa82d45c8bc003fe46b7ff81f6dbe55905dc7881eded00951c2991031079	unchanged identity and body	perf-cliff
part-12-mlx-python/references/01-core-fundamentals.md	2529	callout-a9daf2560909a17a	aacdbd0b5d50c342c879fe499e0656bafc29c41cbfad0f9fdf5f258fbe6734b1	unchanged identity and body	garbage-output
part-12-mlx-python/references/01-core-fundamentals.md	2531	callout-00b017466bf51989	c66793e3c694f1dc643c2312e2c04eb5354d7e1b6d3e770f742941a093d5c749	unchanged identity and body	garbage-output
part-12-mlx-python/references/01-core-fundamentals.md	2721	callout-16a9b820b61d18ec	9184ad9bcd5dd69e3f1596bd4ccf63b7c7dc655d5d700fa0589e1ce0703d1963	unchanged identity and body	perf-cliff
part-12-mlx-python/references/01-core-fundamentals.md	2755	callout-162528ac5a803447	d1f2c27d3bc00a886665dcee39b5eaec71f41749b856a590f27d2efdfd1f6a24	unchanged identity and body	footgun-api
part-12-mlx-python/references/01-core-fundamentals.md	2789	callout-be9f9bd48d58ca55	3088f876e13776f965a807f93fc9d66111f12bf82e88f6cea9ed362fbae59f37	unchanged identity and body	perf-cliff
part-12-mlx-python/references/01-core-fundamentals.md	2901	callout-916e44d479a25dd3	9a8e99f961f0899fe1ced161c25b15315b0d5426272198fcd0a614d55d1d9ed9	unchanged identity and body	caution-note
part-12-mlx-python/references/01-core-fundamentals.md	2958	callout-b2d520a0b07197b6	009851cb30cfec424a4fbe4fd74e122b86e3fe02e9bc143d9a2287be6159b68a	unchanged identity and body	footgun-api
part-12-mlx-python/references/01-core-fundamentals.md	3189	callout-d98e4b367d570f9f	f9839678af703659cd3ff64fad39391e8a6f74bfc4cd58f7a1d4f3ab22446cd5	unchanged identity and body	caution-note
part-12-mlx-python/references/01-core-fundamentals.md	3253	callout-15835a79c0e7fc2f	abc1e1a052d978202858aa6246d61ec7587cc0d0b899d7550559f835a5fb7b41	unchanged identity and body	garbage-output
part-12-mlx-python/references/01-core-fundamentals.md	3308	callout-c154d1c86a91c6f0	6fd231e9359ba4753053c776c398ec4fa94cb3b5aa88c5d71c1221335e4c194c	unchanged identity and body	footgun-api
part-12-mlx-python/references/01-core-fundamentals.md	3402	callout-9d5bf011d865d843	a2410cfe02824f31da682344c10e0c2919cf5bbddfd5e9f0b208d5c4dcd81192	unchanged identity and body	precision-loss
part-12-mlx-python/references/01-core-fundamentals.md	3433	callout-0662a8a568e2fd89	36945aee0069e91051b65998317e3b6c17094d954145c59da210e640c8592e0e	unchanged identity and body	perf-cliff
part-12-mlx-python/references/01-core-fundamentals.md	3478	callout-c6ad5a1d4308e3c2	1812a75db704f10f8ac33757354a00247d5e3673a29801134237140a13b0d5bb	unchanged identity and body	garbage-output
part-12-mlx-python/references/01-core-fundamentals.md	3480	callout-3730eb7f89374d50	38f3cc12c9087992a9f576780fb876c0bf7d09d648009d7d98fd13c2850008bd	unchanged identity and body	garbage-output
part-12-mlx-python/references/01-core-fundamentals.md	3584	callout-69f97a1770cbcd06	c0263b979e021893dc3dc3f2170ff9e6884df1a6bdec24ab9cd47394c9dfda6f	unchanged identity and body	garbage-output
part-12-mlx-python/references/01-core-fundamentals.md	3627	callout-1b7903dcea8e7f89	6efa4377ae68f4cd37a7e37c1f3a51ac901e52441f83279a1b915e9b4105f851	unchanged identity and body	version-drift
part-12-mlx-python/references/01-core-fundamentals.md	3678	callout-de4b21042d3cb43e	50434d11cfa4786f66f576ea2a2acf68f5fc670698597f73f75b6c3c91c550f1	unchanged identity and body	garbage-output
part-12-mlx-python/references/02-numerics-hardware-gating-and-custom-kernels.md	88	callout-1bed987fb014df03	bf02dac3984178253731348ae28c9dbca479d05f3dacc0a3fd7e555a1b36c689	unchanged identity and body	caution-note
part-12-mlx-python/references/02-numerics-hardware-gating-and-custom-kernels.md	100	callout-577046a0ddaaa177	dadf6755773f48b511f3b4631c4e4d1813cb0965a336dc29b2be5f4465eac188	unchanged identity and body	version-drift
part-12-mlx-python/references/02-numerics-hardware-gating-and-custom-kernels.md	145	callout-03cde85d01369aaf	bf521ea0e1a887e700d4de4b686898f4429eb9d2a15a06678925427e9d0c1d53	unchanged identity and body	precision-loss
part-12-mlx-python/references/02-numerics-hardware-gating-and-custom-kernels.md	158	callout-06a19d400358c51a	1d372e70c6c0dd826377ccc63602ca22d8693bce23396f3a628f6ed7b04c4fa8	unchanged identity and body	perf-cliff
part-12-mlx-python/references/02-numerics-hardware-gating-and-custom-kernels.md	489	callout-fa02d077e64bcf6b	24bf1f2d5645959d9284e168d0d9e463e1aad4a3e3e80fb5521f418dcc2f1b29	unchanged identity and body	perf-cliff
part-12-mlx-python/references/02-numerics-hardware-gating-and-custom-kernels.md	585	callout-ba3eb61421d4eca7	c5b07430e5464a09c149799a5ae95f627d1f1e7474e41eea6a8eaedd64411bc7	unchanged identity and body	precision-loss
part-12-mlx-python/references/02-numerics-hardware-gating-and-custom-kernels.md	751	callout-e22643ee35ded8fe	0f57e9c5be31d5fa192652cc5d1cc9496d66217ad1b19f8e7caf5c82114ac1fa	unchanged identity and body	precision-loss
part-12-mlx-python/references/02-numerics-hardware-gating-and-custom-kernels.md	753	callout-17c8d8203e6a6232	659a894bd2293a0e681ddc7b452fcba34bc642a3126fd14c077f90a03b9a2aa5	unchanged identity and body	precision-loss
part-12-mlx-python/references/02-numerics-hardware-gating-and-custom-kernels.md	924	callout-7e545805aa6b666c	06fb308c64fc8cf4817226a7f913eebf5211940fde73e6a453be0d31ce82e615	unchanged identity and body	caution-note
part-12-mlx-python/references/02-numerics-hardware-gating-and-custom-kernels.md	990	callout-ab482493d8cd48db	821ff779be216d71bef6127836d06f4fe67d67ccfc515ec080a8811b28ca03b8	unchanged identity and body	caution-note
part-12-mlx-python/references/02-numerics-hardware-gating-and-custom-kernels.md	1050	callout-060634cde1fe0666	155336e99494080262a2808aa9a7d75b5d4cae0ddcfc480335989f062f83c2b1	unchanged identity and body	perf-cliff
part-12-mlx-python/references/02-numerics-hardware-gating-and-custom-kernels.md	1125	callout-5100970dfb777711	1efbd92256ba4bf8f00b6735f7782c3912eb7138eacbbce7ccf5ca69b1f24c26	unchanged identity and body	caution-note
part-12-mlx-python/references/02-numerics-hardware-gating-and-custom-kernels.md	1155	callout-d26cef50ac19f330	af61e124ca7b0aa87b4fb4d15acdd4d95ba18b1a4686f052df1931a3fe3b8c71	unchanged identity and body	caution-note
part-12-mlx-python/references/02-numerics-hardware-gating-and-custom-kernels.md	1217	callout-346b88ca1c272bf7	7b041e7ca7f3753678ef6b7885370d19d795220478c0ca4274191ccae2bd546e	unchanged identity and body	caution-note
part-12-mlx-python/references/02-numerics-hardware-gating-and-custom-kernels.md	1252	callout-070a1c8202e45d2f	61edb74ad8a285708f272164aba2b3b819891a2b716ad55e6c5759e0e80de997	unchanged identity and body	perf-cliff
part-12-mlx-python/references/02-numerics-hardware-gating-and-custom-kernels.md	1263	callout-9f0e75343a3c52e1	9da037afc39d96f219b78a3f200c7487a0900b90c79caa2e31086bc7944d83a7	unchanged identity and body	caution-note
part-12-mlx-python/references/02-numerics-hardware-gating-and-custom-kernels.md	1304	callout-3e62546e91aba588	0e6bb9d8ac1134c944040457222bc8e9c44bf8d00167eb9b6f0304e4bc480b35	unchanged identity and body	perf-cliff
part-12-mlx-python/references/02-numerics-hardware-gating-and-custom-kernels.md	1357	callout-acfefb47f5240cf6	c8d4b9b5230bfdc2147e3f70ec7be54e37091fb8c1747c11b3eb3b9daf4b2436	unchanged identity and body	misleading-signal
part-12-mlx-python/references/02-numerics-hardware-gating-and-custom-kernels.md	1404	callout-cdfa7b1e13691311	af01b122a1b5712c13438ae4988a596ffef22dda0d6049737bff0e85f511141a	unchanged identity and body	caution-note
part-12-mlx-python/references/02-numerics-hardware-gating-and-custom-kernels.md	1446	callout-d88eec5aa2f7955e	cc1c5c4e6a3332816c9d1dede949012a90e5b5f22910e18ab493c856f98ef17c	unchanged identity and body	perf-cliff
part-12-mlx-python/references/02-numerics-hardware-gating-and-custom-kernels.md	1504	callout-a5eb2cbe9b3b441f	8d910bd2d1d8fbe3f037f0fc3fd98740b79032d4a1bf12d7ccec8a2be321fd92	unchanged identity and body	caution-note
part-12-mlx-python/references/02-numerics-hardware-gating-and-custom-kernels.md	1593	callout-8607224ae12f31a1	8dcbc0bb1fa7fc089af240a72bb4012b2036afc72fef5ac6fcc4b82cef18c2d5	unchanged identity and body	misleading-signal
part-12-mlx-python/references/02-numerics-hardware-gating-and-custom-kernels.md	1709	callout-472ece90e99b1459	d99fe44b66944d162364fb445a329415e33b3238d6de0c5e5a12692a12a4c23e	unchanged identity and body	garbage-output
part-12-mlx-python/references/02-numerics-hardware-gating-and-custom-kernels.md	2204	callout-7447599430928b38	024cbae9c4cc76003c475542d6d5f05df38f8f2f392b6dcd0b0c3d16b72471b3	unchanged identity and body	garbage-output
part-12-mlx-python/references/02-numerics-hardware-gating-and-custom-kernels.md	2425	callout-32a90c8c6db9d396	ffbb738db22d7b4eb4bb44ecb3405f5d4992a83642bf2e5c699c20c0cf124e4d	unchanged identity and body	caution-note
part-12-mlx-python/references/02-numerics-hardware-gating-and-custom-kernels.md	2612	callout-6088c405a0cacbba	65303807306bd90ec7a5b5fb0507dd17f98cb00e47eb7d16d670fedf21de8548	unchanged identity and body	garbage-output
part-12-mlx-python/references/02-numerics-hardware-gating-and-custom-kernels.md	2701	callout-d439f6668a011363	8c52c7b149fc3833afb6a8c9d56d9579c9b1684b9d45092f4f3f14e211868dd4	unchanged identity and body	garbage-output
part-12-mlx-python/references/02-numerics-hardware-gating-and-custom-kernels.md	2858	callout-8b280a200b53ad42	4377d469f9d373e4f982d7b7af62b3c7304361a414ce151b70b8a1e7b5cafc70	unchanged identity and body	garbage-output
part-12-mlx-python/references/03-quantization.md	56	callout-69fd679a6182791f	ab2d65b78cb1a28502958d22a73c5dfe114bdfb3a2100d089298a59a5df31bed	unchanged identity and body	garbage-output
part-12-mlx-python/references/03-quantization.md	94	callout-09c877bffa5795e9	74d158189ced4af932609067a85a1b01e5a6a191f114b94a1aacc05d4241fd95	unchanged identity and body	caution-note
part-12-mlx-python/references/03-quantization.md	134	callout-ad852abe775c3b6f	1f33b2190f3bd0a19394317c7ded0e649f8839a93e0d0d9822dcd68e9b12eaad	unchanged identity and body	garbage-output
part-12-mlx-python/references/03-quantization.md	406	callout-a6859d50e5323640	409cd0d423ea0bb9030ad68b36cd488ba7dbbf5c15a217fa317178ff3c8aa45d	unchanged identity and body	footgun-api
part-12-mlx-python/references/03-quantization.md	646	callout-94c757d685c7f895	8380bf9ce8710dda1a31554079cd3a1649f0e31e3e5bd61920c5ea790ee6a215	unchanged identity and body	ignored-input
part-12-mlx-python/references/03-quantization.md	654	callout-44f08d9473e5d4fa	d6c8fc15315e242578ba4068c5cc6ac160bf253432688e88463ae98650c00ca8	unchanged identity and body	ignored-input
part-12-mlx-python/references/03-quantization.md	1248	callout-c3ba9fb6fc58b867	1b717e079158c93f22440b4e1edfafb9bf2933fd2646bdbf604506513b4aff4f	unchanged identity and body	perf-cliff
part-12-mlx-python/references/03-quantization.md	1250	callout-2ebb3cb1157fd7db	7ec0cec94a70a39857425f51763ce50b763c5faf0a118ab6b99aa857d7da082f	unchanged identity and body	perf-cliff
part-12-mlx-python/references/03-quantization.md	1547	callout-a5a7f9837043f6e7	e020ebf6876c56bb61d92a7e7d7c931b7667e998b523bbc0db8ca3a047b6e1cc	unchanged identity and body	caution-note
part-12-mlx-python/references/03-quantization.md	1823	callout-2998b2346fbb7e53	ee5d7e5d6f99de466431f5f52c7ac4fc8c44af4801c215d7d1a96240761c0da2	unchanged identity and body	empty-output
part-12-mlx-python/references/03-quantization.md	2035	callout-cf8a8825c020c1d6	2e610bd0e3b6d5522a31a19f03f23135126d0711af647718426bf63a0385f475	unchanged identity and body	garbage-output
part-12-mlx-python/references/03-quantization.md	2101	callout-0bdf76d6131a8507	71119b3d45d947a9dfc86f2bc8363b6c617eb50f2bfdd04ccb38ce228fda658f	unchanged identity and body	garbage-output
part-12-mlx-python/references/03-quantization.md	2799	callout-0c6053d29925eb7d	9554c24a8aef4ac3e795332b681af8f1396e2dab3192afc6ee44b5fe83ac0ad5	unchanged identity and body	garbage-output
part-12-mlx-python/references/04-mlx-lm-cli-generation-and-caching.md	15	callout-d621ab0f8331d9f3	72ac81377ba2816db1e6400db0ab368e84dfffc2b017256d25fc26e0b800f8b7	unchanged identity and body	version-drift
part-12-mlx-python/references/04-mlx-lm-cli-generation-and-caching.md	72	callout-95521be088630d53	fd8e8e205d4187498db34bdbe6005924c40e3284501a02fb83938a0f17247eda	unchanged identity and body	runtime-unavailable
part-12-mlx-python/references/04-mlx-lm-cli-generation-and-caching.md	79	callout-8af016046caec907	cfc2c9f1a83d5c91a22d43dd6831b250e2301a98334d1bd4d6a81e367541d2dc	unchanged identity and body	caution-note
part-12-mlx-python/references/04-mlx-lm-cli-generation-and-caching.md	113	callout-8da17cf2d49b39a9	62519d82acb8ecacdee779f668be136284437d251803ba54c25f83615d35b519	unchanged identity and body	caution-note
part-12-mlx-python/references/04-mlx-lm-cli-generation-and-caching.md	304	callout-60d8294dace27960	5d3e42a41cb85f55dd5191d5051286ea85f0ee0e6791da325b9a77cb9cc38967	unchanged identity and body	footgun-api
part-12-mlx-python/references/04-mlx-lm-cli-generation-and-caching.md	329	callout-2a5a6ad1fd6d048f	927a49e81fac398749f55a1b0e7e8baa09bd0ce3ed2711b01ab7bc09f9d96174	unchanged identity and body	ignored-input
part-12-mlx-python/references/04-mlx-lm-cli-generation-and-caching.md	467	callout-438d6d7676102132	248c5b300e21a149e6368cf73cbf0ae9d742bee27cb2943a00d9939ab86b46a1	unchanged identity and body	docs-vs-reality
part-12-mlx-python/references/04-mlx-lm-cli-generation-and-caching.md	496	callout-df5a6ed15b50b8a2	87f8bb46232d7d9d69babd38bce41479bcad3798c8c1793dbd20b6e5834bde05	unchanged identity and body	perf-cliff
part-12-mlx-python/references/04-mlx-lm-cli-generation-and-caching.md	510	callout-399e5f9e4b9266ed	6006d7279f04f8b2b255414ba386afb8d8ba7516d4d337d2127ace31eba17c63	unchanged identity and body	footgun-api
part-12-mlx-python/references/04-mlx-lm-cli-generation-and-caching.md	591	callout-72ba2e7672e5ee3f	519915140164989ca41d519f8296529ec6a51a54b5de830a44a04d6ed082d664	unchanged identity and body	docs-vs-reality
part-12-mlx-python/references/04-mlx-lm-cli-generation-and-caching.md	651	callout-d62a509d894eaa57	7bd4d30472f8062b07c12d96dd5eabed64db552571aeb3f7ff7b5382fcf652ec	unchanged identity and body	stale-state
part-12-mlx-python/references/04-mlx-lm-cli-generation-and-caching.md	819	callout-3ff5737b49b69f41	34633ade54e8f567d28bd69071e475ae9572b4ca92356ff9b53576d5009c335a	unchanged identity and body	footgun-api
part-12-mlx-python/references/04-mlx-lm-cli-generation-and-caching.md	1174	callout-6a88036cf5c8be21	6d1f244e6fa66e583f1d094de07f05b351d6ab22e4b95e37c9227bce31b29e68	unchanged identity and body	footgun-api
part-12-mlx-python/references/04-mlx-lm-cli-generation-and-caching.md	1417	callout-96b1c06d317b3bc9	f4847e17049f2627fab0fce15356c1b5e2b36ee085ead8beb84de67614a2c7b4	unchanged identity and body	stale-state
part-12-mlx-python/references/04-mlx-lm-cli-generation-and-caching.md	1477	callout-1b6441a52ed0b085	b8108c71ab27f6c67bbbd45ccb8b0ee8f5a06e66e21fa967db1f1e824f0f158f	unchanged identity and body	footgun-api
part-12-mlx-python/references/04-mlx-lm-cli-generation-and-caching.md	1929	callout-19c5b674aeeb7187	bf0e3790930b04886629827b1932ee73842b458431897593d8738872b80e1504	unchanged identity and body	misleading-signal
part-12-mlx-python/references/04-mlx-lm-cli-generation-and-caching.md	1965	callout-bd08859d44054db9	44146478b53f6a200041d57eafd8203266c0c16e47d83ef51f928fb83819d47b	unchanged identity and body	misleading-signal
part-12-mlx-python/references/04-mlx-lm-cli-generation-and-caching.md	2163	callout-264b47bbf8b7c861	43a7ea5fe6334e0974fbdf99fc9d1b32234bda1725160b76d0d6fc7a61ef0875	unchanged identity and body	footgun-api
part-12-mlx-python/references/04-mlx-lm-cli-generation-and-caching.md	2287	callout-bd775da59deca13b	4d8d12df06534361d7ca89c5c8f880e5b42f59983d3c05e31befab08dfa5723f	unchanged identity and body	perf-cliff
part-12-mlx-python/references/04-mlx-lm-cli-generation-and-caching.md	2486	callout-9769fd3a29d566f1	5c3f73a56e247bceb824e9f0802763af679e5b533ee0375322d84579de861b8b	unchanged identity and body	footgun-api
part-12-mlx-python/references/04-mlx-lm-cli-generation-and-caching.md	2581	callout-39b18737e67bd57d	abe991d0d4e018a851613f11153ed6bda5d637bd7f8add3fc2033d520914bd13	unchanged identity and body	perf-cliff
part-12-mlx-python/references/04-mlx-lm-cli-generation-and-caching.md	2624	callout-ad636d677d196837	efd83d7aa568934ca004e39c75fe90a9744b1578e16daad64ecc86f5a3ccbeb7	unchanged identity and body	ignored-input
part-12-mlx-python/references/04-mlx-lm-cli-generation-and-caching.md	2749	callout-45d5be9dc82d195b	35f62a47b7c3123e88c921ca3a965dcb86c839440f1ef61433e8d3516e7f3d78	unchanged identity and body	precision-loss
part-12-mlx-python/references/04-mlx-lm-cli-generation-and-caching.md	2778	callout-b4d4be78e138d08d	614deae577c194185815cbada7353daebd14b7f057b55d78dccea137da0a32b6	unchanged identity and body	ignored-input
part-12-mlx-python/references/04-mlx-lm-cli-generation-and-caching.md	2812	callout-d8a676015ad84829	b3f41f997ef083eff00eced1ce5bbd7cc430cb90bc6b4962387f04c675acc01d	unchanged identity and body	ignored-input
part-12-mlx-python/references/04-mlx-lm-cli-generation-and-caching.md	2838	callout-888ced2222cd5b87	9574281f1b6e58f0abf24539fb9dcca3882f9fb1095eca0aff5ddc4bc85a90b7	unchanged identity and body	stale-state
part-12-mlx-python/references/04-mlx-lm-cli-generation-and-caching.md	2867	callout-7b94de0dae2db6ad	01e612e5a841d72929f6a8c28402c48bdc7f5cc7fc0e12d3424370024fd60be0	unchanged identity and body	stale-state
part-12-mlx-python/references/05-serving-and-distributed.md	71	callout-f134f54a5f3b44e8	bf02dac3984178253731348ae28c9dbca479d05f3dacc0a3fd7e555a1b36c689	unchanged identity and body	caution-note
part-12-mlx-python/references/05-serving-and-distributed.md	190	callout-436e512a8a95707a	67a1de3eed877995eb4cc3126d9954e09162bae3d22a1c77477379494894e41c	unchanged identity and body	runtime-unavailable
part-12-mlx-python/references/05-serving-and-distributed.md	303	callout-e501966ba3b8982d	b818a120e1e07cc31b585ce599c8749fcce8f8c4be0c7388d1640539ace69412	unchanged identity and body	footgun-api
part-12-mlx-python/references/05-serving-and-distributed.md	406	callout-522448991493b6cb	88c82daddb75249d34c40e2907e8ab9ac305231ca768ad1e4c2fed637d4c7713	unchanged identity and body	misleading-signal
part-12-mlx-python/references/05-serving-and-distributed.md	469	callout-e6cd25cc69ec84d9	a5bf306fc2683b5c3cb18a9d0918ac5c809e65ceadd9d345e9b759b5d4adcb38	unchanged identity and body	misleading-signal
part-12-mlx-python/references/05-serving-and-distributed.md	657	callout-b5136c64067c2f76	0a6b5a543ff88bc9fa36dcab121e3d4002977de8fd4b56856606f5e3b803f2f3	unchanged identity and body	ignored-input
part-12-mlx-python/references/05-serving-and-distributed.md	930	callout-5072859327b53578	63b11f76e6091abf10dbd401d5ac71296b29d87b73a5fbf4816cfbe93bb0a737	unchanged identity and body	perf-cliff
part-12-mlx-python/references/05-serving-and-distributed.md	1106	callout-b50d115efa0db3d8	8dd216131e03f33d94477180f46ae556494b7becf32ddfb471324dd34a9fbf15	unchanged identity and body	perf-cliff
part-12-mlx-python/references/05-serving-and-distributed.md	1218	callout-33510d5464325061	7e5520633e12e0b30e38824057017c4b459217314304ff2e6a21ff69530d00d5	unchanged identity and body	caution-note
part-12-mlx-python/references/05-serving-and-distributed.md	1375	callout-7bd1404911622cad	c749101c46384af1024bb9db0b053cc5748d752aa7ba8490e49c777a865a4a85	unchanged identity and body	caution-note
part-12-mlx-python/references/05-serving-and-distributed.md	1471	callout-696ceccf851ff868	23d72d3a0bfcb1ef7b26cf2e8d3ecaba6a4f8419f82e06a5c55c842b32e6a096	unchanged identity and body	caution-note
part-12-mlx-python/references/05-serving-and-distributed.md	1515	callout-9f1739753487f5e8	c23ae569fe1066e36e359499df73ec688c0c2ceb3021d4157cd3ea446785d12d	unchanged identity and body	footgun-api
part-12-mlx-python/references/05-serving-and-distributed.md	1709	callout-0a14885385fb9268	3b3106592faca92132a47bd6da189679a28bc2ecb0c0c36448689f06c178b1d9	unchanged identity and body	runtime-unavailable
part-12-mlx-python/references/05-serving-and-distributed.md	1753	callout-bf20fabcce343819	3ff02c0e085388348f325c4313a860b3af4bf881a4d0933b0f0e0311325ea562	unchanged identity and body	footgun-api
part-12-mlx-python/references/05-serving-and-distributed.md	1800	callout-84475a3bceec7b99	b7fced90bd4e8d85b9e0f7631b965cc46357aa916e57121d67ee6292a4dd90b1	unchanged identity and body	caution-note
part-12-mlx-python/references/05-serving-and-distributed.md	1873	callout-c5f1324be7ec68f0	cc116dd46277378e029153266a9bdc9c7f7a37a0280b2fb60d805e515621bd72	unchanged identity and body	docs-vs-reality
part-12-mlx-python/references/05-serving-and-distributed.md	2171	callout-9c2cbee41d6029d6	d0a705e2acd1c2a679275616b8e794fffbc845d1c62c84fa304bbdc66040f680	unchanged identity and body	footgun-api
part-12-mlx-python/references/05-serving-and-distributed.md	2236	callout-062ab2e5a9dd5072	9e4a0f2890609b1c9f49175bde23565d06689f86f01f61fedbee54a28ef87e79	unchanged identity and body	docs-vs-reality
part-12-mlx-python/references/05-serving-and-distributed.md	2314	callout-8767c9de0ba194ec	46fa66076561c3450a6b00a4cbe6e44119fabdf02aaafad039865dd244d3d9bc	unchanged identity and body	perf-cliff
part-12-mlx-python/references/05-serving-and-distributed.md	2330	callout-3558e01c8998c447	f0a4b9e4150d2926bfb71ee079dee47f0e15ace545491206036f6762558091c7	unchanged identity and body	caution-note
part-12-mlx-python/references/05-serving-and-distributed.md	2350	callout-7f0aa9ed4016ec81	f7c0ace509fed701e08ffe0efdd2b16e9edb3daa7d20a63b8bad4dec3ccc1f11	unchanged identity and body	data-loss
part-12-mlx-python/references/05-serving-and-distributed.md	2450	callout-09063decce16cbcd	4ee9807bcf87c2fc1c0c02b7385b5ad195714343a3405e8106c6893243f2eb80	unchanged identity and body	footgun-api
part-12-mlx-python/references/05-serving-and-distributed.md	2514	callout-c565c472658ccede	8607fa89e57a421f458225c06098c301a1bb437640c1a566c2131a21866c3328	unchanged identity and body	docs-vs-reality
part-12-mlx-python/references/05-serving-and-distributed.md	2706	callout-c3395d053ab9e668	b5ec287c3ec015b0536867b487962db5bdae4b7c26257bbb0735f906d84e933e	unchanged identity and body	caution-note
part-12-mlx-python/references/05-serving-and-distributed.md	2865	callout-79551c6c4c922f06	f00cd58ce7b19054b43e8ad9bc0a877dcc273b0d91525a5bb571675adbdc4c25	unchanged identity and body	footgun-api
part-12-mlx-python/references/05-serving-and-distributed.md	2998	callout-5ef26706f948156a	28fd9759ccc4bb9a4b771f803b7f7eeaeda6c0d7f75c89f350c8b9c97e9b46d9	unchanged identity and body	caution-note
part-12-mlx-python/references/05-serving-and-distributed.md	3002	callout-2a2bec0b0498fe45	30f3e3c93397550b292bd8467177e2497103509450f421a3ae04c32bb44b0f99	unchanged identity and body	caution-note
part-12-mlx-python/references/05-serving-and-distributed.md	3063	callout-446669e4e15964d8	dc8098301a1ee0c4acb6f478838d2709ca67de6e4e05be8149ecd0d2d9dba746	unchanged identity and body	caution-note
part-12-mlx-python/references/06-finetuning-and-porting-models.md	78	callout-54b56e00610ff047	8d37cd8cfdb2b7c5a33da1c5049795a981c2952a91dea9ea2276c3dc6ab405d4	unchanged identity and body	runtime-unavailable
part-12-mlx-python/references/06-finetuning-and-porting-models.md	107	callout-6cecb39bd7fd4095	4d433205e49dc043196186daa980ddcda365195881da16843c61b2882950c2f4	unchanged identity and body	caution-note
part-12-mlx-python/references/06-finetuning-and-porting-models.md	207	callout-7821b793e7442c75	1cbd7be592ac1584059c29ec31c6222cfb097bff020005a387c1ad12bded2632	unchanged identity and body	footgun-api
part-12-mlx-python/references/06-finetuning-and-porting-models.md	249	callout-adf69953f9763d73	1e8f38d2ba4af719c90d9420d4633c14e015134335b2524d65b28ae5976ff940	unchanged identity and body	runtime-unavailable
part-12-mlx-python/references/06-finetuning-and-porting-models.md	284	callout-c714c59528e7e035	58a50080697555d5c77f755126358533883903e1c8f2c3326b63355fbbc3257c	unchanged identity and body	runtime-unavailable
part-12-mlx-python/references/06-finetuning-and-porting-models.md	306	callout-a9392c1ce874eb18	0581644afde3e5484264e445c0f03321482a6580e5f0d7b7966016293e8cbae3	unchanged identity and body	version-drift
part-12-mlx-python/references/06-finetuning-and-porting-models.md	482	callout-59bf59e38aec6ed5	125a1d6efd3ed7660315328de8fb49af315bfdce8690af4f12452ed996175ba1	unchanged identity and body	garbage-output
part-12-mlx-python/references/06-finetuning-and-porting-models.md	579	callout-c129b0d61607c125	39de946cd2efc125e206d9b8c6e24e351bcdd9bf1116db91f23fa359b49526f5	unchanged identity and body	empty-output
part-12-mlx-python/references/06-finetuning-and-porting-models.md	614	callout-ae5cec9e3bd31ae1	5762179664f50f0872bf20932eab5ed929fc15d62a64c75fa1ed27c9d614a56b	unchanged identity and body	footgun-api
part-12-mlx-python/references/06-finetuning-and-porting-models.md	759	callout-05c52d299399097e	3f8e07f152b94dba6dd7e4edb48c2e0c6ca598772d92361259aab63543688347	unchanged identity and body	ignored-input
part-12-mlx-python/references/06-finetuning-and-porting-models.md	765	callout-132ea7cad05d5715	60f7276ba8acfaa106af7b8109217cb75e317ab4dcd4b7b2ff69d3d2d1b83524	unchanged identity and body	footgun-api
part-12-mlx-python/references/06-finetuning-and-porting-models.md	852	callout-4b4b05a57ea5e8fa	c055355cb7d41eb95c8f8a14f857aba97b22bd306a09666bd7c3ddeeb3da20ef	unchanged identity and body	docs-vs-reality
part-12-mlx-python/references/06-finetuning-and-porting-models.md	890	callout-b088645f97b364c0	591ff9e19b35a98cc9465cba8ab71df6bfa10e416ed429e6e13daae3c20d1e01	unchanged identity and body	ignored-input
part-12-mlx-python/references/06-finetuning-and-porting-models.md	1008	callout-8135fcaf0a01074d	498fb8d9036d295f750a81fdd30dfa51c2f3cd980abecdb6847df4038f27084f	unchanged identity and body	footgun-api
part-12-mlx-python/references/06-finetuning-and-porting-models.md	1025	callout-4978cb6cbee3a833	a04a0fd3559c4d5e8f048d437dd2a5ec35fe13dfe12ae6789beb91e06402e71d	unchanged identity and body	ignored-input
part-12-mlx-python/references/06-finetuning-and-porting-models.md	1138	callout-6e580a46653347ab	109d53c765fdd91a1d4351a59f3129080b8f1f5ce23bc5eb2c0402010f566317	unchanged identity and body	perf-cliff
part-12-mlx-python/references/06-finetuning-and-porting-models.md	1160	callout-bccf13b150a44b51	fc60c1a4aa069cbed8c3e3b5e313ac64de4ad9c18118c0658b34b3f40e9ad9e0	unchanged identity and body	misleading-signal
part-12-mlx-python/references/06-finetuning-and-porting-models.md	1203	callout-e47a5cf3f655dfda	3db5895008dc69de2501efefc500031be495e9e0dbf7f0569f290c0dc50aa9a4	unchanged identity and body	perf-cliff
part-12-mlx-python/references/06-finetuning-and-porting-models.md	1255	callout-466dfbce859d278e	a55a52059f76a0257097f55c85465fc0ad382881b62da71950da03c2c893404c	unchanged identity and body	caution-note
part-12-mlx-python/references/06-finetuning-and-porting-models.md	1305	callout-0f72324522ce19c9	c5a1f930896c441e98237049cc12be3f7051eba96936cfa0d0e9f8ea46b4e046	unchanged identity and body	garbage-output
part-12-mlx-python/references/06-finetuning-and-porting-models.md	1391	callout-f7e2bff9f443bacc	ee5d0b0329738f6c792bfabcbc2d314baf20b2874090cddd493fe0837b43f2c0	unchanged identity and body	ignored-input
part-12-mlx-python/references/06-finetuning-and-porting-models.md	1455	callout-eee54aa9ec4d67d4	e3bfb663410ffed8effb7b78fc544f7762a6dac36d34f6a9e87064c1ad117467	unchanged identity and body	misleading-signal
part-12-mlx-python/references/06-finetuning-and-porting-models.md	1525	callout-4364ab3a097b66cc	e52b6218527ba9ecf519a98bd45567030e2f5f7ae9c469e9b3871d59c007d6dc	unchanged identity and body	caution-note
part-12-mlx-python/references/06-finetuning-and-porting-models.md	1595	callout-410faf09b172fc21	08f895347798e8d773dc26270cbaff2015e3ca286ae4ffab0ff6f9855fe7c761	unchanged identity and body	footgun-api
part-12-mlx-python/references/06-finetuning-and-porting-models.md	1599	callout-1bfff74df3b378f2	4c09f35098650d97db185d8e83501f744514426e1b3ae8cc396239611d29c6cd	unchanged identity and body	footgun-api
part-12-mlx-python/references/06-finetuning-and-porting-models.md	1667	callout-19a8a964c2fd074c	a1ca3c6655ac1e18b4abd0a3dc91a03a0ad8eaad7d276788fffb0691c61639db	unchanged identity and body	footgun-api
part-12-mlx-python/references/06-finetuning-and-porting-models.md	1764	callout-342174f7c8077234	0254106ec8b1e33cbda9ec5bdf6b78864319e5f599ef768a36e243e597d93cbf	unchanged identity and body	footgun-api
part-12-mlx-python/references/06-finetuning-and-porting-models.md	1852	callout-590a50e22b58440f	c2a89a20993f112efdf04561d0af3bf8f3a7504ccaa711012b55b067be425491	unchanged identity and body	misleading-signal
part-12-mlx-python/references/06-finetuning-and-porting-models.md	1999	callout-92faa7bd3cdeed63	0214d8b23fac688db3f9d1d4e13261dc0f88be4be2f3d6f3354878133e5d1805	unchanged identity and body	caution-note
part-12-mlx-python/references/06-finetuning-and-porting-models.md	2050	callout-75d812efeedceb6c	9f7b08787bf8bc58a379e41aab9ca2687e31ad6fbd59a95fdaeccc2f555f2509	unchanged identity and body	perf-cliff
part-12-mlx-python/references/06-finetuning-and-porting-models.md	2223	callout-ba8dff812f63699b	29a5701568775d9ab585e0be3ae2c9fee127095418b1eb0c57d1ae08302bfac3	unchanged identity and body	data-loss
part-12-mlx-python/references/06-finetuning-and-porting-models.md	2261	callout-1f269d317589d5f7	8150c8082de77566fd0e7df16d8d5fc2212bb68e81ba44a84751ef747b7b56c7	unchanged identity and body	footgun-api
part-12-mlx-python/references/06-finetuning-and-porting-models.md	2282	callout-93fda0d958f06c18	52b7ffc430c05e942f2d7f9b07bfb90c8d6e82ad9820ee079ae418b33e454330	unchanged identity and body	misleading-signal
part-12-mlx-python/references/06-finetuning-and-porting-models.md	2310	callout-90483f3c29587986	2b8accea64f226c107315e979d92e1a64d356ca374d3b43d3f0da67af60a3ace	unchanged identity and body	footgun-api
part-12-mlx-python/references/06-finetuning-and-porting-models.md	2316	callout-5ae51004a29b040b	a7202cb336cee1f6ea756534e9b77380e3a583b69bd235b40197d33396211e6c	unchanged identity and body	perf-cliff
part-12-mlx-python/references/06-finetuning-and-porting-models.md	2362	callout-b6d5a5042cc339ff	2a0f362d9c08953444a30ff9358a3df88ae5d2c3f11d0429709d411340f1a7b4	unchanged identity and body	misleading-signal
part-12-mlx-python/references/06-finetuning-and-porting-models.md	2386	callout-1e7efae07e565668	0e29f40590557cddd67117676b08eeefe602ccaa6571b1e49774abbf0886f228	unchanged identity and body	caution-note
part-12-mlx-python/references/06-finetuning-and-porting-models.md	2406	callout-f3d161b25c245b6f	639758090806db3c21383c3bcf528f275928caafa0176536749337d9dabdf3af	unchanged identity and body	caution-note
part-12-mlx-python/references/06-finetuning-and-porting-models.md	2485	callout-7234cdfc682e1fa4	af35820470650979e465fe5dc81ae372cba438eef944552c51069ceee39d3cae	unchanged identity and body	ignored-input
part-12-mlx-python/references/06-finetuning-and-porting-models.md	2491	callout-fccadbc233ec7e98	696451129af80b8c0bf99a8f80437965a3c161aa7461db1df532aa569c0d204b	unchanged identity and body	footgun-api
part-12-mlx-python/references/06-finetuning-and-porting-models.md	2575	callout-7aecf1c64f669a57	98f47f283b3e2af866aa6bb3004c6e55185c465e45fd605bcd7946df4cd117e7	unchanged identity and body	docs-vs-reality
part-12-mlx-python/references/06-finetuning-and-porting-models.md	2678	callout-e8b96408cbe0f066	ae1e3e01135ee208c3281396d2f9719c59e1525954468c9c7e3205d7da2400fc	unchanged identity and body	caution-note
part-12-mlx-python/references/06-finetuning-and-porting-models.md	2885	callout-4de81dcfab5eb02b	3cde7ea4cd1600a6e45a04754e640065b0ba18a275ea8f10336691a947823bbd	unchanged identity and body	caution-note
part-12-mlx-python/references/06-finetuning-and-porting-models.md	2907	callout-48a67128f8ce5216	c9e80f3c690241144690528e0eab38be86e03d4523ed67f53c785a657a1b5580	unchanged identity and body	caution-note
part-13-mlx-swift/README.md	17	callout-2b22135ec2d373c4	80692b71a3fe3ffaf3d88dd3827a36bfa6bfca03207e3823f2f0e3c8032e6529	unchanged identity and body	version-drift
part-13-mlx-swift/README.md	87	callout-31f0ca42e3bce40c	3b11a3f5896fa34acc9d0a5cd9ec7dea848fd7f7b4467e86dc94d613c9927e76	unchanged identity and body	resource-growth
part-13-mlx-swift/README.md	117	callout-b23966483d3af827	1273cafa7694958b296acabf90907e57da5ec5913d36ae87e12bc23c70f2bf04	unchanged identity and body	garbage-output
part-13-mlx-swift/README.md	153	callout-c5eaa08797aa0252	0b38b5598a037aec73284deae446b570be87acf4cf0091d582587021c4519ebe	unchanged identity and body	ignored-input
part-13-mlx-swift/references/01-mlx-swift-lm-in-an-app.md	19	callout-4321dccde6dd2741	1805d28b8f61f6dc0e8dd168358f40d6ef1ae839f4ee2df0d3ce17be041b9113	unchanged identity and body	version-drift
part-13-mlx-swift/references/01-mlx-swift-lm-in-an-app.md	152	callout-32c2161a0c37f138	3fa5c766af0eb4cf7fa2b17e7b336a1f7a3c441c4c0f7e1242176eaf907af900	unchanged identity and body	docs-vs-reality
part-13-mlx-swift/references/01-mlx-swift-lm-in-an-app.md	254	callout-6128700edf2ecf48	066cb588660f46b054d3346466fdad3d58893845e32ebcdde3d882766c83cc1b	unchanged identity and body	docs-vs-reality
part-13-mlx-swift/references/01-mlx-swift-lm-in-an-app.md	411	callout-504a2fa5dbdc3e2b	18d5d074c38f8ab8366b347d0c95bec6e30361843a46ac5c022d9f92eae7be5e	unchanged identity and body	docs-vs-reality
part-13-mlx-swift/references/01-mlx-swift-lm-in-an-app.md	515	callout-ede6ebf2d69c93fa	346134ecf8e91ae1ba9085ac2b75de42c33c3dfde349e6942423f8703cfef922	unchanged identity and body	footgun-api
part-13-mlx-swift/references/01-mlx-swift-lm-in-an-app.md	600	callout-bea55aa76ce4cda7	2144eedbfb77d0a1174f644e4d6eaa65a8856063c100fa98f108aa65474d31d9	unchanged identity and body	misleading-signal
part-13-mlx-swift/references/01-mlx-swift-lm-in-an-app.md	737	callout-3408a6975a0614c8	693be5cc82a568efe1d9b22dd8cb34529f0371906e7140e5b54b3ab469e2a933	unchanged identity and body	misleading-signal
part-13-mlx-swift/references/01-mlx-swift-lm-in-an-app.md	895	callout-0a67ba81eb7ca82b	aef02bd61af92abdba1d8192899d994a6a8d7fc1f1169116d184547e2071751b	unchanged identity and body	misleading-signal
part-13-mlx-swift/references/01-mlx-swift-lm-in-an-app.md	1067	callout-8ac104aeb3447698	0a03be0a0c2f9479e97890640199ef1f90c005f632dd003b32682987c94bf7f9	unchanged identity and body	data-loss
part-13-mlx-swift/references/01-mlx-swift-lm-in-an-app.md	1218	callout-f6ad71c50f709628	a7fed3f9665304df31fc56c965a5e4ce2639631b9f4b1542bb059778df7a1d31	unchanged identity and body	ignored-input
part-13-mlx-swift/references/01-mlx-swift-lm-in-an-app.md	1258	callout-0847bab48a956350	aca55ad4c1b971285f37517e10a504b2ed6d19c4dc0233ba74e68019f0d46603	unchanged identity and body	docs-vs-reality
part-13-mlx-swift/references/01-mlx-swift-lm-in-an-app.md	1335	callout-4a134fc6f6701214	ff26beec49beab6700b1119983a5886f77d4fdbd195d422384fb78c85ed49485	unchanged identity and body	caution-note
part-13-mlx-swift/references/01-mlx-swift-lm-in-an-app.md	1397	callout-72854f11cb5fe35d	5c99e020559fd529c2f28b2e15404030da2b17cfcf2ede62d7b9a6e71022739f	unchanged identity and body	footgun-api
part-13-mlx-swift/references/01-mlx-swift-lm-in-an-app.md	1510	callout-c719c6162e8b99e0	3c88bbc4d3e3c9edd01d762f77801250b51f80b82dbcdee8277fb335bd179148	unchanged identity and body	footgun-api
part-13-mlx-swift/references/01-mlx-swift-lm-in-an-app.md	1642	callout-f3a6e367f2b07133	cac989d6cf9754509fdc583c504c559da42d1be7e4ec7e85d9adace162e79155	unchanged identity and body	caution-note
part-13-mlx-swift/references/01-mlx-swift-lm-in-an-app.md	1733	callout-b0b3b6ddd525fb59	0f89be1ca13ac947dfa93615489d7a997be2a1001cfdd1f8b43361d4ded9f5a2	unchanged identity and body	version-drift
part-13-mlx-swift/references/01-mlx-swift-lm-in-an-app.md	1843	callout-a1d171afbd82172e	866a620f6e4d92428b4e6f6bf596c1725d952e255d7f3fe1f29c2136805f239a	unchanged identity and body	ignored-input
part-13-mlx-swift/references/01-mlx-swift-lm-in-an-app.md	1955	callout-39470b3426b5eec2	ffaca3fb019dcd237c5aba3202668cdc9aa49a24cf47b8266475926ff54882ca	unchanged identity and body	misleading-signal
part-13-mlx-swift/references/01-mlx-swift-lm-in-an-app.md	2057	callout-438f8531c503ecf3	644d9bc1304df23029ba60bd87eea2e3d3fb589054a0377abb2f94cfe331655c	unchanged identity and body	version-drift
part-13-mlx-swift/references/01-mlx-swift-lm-in-an-app.md	2219	callout-e147ab57ba2104da	9fc4445771c7ef35e321d1dac978d719d32be78ec9b601752a7533638d83cc90	unchanged identity and body	resource-growth
part-13-mlx-swift/references/01-mlx-swift-lm-in-an-app.md	2537	callout-dc9b047d4b6388b2	5ac5b70132d7e718793c87baeb19bc4d0054d15b300383fa3556677012c7390c	unchanged identity and body	silent-truncation
part-13-mlx-swift/references/01-mlx-swift-lm-in-an-app.md	2618	callout-ff8e752374384505	ba6271d3c4251663ac4da4d2c7737a3ed5786ae18333cc5a4a62e667e8ee3d01	unchanged identity and body	garbage-output
part-13-mlx-swift/references/01-mlx-swift-lm-in-an-app.md	2655	callout-9d4e5282a61011b4	19613aa0d962aeedf546748f47fddf580638376f1bf4641deaa87fb187ae0cb1	unchanged identity and body	garbage-output
part-13-mlx-swift/references/01-mlx-swift-lm-in-an-app.md	2701	callout-9a045c120dfef529	bdd6ca312649c82ed482efe361627b32ec51ad475cc4341209706dfd2a3deeae	unchanged identity and body	caution-note
part-13-mlx-swift/references/01-mlx-swift-lm-in-an-app.md	2793	callout-d6ba33a25a76a54b	6a43e30ed041d3465f5410ed7e0cf3ae214681cd787052fccea5e9def633181b	unchanged identity and body	data-loss
part-13-mlx-swift/references/01-mlx-swift-lm-in-an-app.md	2868	callout-dc6b2f3f9ce816b4	a3b28d587325c3f1619b9690abbd1faebe7b16a4a47ddd81f19b6b88994dea22	unchanged identity and body	garbage-output
part-13-mlx-swift/references/01-mlx-swift-lm-in-an-app.md	2902	callout-2e3e69e8c27b24be	711955884cce308b5918cc38e088587e04745d0d4b8fc27b8271a7f94e9a4e88	unchanged identity and body	resource-growth
part-13-mlx-swift/references/01-mlx-swift-lm-in-an-app.md	3257	callout-ef285aef43fea9cc	31c29c92473ecc51a2add21444669aaaee798316e67a0564d4d5a8ca0c7e2c9e	unchanged identity and body	footgun-api
part-13-mlx-swift/references/01-mlx-swift-lm-in-an-app.md	3376	callout-e91de30aa643aa4a	7f0c5e7d7ce8e1772e5221128498c4e8c406c13418b80e3cdc0b31b0dcea900c	unchanged identity and body	runtime-unavailable
part-13-mlx-swift/references/01-mlx-swift-lm-in-an-app.md	3494	callout-cef0f6c150165416	e567c7695da4c39e9fba122bba615f1f161ce95ea407919c6415506fd5a855b5	unchanged identity and body	version-drift
part-13-mlx-swift/references/01-mlx-swift-lm-in-an-app.md	3611	callout-2c90c9c5d2001448	526d981161fbdda2a943d36ca8915193b34cadd964383232a7921ffaddd67c27	unchanged identity and body	data-loss
part-13-mlx-swift/references/02-generation-tools-and-caching.md	45	callout-2b40e8ba6cde1e5f	8d76661399d23a69420fb50fbc5ec2f443363b644fcc0746309defa2f6f07c0f	unchanged identity and body	garbage-output
part-13-mlx-swift/references/02-generation-tools-and-caching.md	91	callout-52db994397ca3246	bf02dac3984178253731348ae28c9dbca479d05f3dacc0a3fd7e555a1b36c689	unchanged identity and body	caution-note
part-13-mlx-swift/references/02-generation-tools-and-caching.md	112	callout-e26523976ee1886d	a6986d152b943ee5aa95f0fa30ac16892ec86a2f4bcfd420171a144cae70e84f	unchanged identity and body	caution-note
part-13-mlx-swift/references/02-generation-tools-and-caching.md	129	callout-64819b1b7c79b1be	bb58dab4350c86d54ff5bd8167025860daefefd7166e614b1ba0575dff6f154b	unchanged identity and body	caution-note
part-13-mlx-swift/references/02-generation-tools-and-caching.md	182	callout-0b0909853803e971	3fed4f367ca633f247ab503156bf82ba11ce98b756d9caa2013923ded907f703	unchanged identity and body	docs-vs-reality
part-13-mlx-swift/references/02-generation-tools-and-caching.md	258	callout-5fac8f95424343b9	44f226d9308e3af0d52dbc56ef08192a3e91181cda98f0c9580945de5f754ff1	unchanged identity and body	misleading-signal
part-13-mlx-swift/references/02-generation-tools-and-caching.md	397	callout-4a7e76d75c2c0181	bc9135eb89322ab201c9b9482028b311e2a4e35f71e42293da832a90fd608e8f	unchanged identity and body	silent-truncation
part-13-mlx-swift/references/02-generation-tools-and-caching.md	432	callout-f3bedc22961e1b90	fa8c39df3126dce75dc42e4047f0aa26d3a834a487276b1dda7b7de25c8dc69b	unchanged identity and body	footgun-api
part-13-mlx-swift/references/02-generation-tools-and-caching.md	513	callout-fabae9f90cc80dac	2a00968033a643bd0933f125f0cbfdad37d306a24a4e2cdbda7e9fb0b911603a	unchanged identity and body	footgun-api
part-13-mlx-swift/references/02-generation-tools-and-caching.md	611	callout-37148082ba23fb21	455a5f581f2bdb80747becde1bacb7ca0763862f8f604e5e72f85ebca01b2997	unchanged identity and body	empty-output
part-13-mlx-swift/references/02-generation-tools-and-caching.md	660	callout-7575d79a0229edc7	0ce46ce91daa6c755a8cd85af161fb47371db7257c9fa3b608889d44091b150f	unchanged identity and body	footgun-api
part-13-mlx-swift/references/02-generation-tools-and-caching.md	699	callout-1234cc4c97281637	64cea4769f68a363e8635b0ae98f3e5ce3a6175a62c8e1ad2b4155e05909432c	unchanged identity and body	perf-cliff
part-13-mlx-swift/references/02-generation-tools-and-caching.md	760	callout-4f90980c4173ecfd	60e7b21a23171b3e1b749384c04479e736df520f400f7fd9aeca36bfde339583	unchanged identity and body	footgun-api
part-13-mlx-swift/references/02-generation-tools-and-caching.md	769	callout-a0154d9b3f3b4d29	1bbbced4de26b66b0ff52e1ffb2052cbfdcb362f0e339b019ceea957fabb4c66	unchanged identity and body	ignored-input
part-13-mlx-swift/references/02-generation-tools-and-caching.md	774	callout-b5b66089e20493b9	cac6907239f97eeb7217343c2585a2c1bf7d68a0818217ca54b9ec366241d619	unchanged identity and body	footgun-api
part-13-mlx-swift/references/02-generation-tools-and-caching.md	846	callout-bc7c611c5f5c6b64	f2d0415df79e3468aae5b30050dd253750e0d71cd2319c89f07001781e203b11	unchanged identity and body	ignored-input
part-13-mlx-swift/references/02-generation-tools-and-caching.md	934	callout-c5526d7f0c1fcca9	4ae0aeb35142d41b1d39e3bb805f45cd3c005111d91ff6f56a00046ac96040f2	unchanged identity and body	perf-cliff
part-13-mlx-swift/references/02-generation-tools-and-caching.md	943	callout-b434808cf7481bf5	51821cb11f07d4e312ae7ed8343c177f3da0cfe8ef58c3aa5de4f64ae357e1f7	unchanged identity and body	footgun-api
part-13-mlx-swift/references/02-generation-tools-and-caching.md	986	callout-0d5ef00bbae703ce	7f5b5286e6545a5c1a71d0e490350667616d2bc4169a64d0ed572b8d6c6ff85c	unchanged identity and body	garbage-output
part-13-mlx-swift/references/02-generation-tools-and-caching.md	1338	callout-4411e519cb5c3896	b7864a7c43bd59e358a91761ea634529ebb63de9c6b64699ac8b8151c7b90fdc	unchanged identity and body	footgun-api
part-13-mlx-swift/references/02-generation-tools-and-caching.md	1441	callout-3845048977b0ed87	76c3d9073f25a4571cd93ce969b266313f03067cac5b419d88823466cbee2e5c	unchanged identity and body	garbage-output
part-13-mlx-swift/references/02-generation-tools-and-caching.md	1579	callout-4e5cc0c544a487f1	bd08b58c25269b17c169d496cb648306c2bb8dff6fe98e1183175a127c705db3	unchanged identity and body	misleading-signal
part-13-mlx-swift/references/02-generation-tools-and-caching.md	1715	callout-4ec99d93d2e62302	270dc77f837637df130bad4327dd0274cbf44c526ad19be5c37247e2e01646a4	unchanged identity and body	ignored-input
part-13-mlx-swift/references/02-generation-tools-and-caching.md	1720	callout-e8756e2c8a26f293	f844543a4fd6f3db3372da93590ac6e184df0434d488b35ed9afab8b78264959	unchanged identity and body	footgun-api
part-13-mlx-swift/references/02-generation-tools-and-caching.md	1760	callout-aa9f850232836d51	26e4c801e00c04f731af52a296036cb6a10ba08c39d943742abd1720e53d308c	unchanged identity and body	footgun-api
part-13-mlx-swift/references/02-generation-tools-and-caching.md	1765	callout-2199412c78bf4bd3	9ee1a967cd0004fc188a04ad22ac980625d29b766e00349372728d3c0c2cf9ac	unchanged identity and body	garbage-output
part-13-mlx-swift/references/02-generation-tools-and-caching.md	2068	callout-45fe0781aac48a5d	bbf3ce9be19268448811b1528576824a1679def237c736569c24964ab317abbf	unchanged identity and body	empty-output
part-13-mlx-swift/references/02-generation-tools-and-caching.md	2196	callout-10ce524e428530bc	baabf04bae50624d7d0833e0566f2e3535c71c3b192b51339300117ff557c1c2	unchanged identity and body	footgun-api
part-13-mlx-swift/references/02-generation-tools-and-caching.md	2221	callout-da4415309d4f27da	c2b308e65c7e8eb859bb633f2e463f36b3003a52bd6a714b2a18d3578549f34b	unchanged identity and body	garbage-output
part-13-mlx-swift/references/02-generation-tools-and-caching.md	2237	callout-efc173c7944d7c1a	03ed3358da5d00681d24223d706a7eb8f30f34f3526f89a3e693097bfae5546e	unchanged identity and body	footgun-api
part-13-mlx-swift/references/02-generation-tools-and-caching.md	2302	callout-6871d910d16b75a9	dc530a556c4221a8e9645f7c647115892b676990e31c90503bd072de246f5ec2	unchanged identity and body	footgun-api
part-13-mlx-swift/references/02-generation-tools-and-caching.md	2413	callout-a4b3ebb00d4a6ac8	64c8289b578146958b3316a49fe44f3996115a93579d8c3fce7cb70b90159a34	unchanged identity and body	caution-note
part-13-mlx-swift/references/02-generation-tools-and-caching.md	2586	callout-fec3135c43219795	d5509da28a0edcc49089429a40c2265f3eeb701f51985336a41e77bab2017cb3	unchanged identity and body	footgun-api
part-13-mlx-swift/references/02-generation-tools-and-caching.md	2679	callout-b6501bd22c93ac90	d529bd5195dd8dee56b81c5845a88035093f3cbe500c3c54972d951110d3cd86	unchanged identity and body	empty-output
part-13-mlx-swift/references/02-generation-tools-and-caching.md	2714	callout-a63418999da4ae6b	e0afb0ed8847c3fc619934cbe4f3bd663938816473db40a6208b72668bfae217	unchanged identity and body	footgun-api
part-13-mlx-swift/references/02-generation-tools-and-caching.md	2719	callout-0711b347822af801	cb464ce85b45ec2afd27ba6e481611ba4d478d25a53e040a3f0235c6fa09b27a	unchanged identity and body	caution-note
part-13-mlx-swift/references/02-generation-tools-and-caching.md	2773	callout-f8a26ef6a207c155	d5155e349ea4410381ad44ffdf64c826916e0d90569bf662ffb7ec1f6c1f7066	unchanged identity and body	ignored-input
part-13-mlx-swift/references/02-generation-tools-and-caching.md	2784	callout-aca42d29db92e2d1	17203fe0acff3d5621552acd50759045f8455a915d548560c71447d4b66b6e9d	unchanged identity and body	ignored-input
part-13-mlx-swift/references/02-generation-tools-and-caching.md	2875	callout-0db0597f9c9037b9	99e8b8703c13249bdf0e2ba50aa7d46a188b67c960115c4b29eaa692f6e19833	unchanged identity and body	caution-note
part-13-mlx-swift/references/02-generation-tools-and-caching.md	2918	callout-e0b827222f304a22	ea69ddf9c089fc81185ffd7fc744d688c7b71389e13b700ec2ca184e8bd26645	unchanged identity and body	garbage-output
part-13-mlx-swift/references/02-generation-tools-and-caching.md	2986	callout-3ccfe77936c6b5ad	60a5fbd3e7af89eb352b90e805f9aa8d957b9c316c9173e28e15b1d6aacf7d06	unchanged identity and body	footgun-api
part-13-mlx-swift/references/02-generation-tools-and-caching.md	3164	callout-f4da6946b75ae1ef	90cad18f11f1bd1b0cdf50570c86db45d10be567b9dfed6006bf2453cca39f69	unchanged identity and body	precision-loss
part-13-mlx-swift/references/02-generation-tools-and-caching.md	3333	callout-996faffc46a1af64	ca9cdf5f8eb4e05d992ac10770a7d98632b0c768b39062fc5f6dfd7f41e9c341	unchanged identity and body	caution-note
part-13-mlx-swift/references/02-generation-tools-and-caching.md	3338	callout-72c40d6bfc13e976	799df62098c9607f49edde46dd045d4c22545f1494280ead77f27409568af5e5	unchanged identity and body	caution-note
part-13-mlx-swift/references/02-generation-tools-and-caching.md	3345	callout-b4da28a369f37466	a9d824385276736bd713e832784a7418e88c4002505efe6617b0a3b2f3662b8c	unchanged identity and body	caution-note
part-13-mlx-swift/references/02-generation-tools-and-caching.md	3355	callout-179c37c32a59ddc5	d1b0396604712620c83633b5c5e01cba2079579ddffa3d307a37e886a175857d	unchanged identity and body	ignored-input
part-13-mlx-swift/references/02-generation-tools-and-caching.md	3380	callout-b54092f184bd6c3a	fde819dfb3dd2868c30106d65d56e751895c64e70303ac10596df0e59f84112b	unchanged identity and body	caution-note
part-13-mlx-swift/references/02-generation-tools-and-caching.md	3383	callout-25a46dbff841ae69	d357ecf71769598b02d862bd7de7aa6eaca8b8e7ee4294891a22bc2c9496ff0e	unchanged identity and body	ignored-input
part-13-mlx-swift/references/02-generation-tools-and-caching.md	3419	callout-b1997ec38c372c00	d6702a488d9435372d7786458f4d3dbbfb2d25673c8821e0f77bb527727e09f8	unchanged identity and body	silent-truncation
part-13-mlx-swift/references/02-generation-tools-and-caching.md	3559	callout-345b3ba788977a6c	54b218ce8a13e4e231cbfabdd7ed12d9d643544b99d32afd80e27768d608dfe4	unchanged identity and body	perf-cliff
part-13-mlx-swift/references/03-fm-bridge-and-guided-generation.md	71	callout-d4524c90131f1320	e6c2abdcaf3cf27f39f019fb9e63458788a5612045d4f979565178d692c32dcf	unchanged identity and body	runtime-unavailable
part-13-mlx-swift/references/03-fm-bridge-and-guided-generation.md	494	callout-b0a7741c87d44c3c	e6de56b7a359f65fa2b11f7dd408ef77e21bbd3a2c99bea01a195090ded7cff9	unchanged identity and body	misleading-signal
part-13-mlx-swift/references/03-fm-bridge-and-guided-generation.md	500	callout-67fa1ca76b3f44e5	93b5849d5540e63cb2973ff29d90586b88d6586dea27befa67f05b8f8acdbb23	unchanged identity and body	misleading-signal
part-13-mlx-swift/references/03-fm-bridge-and-guided-generation.md	536	callout-ba153a510613999f	eac9962cb79384abd4c5ab7929620ece6758dd362aa07d080dfa5d343325fc70	unchanged identity and body	caution-note
part-13-mlx-swift/references/03-fm-bridge-and-guided-generation.md	770	callout-d930ba8f962cd1ac	7ae849f2273db12894c081f81a461a5f7977db3d6787d55689d696567af3c58c	unchanged identity and body	docs-vs-reality
part-13-mlx-swift/references/03-fm-bridge-and-guided-generation.md	861	callout-6e39d47fbf5ddcd7	085a001175e19cc28e2140be3c31613b5ac0d6a7550edc75cac0169cdefdc658	unchanged identity and body	ignored-input
part-13-mlx-swift/references/03-fm-bridge-and-guided-generation.md	992	callout-06c1e8c09ce6164a	7001cb134c0bec559c872ca1de22000ea48344e9a27f664133b59cfcdad0ff0d	unchanged identity and body	ignored-input
part-13-mlx-swift/references/03-fm-bridge-and-guided-generation.md	1138	callout-67dcc598627318eb	37d3600413928c440d7b89b06828df3950aa1fc1a0a89dca2fa1b71fc978d679	unchanged identity and body	misleading-signal
part-13-mlx-swift/references/03-fm-bridge-and-guided-generation.md	1270	callout-10309c3c3941b4c5	eb701d8157b7ad6e626798ed457442a034abba912421fdd0d57e9700b8286ab1	unchanged identity and body	perf-cliff
part-13-mlx-swift/references/03-fm-bridge-and-guided-generation.md	1310	callout-cb91cad1a3248923	3470ed968aa0cce65c253ac188365bea61a1f68184bbe201b7b99c6d9e32b262	unchanged identity and body	caution-note
part-13-mlx-swift/references/03-fm-bridge-and-guided-generation.md	1477	callout-8b0a58dc61338fc3	d2522c50f8f2189129740802d5cdb5aa5546c4a34cb7a2e83132b40dd5cc9f04	unchanged identity and body	ignored-input
part-13-mlx-swift/references/03-fm-bridge-and-guided-generation.md	1579	callout-6319e11aae4fe3ea	d4d05771f4054f3f3a4c2e340b44a7de14a99fca0284b7a90814d9f03dacffdd	unchanged identity and body	caution-note
part-13-mlx-swift/references/03-fm-bridge-and-guided-generation.md	1672	callout-ea1028c1b67272b1	0cc1c2a7ea35437d72b453820b202e593456a703b808b3ad2bc93db2c745b2bc	unchanged identity and body	ignored-input
part-13-mlx-swift/references/03-fm-bridge-and-guided-generation.md	1920	callout-c1cfcb2f85a83c5d	394774a81ea1574dde5bc88777eb8aa16b3fe8f557095dd825593e1323c08747	unchanged identity and body	footgun-api
part-13-mlx-swift/references/03-fm-bridge-and-guided-generation.md	1956	callout-499448542a8c6770	11f45de6f7157142bab23fbc9941bf99e888e5bbe12a7663c9ca9dd2a385d462	unchanged identity and body	empty-output
part-13-mlx-swift/references/03-fm-bridge-and-guided-generation.md	2030	callout-9d5f3614e3e09d65	ce2ab0538ff5a24b81bf9322f001dccf7d811ebefb094daec90d7265e67427aa	unchanged identity and body	silent-truncation
part-13-mlx-swift/references/03-fm-bridge-and-guided-generation.md	2148	callout-46ba6feefc8f81ea	10e71c72a7bdcd83e6fcafc20a6695ccc88e969d3def490a9d9f125f9134d834	unchanged identity and body	empty-output
part-13-mlx-swift/references/03-fm-bridge-and-guided-generation.md	2222	callout-0a2c6037c095e652	4648b0cf5a57f978e19152d5d97827349013698b20957478cf2937b6f9d1d1ef	unchanged identity and body	misleading-signal
part-13-mlx-swift/references/03-fm-bridge-and-guided-generation.md	2313	callout-257b2f3103aaa258	acffaca15a76d4f4edcb40d2ed4fe11407ef713e345ab9245e1796bf9ba0abbd	unchanged identity and body	caution-note
part-13-mlx-swift/references/03-fm-bridge-and-guided-generation.md	2475	callout-166bc9dfd1d1fa93	ae229e00b28c6f4c96d186c62fa3f77f2bdc0c2d4573b4625c3bede2e363d6e0	unchanged identity and body	footgun-api
part-13-mlx-swift/references/03-fm-bridge-and-guided-generation.md	2568	callout-92183f6348df95fd	2192933a58c738b53a8ca1503f727a790a9ce0c4a48c05f1146237ba1899817d	unchanged identity and body	footgun-api
part-13-mlx-swift/references/03-fm-bridge-and-guided-generation.md	2717	callout-bf4944a0d5bed2b9	47e76164d01247c00cc6b2ad584c96f4a69eb432ecd7806b385af5ef3803f975	unchanged identity and body	ignored-input
part-13-mlx-swift/references/03-fm-bridge-and-guided-generation.md	2761	callout-b587b55f536d1a1a	bea88b720eeab60261f306a92923ab981188a5628941436aba3e3ef3ccbff287	unchanged identity and body	perf-cliff
part-13-mlx-swift/references/03-fm-bridge-and-guided-generation.md	2791	callout-85f1a4a0b809fec8	d0b89ace962dc86437ad9697653e1cb59b916423b97d8c30d5638d3e369b9126	unchanged identity and body	caution-note
part-13-mlx-swift/references/03-fm-bridge-and-guided-generation.md	2893	callout-982bd92cedd7734c	979ed4a2fb3e45d78db8b613ebbd4427e2013307b082efdb7b0825886cce088c	unchanged identity and body	perf-cliff
part-13-mlx-swift/references/03-fm-bridge-and-guided-generation.md	2931	callout-5f04a63f542e3f8f	e2b946486ab1330466ac2d358869e3aa7ef0076a70261ebef8de508d7a5c1d76	unchanged identity and body	caution-note
part-13-mlx-swift/references/03-fm-bridge-and-guided-generation.md	2943	callout-995d0b2b733a3c36	8fe8e5655b781b90dc48ad5be24866742a2e9a60d9a3b37ffb1df0e24e299c82	unchanged identity and body	misleading-signal
part-13-mlx-swift/references/03-fm-bridge-and-guided-generation.md	3092	callout-cfc899bd86d05db6	4989ed8bb53a04ae2d37391d98745970f00284b6e931e412e9622817502cffda	unchanged identity and body	ignored-input
part-13-mlx-swift/references/03-fm-bridge-and-guided-generation.md	3167	callout-6a9147c557bd15c3	815c01e1ac91de7384d2155f8b118c5d035960355cb4632ffb78f3308f70baf1	unchanged identity and body	caution-note
part-13-mlx-swift/references/03-fm-bridge-and-guided-generation.md	3210	callout-d51931d1ca0f3ec9	8549e541501c2ce500a089212668bfd4882941b0a866447e0681c54c65f5e666	unchanged identity and body	caution-note
part-13-mlx-swift/references/03-fm-bridge-and-guided-generation.md	3287	callout-c5e11bb1932ca6f8	2f6ab047c76ed9310d32aeeefa3d666b4385b1dd58073f36ef0664b2ae3be85c	unchanged identity and body	silent-truncation
part-13-mlx-swift/references/03-fm-bridge-and-guided-generation.md	3371	callout-12da8d456d6b193e	3d5210f77e52aa3abaed1a52ede31ee773de995276706f750dcf4cfea7878da6	unchanged identity and body	version-drift
part-13-mlx-swift/references/03-fm-bridge-and-guided-generation.md	3473	callout-3257abd968e49912	e8bd5adde7ccd8ed147ebc1596871ed093a76dc70bcb3c9784edc77e012b1663	unchanged identity and body	footgun-api
part-14-bridges-between-stacks/README.md	19	callout-997c67bc41e9e06c	7d78cb8b0a6bda7cf12e58938d485ce9b9c822d2655859367fe99ef069752060	unchanged identity and body	caution-note
part-14-bridges-between-stacks/README.md	105	callout-264257db444cd30c	7ba356b1cab4b14649dd2ea2de8f8e3d9a42eeeb7ce3395fd9ddd0fd3e1e437d	unchanged identity and body	garbage-output
part-14-bridges-between-stacks/README.md	212	callout-70c63bfcee6d8da2	c0a83b0f5d44e131ba3c56a455547e8f84663570081d4129a8f252c362139ee4	unchanged identity and body	caution-note
part-14-bridges-between-stacks/references/01-mlx2coreai-and-third-party-bridges.md	19	callout-daa6e4274fb0f563	fa96180b466adebec2f19d07b93502f8aa4a87d31420168a5b128cf498c04e73	unchanged identity and body	caution-note
part-14-bridges-between-stacks/references/01-mlx2coreai-and-third-party-bridges.md	118	callout-e4a2f76ad2ab2d40	6289c17b5a136db578ed67ae398649406f7144efcf857571a55cdb2362b770b0	unchanged identity and body	misleading-signal
part-14-bridges-between-stacks/references/01-mlx2coreai-and-third-party-bridges.md	192	callout-a502c77770152187	dd0600d81c5fa82bf1558a3f6594e8e3ec85f0912bac9533b3a26f44e9d7d50f	unchanged identity and body	version-drift
part-14-bridges-between-stacks/references/01-mlx2coreai-and-third-party-bridges.md	287	callout-96315a64fd15cef2	f7bdcf8584c627cca8c261819f127a65349061812da3243b831afe27e0e01ec0	unchanged identity and body	version-drift
part-14-bridges-between-stacks/references/01-mlx2coreai-and-third-party-bridges.md	402	callout-89c7b81689c4092b	f6fc6beacf6f9a03a2328ff1e4a34d3a72a4d3b5a0cbd3b774c0f6afef95fe49	unchanged identity and body	footgun-api
part-14-bridges-between-stacks/references/01-mlx2coreai-and-third-party-bridges.md	448	callout-6c2f9cbd2e0ad6be	76e46a839cbe197b20af8bbfda8e48ae8674c9b2e75f588476ed064136ebdbff	unchanged identity and body	data-loss
part-14-bridges-between-stacks/references/01-mlx2coreai-and-third-party-bridges.md	600	callout-665bae2daa3fdf58	9249789386f4c125a1284d5421ddef436935f0b7b6a6a384ed9ab757e72db6c7	unchanged identity and body	garbage-output
part-14-bridges-between-stacks/references/01-mlx2coreai-and-third-party-bridges.md	628	callout-659e2490fb1f8699	fb8a52178e50eeb57e8ca6448681f1c87ab807b35064df3797461a4caefd7f3e	unchanged identity and body	stale-state
part-14-bridges-between-stacks/references/01-mlx2coreai-and-third-party-bridges.md	635	callout-9bd5627074af134e	fa8e1ad5a9c020f0c5ed8296a15066026f1027222f1d37c5d28fac60da3cde88	unchanged identity and body	garbage-output
part-14-bridges-between-stacks/references/01-mlx2coreai-and-third-party-bridges.md	873	callout-df51719eeab9786e	2623bd346dd011d74f183d61c99e2d9326297c4c6e0e81e3a1cd28e47bd11b1a	unchanged identity and body	footgun-api
part-14-bridges-between-stacks/references/01-mlx2coreai-and-third-party-bridges.md	877	callout-bcffea6546bb6c2f	bb1796e4c642cfaf0f3db2a7eb3e34474f9afdac5e06e070a9e06a4fb7c1d046	unchanged identity and body	footgun-api
part-14-bridges-between-stacks/references/01-mlx2coreai-and-third-party-bridges.md	976	callout-148e7ce7b4b3dc76	32744ff9a1e302a985faee026fd995fcf97892b383b459776f26ae307f2a92fa	unchanged identity and body	caution-note
part-14-bridges-between-stacks/references/01-mlx2coreai-and-third-party-bridges.md	1061	callout-01a56e1d94fed212	8d541996d75a45039ec73c4948f6f823fc94b033b33addc911a1c458f231d284	unchanged identity and body	misleading-signal
part-14-bridges-between-stacks/references/01-mlx2coreai-and-third-party-bridges.md	1097	callout-abb214436c7e9d15	9ae125f115d4ac02c10f2a74db603d9d90ec4e592124d9cb2d9b6bd74d8b685f	unchanged identity and body	garbage-output
part-14-bridges-between-stacks/references/01-mlx2coreai-and-third-party-bridges.md	1243	callout-4a8e0c8377b87c83	015c0890dc81fbbd9e4a63472f480dbdd65c28479738bb4cf116af06f8abfe3b	unchanged identity and body	footgun-api
part-14-bridges-between-stacks/references/01-mlx2coreai-and-third-party-bridges.md	1383	callout-bafbc492391678f4	7ac4a98ca54563d93a0d3ee60400eb92eeb650ab67b200e43ca5145d109251ff	unchanged identity and body	footgun-api
part-14-bridges-between-stacks/references/01-mlx2coreai-and-third-party-bridges.md	1429	callout-fc262ba4759bcc61	211db52fe6c37ec5834ee6d538d9e1be131255104a0169ef54f9a40974eaec0f	unchanged identity and body	caution-note
part-14-bridges-between-stacks/references/01-mlx2coreai-and-third-party-bridges.md	1461	callout-5a0172ceb8a95dae	382932f837c58cdb4e3feab51388e64c1701c05b6ec9d06538c3143ead4d8cb2	unchanged identity and body	caution-note
part-14-bridges-between-stacks/references/01-mlx2coreai-and-third-party-bridges.md	1468	callout-dff8ca7eeeeec51f	8b4a9c77d131fe99992a008c4ab5b5d6da2264973cf2b5ba0098e90b69f07e7c	unchanged identity and body	misleading-signal
part-14-bridges-between-stacks/references/01-mlx2coreai-and-third-party-bridges.md	1549	callout-a51dfab8905364af	d95f04a72ee168514fdcf9aa6d58f9c1bfb8946efc924759309184264a6325ec	unchanged identity and body	misleading-signal
part-14-bridges-between-stacks/references/01-mlx2coreai-and-third-party-bridges.md	1742	callout-8b78ce1215af319b	2d0737ac9d4c8566b12ce5008a22bf007c6a865cec65ee8e7fd37d79a0ab79aa	unchanged identity and body	footgun-api
part-14-bridges-between-stacks/references/01-mlx2coreai-and-third-party-bridges.md	1771	callout-1860e2bf54631856	022b5219d43915e13ed8825734522cabbe5e94762bd3c66028abc70c44ed9a3e	unchanged identity and body	garbage-output
part-14-bridges-between-stacks/references/01-mlx2coreai-and-third-party-bridges.md	1820	callout-bf877b937aef9004	aec0ca92f9087fc6a1c3dc4516835a14ebc0d1fb4839754604c9ec111b2ab98c	unchanged identity and body	garbage-output
part-14-bridges-between-stacks/references/01-mlx2coreai-and-third-party-bridges.md	1854	callout-107866737a578b3d	5e95a35ff54941a83da4f6248fd5bb04ed75692fdd6b4164db2453c01e70cecb	unchanged identity and body	garbage-output
part-14-bridges-between-stacks/references/01-mlx2coreai-and-third-party-bridges.md	2159	callout-580288a324db66a6	78172c51a81576f82d1f58b73990e2bd7078db83f5807539d6470a44266c3773	unchanged identity and body	misleading-signal
part-14-bridges-between-stacks/references/01-mlx2coreai-and-third-party-bridges.md	2414	callout-cb9993ec3442d14f	f693d044adac774457e9d014d2527229865b8d3479d513e18a06685334c8dfb6	unchanged identity and body	footgun-api
part-14-bridges-between-stacks/references/01-mlx2coreai-and-third-party-bridges.md	2639	callout-a905b75a031fff91	bff6ffa461ee003cc0a546edd5d93d2029567a55a35d59b204a7b1077048c7dc	unchanged identity and body	footgun-api
part-14-bridges-between-stacks/references/01-mlx2coreai-and-third-party-bridges.md	2664	callout-b3548eb26e0dcbba	4e2642ee962301ef32c84850c708a2f1c325a3ddbe8fbc3a55532ecbc2a91db8	unchanged identity and body	misleading-signal
part-14-bridges-between-stacks/references/01-mlx2coreai-and-third-party-bridges.md	2858	callout-775b64be4860b5bd	fa9dabf85e3a7f10f1d693a5091f81eacd1e64ec163068d69d276268542e1c49	unchanged identity and body	perf-cliff
part-14-bridges-between-stacks/references/01-mlx2coreai-and-third-party-bridges.md	2930	callout-1938a99ec7bfec89	c88e99a1628bf4f96aef89e490df10702827e04f1eb26f7a2595f3e891eb8dce	unchanged identity and body	caution-note
part-14-bridges-between-stacks/references/01-mlx2coreai-and-third-party-bridges.md	3071	callout-4a063e6549e3db40	54847bf6ad5ad0badb7432b54441e72471fd4afd87759c2eeb97c1cd6dfc2ba7	unchanged identity and body	caution-note
part-14-bridges-between-stacks/references/01-mlx2coreai-and-third-party-bridges.md	3130	callout-dac17ff602deaa14	bde496a57fc505edb0cdfe1c849eddb032500f14d809fb081cf95e4bb9c7ccf5	unchanged identity and body	caution-note
part-14-bridges-between-stacks/references/01-mlx2coreai-and-third-party-bridges.md	3160	callout-5f8c31a119f15b7b	854871712ffb84bb329ad4cb7ae423ff056598cdf66942e83cde95596994deb1	unchanged identity and body	caution-note
part-14-bridges-between-stacks/references/01-mlx2coreai-and-third-party-bridges.md	3167	callout-afd1b41a1ec44476	b30fc8e8c955ac50450cf8780511b25f8e5d5877a79390d4965ae799b7a6ce4a	unchanged identity and body	perf-cliff
part-14-bridges-between-stacks/references/01-mlx2coreai-and-third-party-bridges.md	3171	callout-660a4e9cab95572d	329ee26af2c7a885f15fbcf7c60b945df3e154e8ea60748705e86e48baefeec1	unchanged identity and body	perf-cliff
part-14-bridges-between-stacks/references/01-mlx2coreai-and-third-party-bridges.md	3178	callout-d1fdff5557df298a	349ee59e407afbf0874ebb39dd7037bec24f9e3cac8713337fadf3e119a0e97b	unchanged identity and body	garbage-output
part-14-bridges-between-stacks/references/01-mlx2coreai-and-third-party-bridges.md	3348	callout-bf4d78a039a09995	a5f31c1bb9537f01dff18be2b97ce8852515acef9707f5aab8e293aa8da82efc	unchanged identity and body	runtime-unavailable
part-14-bridges-between-stacks/references/01-mlx2coreai-and-third-party-bridges.md	3404	callout-beae186d48b18175	65619c04ee33029ea20b9e084aff1468c6eacf51413f39bf52316d5a93b9ecac	unchanged identity and body	misleading-signal
part-14-bridges-between-stacks/references/01-mlx2coreai-and-third-party-bridges.md	3532	callout-2e648929e728b3f3	99c35939ffcadae6f791912fff345e9b68cc6f47d8ae3309b9676861249369a4	unchanged identity and body	caution-note
part-15-shipping-and-operating/README.md	23	callout-5ce9d96452a4d6b3	db933d4a898b1fd4fe6b637f6ca777ddb89ed6ef64ccea87b08a0181e4b5eb74	unchanged identity and body	caution-note
part-15-shipping-and-operating/README.md	101	callout-51675dff4be7e693	21f4c21ccffb4f35bc2a4da1b1ebc96799e9db6098d03a8dd6ce1f449b9a32b0	unchanged identity and body	runtime-unavailable
part-15-shipping-and-operating/README.md	148	callout-d16b707c7acde1d1	729cc87ce714b05648c73b1875c7e1957e793f420c0f4ee9d357c65fc4d4cf66	unchanged identity and body	resource-growth
part-15-shipping-and-operating/references/01-model-distribution-and-updates.md	17	callout-f5e85731ce717338	ec761caf3be92de071b005bb62b27a7d509afd0e074497c6c710a86e079ae4cb	unchanged identity and body	docs-vs-reality
part-15-shipping-and-operating/references/01-model-distribution-and-updates.md	25	callout-74dd4e2c39d3ced0	e2f89764a19c0be5e0c890bb3cb65e58189c2698a5519200a430cbcb3671fb09	unchanged identity and body	runtime-unavailable
part-15-shipping-and-operating/references/01-model-distribution-and-updates.md	73	callout-4334c70198ae86c7	b0d6ca6dc2807692c8bd481b994e09afb0dffef9ae0c469a327077b068a61c79	unchanged identity and body	runtime-unavailable
part-15-shipping-and-operating/references/01-model-distribution-and-updates.md	79	callout-5672254a722f0553	617c29ab54df7f1dfd6056975e58e8a090944d40920a7dddc4984aab22f7e7d6	unchanged identity and body	data-loss
part-15-shipping-and-operating/references/01-model-distribution-and-updates.md	82	callout-5e2d168a771537fd	92e2e29a1e594e08020aa04f311f236423805665e19e8e2e9cf9065494b2c559	unchanged identity and body	resource-growth
part-15-shipping-and-operating/references/01-model-distribution-and-updates.md	795	callout-4caa7ac78877719a	65e07ebdabf12a1814494dba0a45ffa5ce3b4a83255ce5b1980bad38d142f778	unchanged identity and body	caution-note
part-15-shipping-and-operating/references/01-model-distribution-and-updates.md	1293	callout-66d942e9c979c3eb	af459cdeb709a581f46a3e64b3904762230054cf988bfa6080fd15525614f767	unchanged identity and body	footgun-api
part-15-shipping-and-operating/references/01-model-distribution-and-updates.md	1531	callout-e8a03d43caf1382e	f4feb6262b8e6530e5960e144eb0dd5208a5dd1ee9bf414504eee1f028ca669d	unchanged identity and body	runtime-unavailable
part-15-shipping-and-operating/references/01-model-distribution-and-updates.md	1535	callout-366994ddbac671db	321ddd979dfce8abd1bb4e4bf39054b18ce1e5b5edb0bcfffeb2ad9869ada937	unchanged identity and body	runtime-unavailable
part-15-shipping-and-operating/references/01-model-distribution-and-updates.md	1628	callout-b558c3d7d0272bb5	2e004043be8efd8eca0e0ce6e7d43c4c392a0e060783ef267dbeeff3e74e4e0f	unchanged identity and body	perf-cliff
part-15-shipping-and-operating/references/01-model-distribution-and-updates.md	1878	callout-335a9a9bd2464ee1	29614f608a26c5143ccabb0f656b03f644b9bfc0c670982d6ab27d4a1e5a424a	unchanged identity and body	resource-growth
part-15-shipping-and-operating/references/01-model-distribution-and-updates.md	1997	callout-15a9d3a5f58f6fa1	9cd02d47967dda302b41f06120d38d9c1a8248772dd242d2a8057a281a594396	unchanged identity and body	misleading-signal
part-15-shipping-and-operating/references/01-model-distribution-and-updates.md	2029	callout-9169fff25ede1543	070bd8eecda9950f35d754215fa5142d71c998836bbdb290b5a4eb2f0a4147c5	unchanged identity and body	misleading-signal
part-15-shipping-and-operating/references/01-model-distribution-and-updates.md	2383	callout-6c0ca176e55c8f50	34840b78f55638cf8196f918db5319c4a62a3d524f7d3dd4cfdba62214b45c35	unchanged identity and body	docs-vs-reality
part-15-shipping-and-operating/references/01-model-distribution-and-updates.md	2385	callout-951b99648382270d	381bb2952672f9efa4de9668d15cbd225402a878586bbfe3f40c1155fb7a860f	unchanged identity and body	docs-vs-reality
part-15-shipping-and-operating/references/01-model-distribution-and-updates.md	2456	callout-257b1dfbe6a564a9	26f40e45a7a45e78d6283a5742e8209933a92c13d9393342c17a0a46e8f79661	unchanged identity and body	data-loss
part-15-shipping-and-operating/references/01-model-distribution-and-updates.md	2520	callout-e5ac4196219a7b3f	db1011caed4c0e5dcb746a9fcf0415815a8274af3b18e68cab2c1f3fc56b0cc1	unchanged identity and body	data-loss
part-15-shipping-and-operating/references/01-model-distribution-and-updates.md	2699	callout-20271f02d963d671	7623028810add2df64098a88b4723d1ad8cf92044ff1ee0fb3ee44fca7d3095f	unchanged identity and body	data-loss
part-15-shipping-and-operating/references/01-model-distribution-and-updates.md	2772	callout-681eece6440c44dc	3e19273ea3b7e057a371f6905f8d16451c59db6145e2427335e9fbb30cd6f252	unchanged identity and body	docs-vs-reality
part-15-shipping-and-operating/references/01-model-distribution-and-updates.md	2778	callout-ec5b706b16b23446	66ef2cdd6c0222c51324a5c2a06e3f5728f13a262e653caa073f6f658e53ad58	unchanged identity and body	resource-growth
part-15-shipping-and-operating/references/01-model-distribution-and-updates.md	2782	callout-7a702d5aa7df5c4a	aad9852e26b50c4499cd5439c823938ea0c62a4bd9e014eacbcf685d0bf9f296	unchanged identity and body	resource-growth
part-15-shipping-and-operating/references/01-model-distribution-and-updates.md	2945	callout-a02de48091c783e6	da4e029521b36a523c3e977e9cb4dc4013084e7313c8ac602db5743499be991a	unchanged identity and body	perf-cliff
part-15-shipping-and-operating/references/01-model-distribution-and-updates.md	2983	callout-392dbbd4bfcebcfe	7f439dc0f491392f08e43c33cb2f28bc75f642f842b983dedf6a038fe0d3a148	unchanged identity and body	footgun-api
part-15-shipping-and-operating/references/01-model-distribution-and-updates.md	3166	callout-bf54f758c674b8e2	90890a3cea52b2806deb7436f83e49fda0a06d27aafa21ca1769c4397327e3ce	unchanged identity and body	footgun-api
part-15-shipping-and-operating/references/01-model-distribution-and-updates.md	3200	callout-4b32659a28a0444f	3efd47c824560a0ed4ddb2175f41a4cb0b3702fc77e2bb224d6751c0a68c579c	unchanged identity and body	runtime-unavailable
part-15-shipping-and-operating/references/01-model-distribution-and-updates.md	3297	callout-194dc2d04c207867	37d4e3b315e5718db5b58f31e83dea2976b323ad166b4f71b56d13226f965d09	unchanged identity and body	resource-growth
part-15-shipping-and-operating/references/01-model-distribution-and-updates.md	3371	callout-8b0a767226b72e87	55cda1739d840d41b11352f6c1d128515249f4f73787a9c55e5374ae3dc3d4c9	unchanged identity and body	data-loss
part-15-shipping-and-operating/references/01-model-distribution-and-updates.md	3411	callout-2eb85604cb659fdf	5dde786f95bf20e23a6814d2bef83e705dacf0c4fe1b2ffa7796fa7909cf9881	unchanged identity and body	resource-growth
part-15-shipping-and-operating/references/01-model-distribution-and-updates.md	3554	callout-a4cc432350f8bd9e	3076dff942408c2d5b7d68f60a4fec012289e11e5204422938467f2d74e5e9e9	unchanged identity and body	misleading-signal
part-15-shipping-and-operating/references/01-model-distribution-and-updates.md	3668	callout-bcf296fd27410c0d	fcb851677cedf8d68bcc34504574b6f68b36b658e58f34fefef1cf4b306b286c	unchanged identity and body	caution-note
part-15-shipping-and-operating/references/01-model-distribution-and-updates.md	3714	callout-770b543e183412cb	bace1f096d7c68a47de7d92cf9eecdaedafb3b51ffce5b600de283308d4055b1	unchanged identity and body	misleading-signal
part-15-shipping-and-operating/references/01-model-distribution-and-updates.md	3745	callout-5ee0c8c3225cdd30	4d41f60843b584d72eb8ce2bbf9756ed803f13b76e6705a4b25475713e448d56	unchanged identity and body	runtime-unavailable
part-15-shipping-and-operating/references/01-model-distribution-and-updates.md	3753	callout-7a4537740082fcc3	7bf1c4ce661381f0755742b2ca61b37aed5cf1a67ed561253514e923f20489fe	unchanged identity and body	runtime-unavailable
part-15-shipping-and-operating/references/02-memory-thermals-and-honest-benchmarking.md	100	callout-a60961c7680728a1	81223096bb33d73bebe1a6e5de9e6fa9b0383abb621f9a52c4a57c2591caa7eb	unchanged identity and body	resource-growth
part-15-shipping-and-operating/references/02-memory-thermals-and-honest-benchmarking.md	157	callout-3b4b90f16baf4ca2	a61a7338afcaab2658aa40bb717c49f7b469ad61565bc2f2e57657e6be0da50e	unchanged identity and body	resource-growth
part-15-shipping-and-operating/references/02-memory-thermals-and-honest-benchmarking.md	373	callout-834419de7e33a5e3	5871e6092062bcb048a13a644ab1ee984bd8330966b6c450dc2c9ba13626eca0	unchanged identity and body	runtime-unavailable
part-15-shipping-and-operating/references/02-memory-thermals-and-honest-benchmarking.md	531	callout-0196ccc1d08e00fc	0f285b89b8d83a064636160d461a2bbea35f463042a9b23a317a9de3cea08d8a	unchanged identity and body	resource-growth
part-15-shipping-and-operating/references/02-memory-thermals-and-honest-benchmarking.md	824	callout-0a3f1515b33bec46	a4e66eff4852b06222cc68d1781efdbaaf98aa7cb71bd3d97b941c227f9ded02	unchanged identity and body	resource-growth
part-15-shipping-and-operating/references/02-memory-thermals-and-honest-benchmarking.md	866	callout-a920ea1fe2c5b28d	a01e3be902400489b5c9675ddf30c415b936940a6cbd44a8a712947b25a801ac	unchanged identity and body	resource-growth
part-15-shipping-and-operating/references/02-memory-thermals-and-honest-benchmarking.md	1202	callout-4303abd84b6e339f	a6502dfe328d36a9f42d898709f67788d020fbaf1e6134d20f7ae85b913e5bf6	unchanged identity and body	version-drift
part-15-shipping-and-operating/references/02-memory-thermals-and-honest-benchmarking.md	1498	callout-282a274713051d82	e1b0ae281fce548ae0601d707cb68eed89bbab75eef307305c4712fae9e03732	unchanged identity and body	resource-growth
part-15-shipping-and-operating/references/02-memory-thermals-and-honest-benchmarking.md	1566	callout-8cf734c10a097514	c8c0b1da24084cff447b2d7b6a84265b01b51e822751d5722722be398ff29e9d	unchanged identity and body	misleading-signal
part-15-shipping-and-operating/references/02-memory-thermals-and-honest-benchmarking.md	1825	callout-9d5e1afd7b301a5f	752122f1bb401912c6e390f9192f63a8873454b9f86bde392b4fa2b66dcc444b	unchanged identity and body	caution-note
part-15-shipping-and-operating/references/02-memory-thermals-and-honest-benchmarking.md	1847	callout-3703e750074e6541	2fe4abed16137492c9e581393d3c5dd1ab04b116f551e8ee2331d61093ccb296	unchanged identity and body	caution-note
part-15-shipping-and-operating/references/02-memory-thermals-and-honest-benchmarking.md	2142	callout-a2b2f1dcd27c6310	09798c7e3b8fd84d4916c28cbb83cab92ca83bbf6a4c454b96fcf004ae9f9b4a	unchanged identity and body	perf-cliff
part-15-shipping-and-operating/references/02-memory-thermals-and-honest-benchmarking.md	2258	callout-d54698769769709f	70fd19cb9e3b064100b279cb9568449e11dcf91c1a68bbd07114547f2bbdcae4	unchanged identity and body	misleading-signal
part-15-shipping-and-operating/references/02-memory-thermals-and-honest-benchmarking.md	2262	callout-731cc6b534e550dd	32c2eb21aa401380b097999a3b063bcbfe8d26f7631d3dc0c79bfa5b6d18e035	unchanged identity and body	misleading-signal
part-16-adjacent-capabilities/README.md	21	callout-b4f30270e36122ca	8675ad176501c3675e5fce720e1b961037d907246292c2cce97594c0ccc6dbb6	unchanged identity and body	caution-note
part-16-adjacent-capabilities/README.md	103	callout-b69777f3899b1373	fd6367989460ec5caf1294e7537e3829a085c02c43a02e712d24f29e7f629e01	unchanged identity and body	silent-truncation
part-16-adjacent-capabilities/README.md	132	callout-fc8dfa04a7118801	384e6db5699c97242882ff5c17c10c3d27a26c14c24f6161ce329946596f333c	unchanged identity and body	footgun-api
part-16-adjacent-capabilities/README.md	154	callout-5f87c5e90b254cc3	58e220236a39196f3e16839103a1c580d66f39ef4e5fb59aa8033940f416b718	unchanged identity and body	empty-output
part-16-adjacent-capabilities/README.md	178	callout-7738078220a591da	b8c0aceced15a0a64526fd5756571002177bf4704978535c3294432b9f2ccfaf	unchanged identity and body	garbage-output
part-16-adjacent-capabilities/README.md	207	callout-58811809af581356	bb0d830e65dcdf98cea87b94da508994103e153cb17b2996bc756e767314d6d2	unchanged identity and body	docs-vs-reality
part-16-adjacent-capabilities/references/01-speech-analyzer-end-to-end.md	16	callout-0e84dfa53229280f	e09e08d9227e4a9e5ded8b807dc75310cb472e75d13eff7d8f3f849ff66519e2	unchanged identity and body	caution-note
part-16-adjacent-capabilities/references/01-speech-analyzer-end-to-end.md	84	callout-f707207fadd282da	bbb8d2410cd15459b19dcd931372334474d219bfb2a6cdd3554053d0e3d098e2	unchanged identity and body	silent-truncation
part-16-adjacent-capabilities/references/01-speech-analyzer-end-to-end.md	145	callout-aa31dca278532aa6	b9729d1cb7b966565ccd997232c1088118c386f176893dde05cbc532fa92547c	unchanged identity and body	silent-truncation
part-16-adjacent-capabilities/references/01-speech-analyzer-end-to-end.md	205	callout-4d97d4d14b2f2ce2	fd6af0d1a4418d598b4e80a19d07abf467c10958434fdb47d1106f50c11de095	unchanged identity and body	docs-vs-reality
part-16-adjacent-capabilities/references/01-speech-analyzer-end-to-end.md	251	callout-d21d583437f9cadc	1a60bcf129a8b48ea92e0027c44875809fd4956f96fe67d1b13b84eb8963fe42	unchanged identity and body	docs-vs-reality
part-16-adjacent-capabilities/references/01-speech-analyzer-end-to-end.md	513	callout-373c46f29d97a1fe	9c4d79d7505ff857e652b0536c04d3f560d3b89a054f4c9d3f642aec01a35062	unchanged identity and body	footgun-api
part-16-adjacent-capabilities/references/01-speech-analyzer-end-to-end.md	768	callout-5cf5f077d363a954	9a7f46444bbbb47c41366849f6f2d08d8b0e0bcc7fa62d9375466ff78d547c0c	unchanged identity and body	caution-note
part-16-adjacent-capabilities/references/01-speech-analyzer-end-to-end.md	919	callout-aa4b8dd011da9019	2d12d0998152984cc5b3e1ec2b4e640fd2f789b25f73c587752b6dc3326477f7	unchanged identity and body	docs-vs-reality
part-16-adjacent-capabilities/references/01-speech-analyzer-end-to-end.md	1051	callout-5830d0a7fd0dc290	4bce761d5b61396a1a97cd4ed8405f04124179f2e3c2a32d7d0f59c9e27e3d5d	unchanged identity and body	empty-output
part-16-adjacent-capabilities/references/01-speech-analyzer-end-to-end.md	1184	callout-d3857f08725ef644	f1ad68478988d3217d3f1890f206081adecde6b32a8b9d44ffbda63ae676714c	unchanged identity and body	footgun-api
part-16-adjacent-capabilities/references/01-speech-analyzer-end-to-end.md	1231	callout-73e4b3e7c6f360a3	1c847665a34add6cd451283f5153bcb30cac535e1bd13ef90730bfdc92f8a732	unchanged identity and body	caution-note
part-16-adjacent-capabilities/references/01-speech-analyzer-end-to-end.md	1336	callout-0e810912f1b3282a	42d4721a69c2f97b19e4eacac8cc86c55f3671c42e1ecc4a34aaac8562f17ab6	unchanged identity and body	empty-output
part-16-adjacent-capabilities/references/01-speech-analyzer-end-to-end.md	1647	callout-f582fff50fc27bc7	abeb37af1dbcaefc8b55f3d48fc9238698c4763550dcf9b7b974c3d339caddcb	unchanged identity and body	silent-truncation
part-16-adjacent-capabilities/references/01-speech-analyzer-end-to-end.md	1856	callout-9c74372ef59bd49c	1373fb4e4b29fa20f302623c93b086884113a0803d133968e98c0056af832a17	unchanged identity and body	empty-output
part-16-adjacent-capabilities/references/01-speech-analyzer-end-to-end.md	1903	callout-a605a8ad56b7c98a	b3d7c8775e9f12139af9da4af5844cc6d0fb5fbe05b5ee19c4699f093932ca14	unchanged identity and body	runtime-unavailable
part-16-adjacent-capabilities/references/01-speech-analyzer-end-to-end.md	1905	callout-4b34a48b59cc7bd4	fac955531e9175a13947f3d1c3d3c18788721a6fb27881356ee996020a120914	unchanged identity and body	runtime-unavailable
part-16-adjacent-capabilities/references/01-speech-analyzer-end-to-end.md	1906	callout-f3ba303c122e9ece	5f876d9cc46dfde2f51b0b3714012f417bde610cab95036ea0fde4c4d5a27069	unchanged identity and body	runtime-unavailable
part-16-adjacent-capabilities/references/01-speech-analyzer-end-to-end.md	1943	callout-9e6dc7656151112f	d462622cce971f52d4c050b5caab8e7cc6bf43e58bf8876ce75879f797aa2300	unchanged identity and body	version-drift
part-16-adjacent-capabilities/references/01-speech-analyzer-end-to-end.md	2221	callout-56c6b95584cb4eed	37f4f949c24ee1bf2ae384ba56e9ab270fe843ddf6c6b6d3f6211758a5b37627	unchanged identity and body	empty-output
part-16-adjacent-capabilities/references/01-speech-analyzer-end-to-end.md	2260	callout-c9ba46cfe0cb3814	49b456eed812530a749aad09e35ec8ccdb1f99d17cfeef3add90c4f67807e574	unchanged identity and body	docs-vs-reality
part-16-adjacent-capabilities/references/01-speech-analyzer-end-to-end.md	2485	callout-5071187d16686861	e7aa3c9d1eb158f3174a9a79633dccb2f51e1fbb865dfcb13e52e9735d16ae22	unchanged identity and body	silent-truncation
part-16-adjacent-capabilities/references/01-speech-analyzer-end-to-end.md	2626	callout-6acbfc5cbc457cb6	45fff981a4f65b6207b6680f4d7dced3b94a9314d9e5e6553e8b87319b3bbe03	unchanged identity and body	footgun-api
part-16-adjacent-capabilities/references/01-speech-analyzer-end-to-end.md	2727	callout-ff7b7de7e5cba808	75e912a02a048abe10e516a16146ae92c5b0b4b81c21c8101a302875f4049574	unchanged identity and body	caution-note
part-16-adjacent-capabilities/references/01-speech-analyzer-end-to-end.md	2915	callout-083b1552554659c3	a0a03f62607de0a51bad720bcb6b36e68a7df1822f5c8a83b3be649ad5970928	unchanged identity and body	footgun-api
part-16-adjacent-capabilities/references/01-speech-analyzer-end-to-end.md	2990	callout-ab2ead46dfd6ca0d	3ed13654f1273b953e7b0fb358957af205831d874cb627cebe950eb12fb99904	unchanged identity and body	silent-truncation
part-16-adjacent-capabilities/references/01-speech-analyzer-end-to-end.md	3170	callout-551794cb92e8bf40	0990ecc675feda8b79d7208da2bb18bf62fca9b3a5b4babcb49730db97629f41	unchanged identity and body	caution-note
part-16-adjacent-capabilities/references/01-speech-analyzer-end-to-end.md	3227	callout-6e012fb4cabe66bf	ef237efb0d7588dc2d7532ea9cbf60b33baecbd8df2de3c34e681b34ae56592b	unchanged identity and body	caution-note
part-16-adjacent-capabilities/references/01-speech-analyzer-end-to-end.md	3352	callout-557db7e791ad5762	e9ff30f9a801beac4d4888ab353300bcead406d93936d3365bf247ff56ad3eee	unchanged identity and body	ignored-input
part-16-adjacent-capabilities/references/01-speech-analyzer-end-to-end.md	3537	callout-28cd6d6088633526	ff470727684d11a87a0f0bb2daa4b576d7e08afa528030cac01c991bd9cfabd8	unchanged identity and body	version-drift
part-16-adjacent-capabilities/references/01-speech-analyzer-end-to-end.md	3580	callout-abf88d2a6007a46d	112ebaf16130ce22f7b87e0f608d3038287e5ba47948df2e4d56e26e61383568	unchanged identity and body	ignored-input
part-16-adjacent-capabilities/references/01-speech-analyzer-end-to-end.md	3664	callout-e9e6a190bdc935e6	82c56c204d390e0e85c941edc11b530c73b3e846206b6b2728b920b3ffd4966b	unchanged identity and body	footgun-api
part-16-adjacent-capabilities/references/01-speech-analyzer-end-to-end.md	3666	callout-3df9a583e48ba3e7	8f7f5810342388ce4197a20bd141189c4383278e2f7e90a3985e327663eb3989	unchanged identity and body	footgun-api
part-16-adjacent-capabilities/references/01-speech-analyzer-end-to-end.md	3701	callout-93cc7cd5e7ef2b78	e608e3701e7abfdd6c5f3fef4ba5c872e1ae3bc5840fc12aac2152ff99b27b05	unchanged identity and body	caution-note
part-16-adjacent-capabilities/references/01-speech-analyzer-end-to-end.md	3731	callout-6c1afcaebd8a731e	d5a93d4b8a42209520108493b7bf7e925dc0ca94684519cfbad9702279de0e99	unchanged identity and body	footgun-api
part-16-adjacent-capabilities/references/01-speech-analyzer-end-to-end.md	3755	callout-d59713d46dec1390	eede848bbdab145c64b2e9ab11cccea733c3dbc56cce46ebe3f0ef75a6509309	unchanged identity and body	runtime-unavailable
part-16-adjacent-capabilities/references/01-speech-analyzer-end-to-end.md	3758	callout-6830dcc12a35684b	63d0b64d7c62c57cafbbe52862f51774a09c0aea3541526084fb506393ac8c3e	unchanged identity and body	runtime-unavailable
part-16-adjacent-capabilities/references/01-speech-analyzer-end-to-end.md	3886	callout-3ec9385ac8f9a9e5	9d7d82faf67615427026b64b0c4498460ef65512bca5e70984ecfde86a998e29	unchanged identity and body	caution-note
part-16-adjacent-capabilities/references/01-speech-analyzer-end-to-end.md	3937	callout-9608c47c8d13f6b7	3b7f33911759ae4c744de73138d568b8ac58f0c2778c53fe3a71a56d394ca8b0	unchanged identity and body	caution-note
part-16-adjacent-capabilities/references/01-speech-analyzer-end-to-end.md	4091	callout-dd1cb16cd43ff5a7	b986a4ebbe676d69e3372ea616743a0d19a84f9c203576e9ac92d05cea74ca56	unchanged identity and body	caution-note
part-16-adjacent-capabilities/references/01-speech-analyzer-end-to-end.md	4139	callout-7b6f3d2a38ad579c	f578a160822cba9a4277135999acfd0335e15921d3e1ad0baa22cde4340aaf84	unchanged identity and body	caution-note
part-16-adjacent-capabilities/references/02-app-schema-domains.md	29	callout-69e4e491074972e3	e3b02a15aa01890eea7284b539dd716bd1b9c70c9ba04b15d6502d940798aef4	unchanged identity and body	docs-vs-reality
part-16-adjacent-capabilities/references/02-app-schema-domains.md	113	callout-10375defda4b1d86	7bd71fcdeac8c4988f25e200c7ad1f262e2e6ad87460ebff062d5a590d42fa5e	unchanged identity and body	caution-note
part-16-adjacent-capabilities/references/02-app-schema-domains.md	329	callout-ed04a99724b22615	809752bf02c2fa1efb6a189f3b5dc6cabaef126c73d2196ab9b811a65fc504db	unchanged identity and body	docs-vs-reality
part-16-adjacent-capabilities/references/02-app-schema-domains.md	393	callout-cdbd5e57a4e1ab6d	a1ad9dc58610933a9d9d6472e6e2bc8623f422d0abfeb672a0a52c791cb1717a	unchanged identity and body	docs-vs-reality
part-16-adjacent-capabilities/references/02-app-schema-domains.md	462	callout-95883f33d660971e	6bbd29cb14fccac8264457ae18fe24ccf5b8ae270222c6c1e00a7b5ab5ed5103	unchanged identity and body	footgun-api
part-16-adjacent-capabilities/references/02-app-schema-domains.md	604	callout-561d5054a2a2a323	d15cd69f1dd6652c8a40c1831beea2a4595ca39625858f7f329e4694045b4d95	unchanged identity and body	caution-note
part-16-adjacent-capabilities/references/02-app-schema-domains.md	1106	callout-108c1505cb1d4f7b	6f770f270351a378c6f8af55a001c2ec8c5f076ce7205d10dde239a4a6692fde	unchanged identity and body	footgun-api
part-16-adjacent-capabilities/references/02-app-schema-domains.md	1185	callout-1ac05b9117747e5d	9c15ed5da74a43b7a35beb9452fb8ff46242f5a14574c6e61c29162eeeec53be	unchanged identity and body	runtime-unavailable
part-16-adjacent-capabilities/references/02-app-schema-domains.md	1292	callout-4c83a643c1059837	bc470d338a68e95a27bcfb39a6dac736548b1c0a8443bb53406c549a7015b412	unchanged identity and body	docs-vs-reality
part-16-adjacent-capabilities/references/02-app-schema-domains.md	1606	callout-5ddd7105a8596454	123ae0605d6d4343565b777ff311ad6da27a15a8cff3c7438993be6207b8a8d1	unchanged identity and body	version-drift
part-16-adjacent-capabilities/references/02-app-schema-domains.md	2057	callout-1a688a5a98930b97	0c62f0b77a786757ef2929204571368bdbea259ce9f6d22fa0f327a7c657b38f	unchanged identity and body	footgun-api
part-16-adjacent-capabilities/references/02-app-schema-domains.md	2086	callout-10e9cf3afc55082e	4dd2bf5eea0197cc42dac5d869da55a3ae1099b518cb616d48db600b4f9f3412	unchanged identity and body	docs-vs-reality
part-16-adjacent-capabilities/references/02-app-schema-domains.md	2136	callout-23b726b421ab8ecd	4308c13fa805bd17ec3fad76e7172584d742ffe91f8099501bbaf678abe03df9	unchanged identity and body	footgun-api
part-16-adjacent-capabilities/references/02-app-schema-domains.md	2294	callout-66e7b4c6eae6c826	6f70b27b3383fa468079830cf2fb11fb614c8e72c0c3d69f777e4b687dd20e50	unchanged identity and body	docs-vs-reality
part-16-adjacent-capabilities/references/02-app-schema-domains.md	2414	callout-10ab9de0f9c31cc9	f431a242cbce6ec8f654fe25651d546f3c4fcdbcde496efa03ae2084f90a7834	unchanged identity and body	caution-note
part-16-adjacent-capabilities/references/02-app-schema-domains.md	2540	callout-fbd55ab7eecf40e8	3edced42271f8531331a2af91ceb29f9fcd083ac21f7d84ef2c21d23570ddba7	unchanged identity and body	caution-note
part-16-adjacent-capabilities/references/02-app-schema-domains.md	2672	callout-57e1450a054a0412	11704d0bad3bbaa5e6a6e2e3c0876cafa577835aff9fb9ae968d6789d1ce9ac8	unchanged identity and body	runtime-unavailable
part-16-adjacent-capabilities/references/02-app-schema-domains.md	2743	callout-8336dbd2b67bf69e	8bb6645b040ec6a365ffb8a48ffccd8ed92b863c387201b2478437f9bc8b2c05	unchanged identity and body	docs-vs-reality
part-16-adjacent-capabilities/references/02-app-schema-domains.md	2746	callout-2e3ed04ee656566d	eb206eee22ab946034c5db8fcac23a1ebbc580dd70139fa778c5684a6925f244	unchanged identity and body	stale-state
part-16-adjacent-capabilities/references/02-app-schema-domains.md	2780	callout-59045dcc85af896b	a73ec03ac3fc8ccf5090708c583c1c21a8b9eef99c285f671bb9730a62394799	unchanged identity and body	perf-cliff
part-16-adjacent-capabilities/references/02-app-schema-domains.md	3036	callout-38aeb2ea4d0ce345	070aecc0c8544da4e508a294bd259c77cee7987d888fa4e23cfa7a5a4d1d9468	unchanged identity and body	footgun-api
part-16-adjacent-capabilities/references/02-app-schema-domains.md	3177	callout-cca757608e880190	1f7932b3570db63c256b01825121a8bc88c2a1718c08e55b6e9fa752c23e0546	unchanged identity and body	footgun-api
part-16-adjacent-capabilities/references/02-app-schema-domains.md	3291	callout-112b34e53cfaf4e8	df2b4adfa59729ec74dcd37760932ec446bdd906aeb081079d521e781f9a1af0	unchanged identity and body	ignored-input
part-16-adjacent-capabilities/references/02-app-schema-domains.md	3305	callout-562d5ab646e9d1d3	bad465dbf30931184fdba286658152de78ccd3cf98ffa1bba8d42f88b795d584	unchanged identity and body	footgun-api
part-16-adjacent-capabilities/references/02-app-schema-domains.md	3357	callout-0b0a0b422c977289	780a95ad4f97f7b25bf169e82aadb3bc0203ce061b222d82314747bf0773fb8b	unchanged identity and body	footgun-api
part-16-adjacent-capabilities/references/02-app-schema-domains.md	3378	callout-6c7bc314c002e3fd	2a9d51d702fd4cb2355ba9558e3fa2cda4e9e2975cbb8ef1fb3a0a6ac24b7d8e	unchanged identity and body	footgun-api
part-16-adjacent-capabilities/references/02-app-schema-domains.md	3389	callout-2dc8e6f0de296d26	d7daaba9a3cffac24a3d68c428bd8493c4c983174063a92469c418104cb86859	unchanged identity and body	footgun-api
part-16-adjacent-capabilities/references/02-app-schema-domains.md	3399	callout-7906dde510cbb17c	01faa797c285dde50fca9cb827843775c9cb1321ba45bb7b1dca6a40606358fb	unchanged identity and body	stale-state
part-16-adjacent-capabilities/references/02-app-schema-domains.md	3405	callout-679327adff79d304	00acfe84692162497822401ebac63ecd5b16e2b166fc92f56c88407eebfd7fd2	unchanged identity and body	misleading-signal
part-16-adjacent-capabilities/references/02-app-schema-domains.md	3481	callout-fe7d50ac09fbf07c	3fe10ac566defb52933160d6fa7cbfd712371a312c2a129f4bdbb2e23f0b6b80	unchanged identity and body	empty-output
part-16-adjacent-capabilities/references/02-app-schema-domains.md	3609	callout-a27f10802d52e9c0	916223c124604e826d749d265b6d49d038a73b216dafc2ed71cf1c37190a3009	unchanged identity and body	caution-note
part-16-adjacent-capabilities/references/03-onscreen-awareness.md	18	callout-cec13b4afabe6448	8583e3e712b903202544d9412e20fcd4dca68b66e19e31636dd5fa53c730456d	unchanged identity and body	docs-vs-reality
part-16-adjacent-capabilities/references/03-onscreen-awareness.md	69	callout-6951212e59dcece8	44c5ecbf116a0d9bbf800569b83f54d538f29acd9fe9e40843c4faf8018b6190	unchanged identity and body	perf-cliff
part-16-adjacent-capabilities/references/03-onscreen-awareness.md	127	callout-b7946e99480c69a7	7bd71fcdeac8c4988f25e200c7ad1f262e2e6ad87460ebff062d5a590d42fa5e	unchanged identity and body	caution-note
part-16-adjacent-capabilities/references/03-onscreen-awareness.md	165	callout-6c7f315915ff16a2	5513f2479078f6035765e89ec6581bb2790a1452adb2279193970ad3b15bd840	unchanged identity and body	caution-note
part-16-adjacent-capabilities/references/03-onscreen-awareness.md	452	callout-2f0e7171eee096be	1bfa3c8f06e11f947f69b9055aa4f529f184205d5a275d93751fd48ee3381969	unchanged identity and body	footgun-api
part-16-adjacent-capabilities/references/03-onscreen-awareness.md	587	callout-211355e05bea4858	7cce5ba19e794026c398dda8007afb78cafb0522c0b611ccf6b7b79fe8e3ad13	unchanged identity and body	empty-output
part-16-adjacent-capabilities/references/03-onscreen-awareness.md	679	callout-a41bbf682c93dd43	c20b30aa59a5ddc1c5dd6b25a65d0ffdbabbb64bc630912a641c0599944abb16	unchanged identity and body	docs-vs-reality
part-16-adjacent-capabilities/references/03-onscreen-awareness.md	940	callout-058ab8217bbb30e9	2419e3dfc73cd493379bd603f8938255ba8a58d498c31107216d1de4ee45008d	unchanged identity and body	perf-cliff
part-16-adjacent-capabilities/references/03-onscreen-awareness.md	945	callout-c8917d3dbfab65d1	080cb2ac21560fcb6ec0a16acc638913884840b26a9c71c041b0b292caf3014b	unchanged identity and body	perf-cliff
part-16-adjacent-capabilities/references/03-onscreen-awareness.md	1333	callout-66bf76dc9940d978	1078e032e760f949a612e31cfc9238b0b040a57f459baa80cae4ca2700fa0b13	unchanged identity and body	docs-vs-reality
part-16-adjacent-capabilities/references/03-onscreen-awareness.md	1519	callout-357f1d8deedc8a17	ca33a941be9645b0db550600b04d2cafa6e52364b3554ae6dd4afbf31edc8d78	unchanged identity and body	caution-note
part-16-adjacent-capabilities/references/03-onscreen-awareness.md	1617	callout-c4e69dff0fbd96cd	73672296342305f02e5aef5c18acb3dbd6f4801f7c37048cf3b610c357865f22	unchanged identity and body	caution-note
part-16-adjacent-capabilities/references/03-onscreen-awareness.md	1740	callout-6bc8d112996b5c35	9004b429b7a56779f34de52909400c3b29d61c4c2bb2a4b70503f728b6899b9d	unchanged identity and body	caution-note
part-16-adjacent-capabilities/references/03-onscreen-awareness.md	1742	callout-46586b6f5debdeb1	6737ee3bcc28022fb7867981c9f3faf4be35a8e8c6da2731974372045817ca9f	unchanged identity and body	docs-vs-reality
part-16-adjacent-capabilities/references/03-onscreen-awareness.md	1813	callout-d6610fdf95ef0e6a	fd96cc7005fc5e48028c002e815fc2195077ece58f71037e52399721efe6d856	unchanged identity and body	footgun-api
part-16-adjacent-capabilities/references/03-onscreen-awareness.md	2041	callout-729969d7445adb67	c57dce8c281db88db24f9c8705f8c435c21b26de50d9aef0ed41fdb8bef505c3	unchanged identity and body	perf-cliff
part-16-adjacent-capabilities/references/03-onscreen-awareness.md	2067	callout-1de678699888fde3	575b33b1b14810053b6b5f6ad4a9a7a720809753dcff5b7d2afa9459591ed006	unchanged identity and body	footgun-api
part-16-adjacent-capabilities/references/03-onscreen-awareness.md	2092	callout-8c8f6775d6e1138b	58d113c48e8dc24e3eedda6c5706aff68ce62f9bb9cbf79bf8d0be5d5ab047e7	unchanged identity and body	empty-output
part-16-adjacent-capabilities/references/03-onscreen-awareness.md	2112	callout-1203317a25194855	d970b7fbf6bba4740cc9b356714bb67ab884bc691e6ac07c7d323223958ed705	unchanged identity and body	empty-output
part-16-adjacent-capabilities/references/03-onscreen-awareness.md	2131	callout-60131143c366bcc8	967875981f26d77a3fb3d18f3affed378a6373333c126f5b9800f0abe07e0693	unchanged identity and body	footgun-api
part-16-adjacent-capabilities/references/03-onscreen-awareness.md	2143	callout-c62e50aef614d6e1	043829420de0315d554fc76219b2ed5b92ddc0f7fed0268889350da9cde8a1dd	unchanged identity and body	empty-output
part-16-adjacent-capabilities/references/03-onscreen-awareness.md	2162	callout-605155ab3b269bf9	90553b4354c1e515d5b8c1f8e301c3e9434f3d466002ebfed592aa05ca640a3c	unchanged identity and body	footgun-api
part-16-adjacent-capabilities/references/03-onscreen-awareness.md	2173	callout-b6cd14c316fc815d	f5a5a12d51970133f3af6af385606815713045df5a0e3ee69d42340b21028023	unchanged identity and body	misleading-signal
part-16-adjacent-capabilities/references/03-onscreen-awareness.md	2432	callout-3245e5bcffe6fba3	58670128d4d35a82d3f6256ff75e8b03cd3f1f6d533006c6ce9e43bedb9f27c6	unchanged identity and body	empty-output
part-16-adjacent-capabilities/references/03-onscreen-awareness.md	2573	callout-1af6ef05b3953d2a	2c4dce0e05d4918705da4fef9e88dfec45bb9284441a53f3f3c65f7fa438566c	unchanged identity and body	caution-note
part-16-adjacent-capabilities/references/03-onscreen-awareness.md	2605	callout-b61065d4644fa932	a78878df00415cc0560e83b02f9fabc1de6f17fe6021fe32d2255b7931f76edd	unchanged identity and body	docs-vs-reality
part-16-adjacent-capabilities/references/03-onscreen-awareness.md	2611	callout-dbb23fce05848655	86fff726731cf409a0740315acb12ffbd646d5c55ff1cc05a4a7795d58177b91	unchanged identity and body	docs-vs-reality
part-16-adjacent-capabilities/references/03-onscreen-awareness.md	2652	callout-bdb1ffeea6fa04fd	a36173b1614efcf9ccecc7d6b3aee4cbdc72e150ee3f51f44d45e8fe86fa7bba	unchanged identity and body	caution-note
part-16-adjacent-capabilities/references/04-entities-spotlight-and-foundation-models.md	83	callout-ff44bbb239293c91	1980036d9f3403f3404f13942496351f55a618faa6c0b16f7e055176ab8ceb57	unchanged identity and body	footgun-api
part-16-adjacent-capabilities/references/04-entities-spotlight-and-foundation-models.md	137	callout-c7bce34026f7006b	7bd71fcdeac8c4988f25e200c7ad1f262e2e6ad87460ebff062d5a590d42fa5e	unchanged identity and body	caution-note
part-16-adjacent-capabilities/references/04-entities-spotlight-and-foundation-models.md	571	callout-665015672f58f0cc	d0b22f3d5034804122ce12dc0119f75193e1a3cc1be8bd976aab5f6c4df3211a	unchanged identity and body	footgun-api
part-16-adjacent-capabilities/references/04-entities-spotlight-and-foundation-models.md	702	callout-4b222a7febd63400	24af122aa63172426ad46da6a141619ac1651ef7a5e71a8c1115225f55a38424	unchanged identity and body	footgun-api
part-16-adjacent-capabilities/references/04-entities-spotlight-and-foundation-models.md	759	callout-bc65f08ec14592bc	6a07ef1441c0a301241d61c42f49ae31acda944bfb8eed33555e3001395195f1	unchanged identity and body	garbage-output
part-16-adjacent-capabilities/references/04-entities-spotlight-and-foundation-models.md	804	callout-2dc742f16dec7a8d	12326d1b7ca0537c3a7964b519d9c8b9181d860a33db9953aa306fafba952cad	unchanged identity and body	caution-note
part-16-adjacent-capabilities/references/04-entities-spotlight-and-foundation-models.md	987	callout-bd164424f75de98f	5c7a82247e2115a8c5d354685c1087e6770b41c9e9f937085705d9fa3289f129	unchanged identity and body	footgun-api
part-16-adjacent-capabilities/references/04-entities-spotlight-and-foundation-models.md	1012	callout-7b55a922ef0658d9	0c39a767034c403ce7bd4e912521a5624c669487431883e6f6e08caeea5bfeaa	unchanged identity and body	empty-output
part-16-adjacent-capabilities/references/04-entities-spotlight-and-foundation-models.md	1175	callout-ec939073e2680fe0	94e899264c681c7cfa53404c32a91ba32407999f6872d564af59ed13fb3173a6	unchanged identity and body	footgun-api
part-16-adjacent-capabilities/references/04-entities-spotlight-and-foundation-models.md	1217	callout-334909d933a1b2f2	6687310a1738a4e9f6e3e2a9f723ca8c58b40fe28465ce207ec272a88b34bcec	unchanged identity and body	caution-note
part-16-adjacent-capabilities/references/04-entities-spotlight-and-foundation-models.md	1335	callout-f752b6c62e5b571d	d7cae4bbefc6c5bbc49debdc1e4d3698edb4da330f785cac1c1f8320231db740	unchanged identity and body	caution-note
part-16-adjacent-capabilities/references/04-entities-spotlight-and-foundation-models.md	1363	callout-b5f3d614f6f0e50b	b974002f5aea8dfa79e6cf761dd1f0dd5a73ba08a757446546611b7575873aad	unchanged identity and body	runtime-unavailable
part-16-adjacent-capabilities/references/04-entities-spotlight-and-foundation-models.md	1461	callout-ca3e1d84bd509e15	d7b79188648fc30f743367ec2af7821abe0f4d1a214e72c5c5772f85831ae3d6	unchanged identity and body	garbage-output
part-16-adjacent-capabilities/references/04-entities-spotlight-and-foundation-models.md	1465	callout-906330d347862ec0	5a2a5ef447944cbcce96ea91073977c0eb63715834a7e23ee96a6d6ae5810ea3	unchanged identity and body	garbage-output
part-16-adjacent-capabilities/references/04-entities-spotlight-and-foundation-models.md	1602	callout-72539e3ebf422796	af3d67239349058e07a1ea6b3e05e07557d85b9e625c53b031cb90372fc3e645	unchanged identity and body	garbage-output
part-16-adjacent-capabilities/references/04-entities-spotlight-and-foundation-models.md	1751	callout-5ec75c0fe6371e81	8c9c0e69f3925856f90114365f6386fb8d1e22d574ad51c7d10b6b0caa7a22c9	unchanged identity and body	footgun-api
part-16-adjacent-capabilities/references/04-entities-spotlight-and-foundation-models.md	1786	callout-580da4b00c84b765	5b0675657f6eef797b2a4d71e14cc8d10831bb4a50642f399caa1cf6b85806e6	unchanged identity and body	docs-vs-reality
part-16-adjacent-capabilities/references/04-entities-spotlight-and-foundation-models.md	1877	callout-e59af17831daa8f7	83ff95fde465fa6cad5247c30fae62fbd50eabc7432f9da544feda69cf20dcbe	unchanged identity and body	docs-vs-reality
part-16-adjacent-capabilities/references/04-entities-spotlight-and-foundation-models.md	1907	callout-77a657459d87891c	04ca34774427051e1a0218c1dceaccfbc3505ccef7b709a171dfb411ef833cc5	unchanged identity and body	empty-output
part-16-adjacent-capabilities/references/04-entities-spotlight-and-foundation-models.md	2015	callout-ae70b0035182cef9	1d53691df22205b8123818d707076dd528d9c2ab78bca8dc4989ca3af6256227	unchanged identity and body	footgun-api
part-16-adjacent-capabilities/references/04-entities-spotlight-and-foundation-models.md	2139	callout-353a1b4c14df5265	2dff407dd72b1d655e4e5eca8587efb5ebe0d5187cf7e82d3349cec61323b243	unchanged identity and body	caution-note
part-16-adjacent-capabilities/references/04-entities-spotlight-and-foundation-models.md	2255	callout-ed33e3136fd857fa	1bfe203965c7e9f6ab67b559648fc444a5579af56e2f14c18db3e8d889f310cf	unchanged identity and body	docs-vs-reality
part-16-adjacent-capabilities/references/04-entities-spotlight-and-foundation-models.md	2280	callout-64517c90d44ddf09	3cefa06c349b092f36f05eedcf0b085e1957cfc28a0e58d745f7014b6f9338ca	unchanged identity and body	caution-note
part-16-adjacent-capabilities/references/04-entities-spotlight-and-foundation-models.md	2285	callout-8a26c70289952a6c	56213fef2f166e25c53a04062da956a8da17d96da31c1e81a0d5fb61db8263df	unchanged identity and body	stale-state
part-16-adjacent-capabilities/references/04-entities-spotlight-and-foundation-models.md	2334	callout-8c19b5391ebee794	1210b242f068c097b99e03fa82867c4205a41997dbf36d10e1907c3ad64cd805	unchanged identity and body	caution-note
part-16-adjacent-capabilities/references/04-entities-spotlight-and-foundation-models.md	2352	callout-5963ff186e8b103a	90785a415708293421571dcad39d5bcf1639c914405a9d120daa679d9ae2c2f1	unchanged identity and body	garbage-output
part-16-adjacent-capabilities/references/04-entities-spotlight-and-foundation-models.md	2368	callout-996d8be08bb51f51	3199bdf62e419ea477914d2dbc1441ec7284d52593feb39e8fd91d4bb86bd06d	unchanged identity and body	stale-state
part-16-adjacent-capabilities/references/04-entities-spotlight-and-foundation-models.md	2382	callout-014dd4f80fdc67df	5dd9da2f1a5d44431d370d5fcc8835256ea5f5a65791de8f9903b56955d99930	unchanged identity and body	empty-output
part-16-adjacent-capabilities/references/04-entities-spotlight-and-foundation-models.md	2394	callout-74a5cc5e60cc8a70	836e1ce965c8da339ead5bc0d0da6bd37df18dd000cbf2e38fb937facfc17d5f	unchanged identity and body	empty-output
part-16-adjacent-capabilities/references/04-entities-spotlight-and-foundation-models.md	2446	callout-0d995c688de1568e	21595cd282bc8582dd18bc2041278ca5fffb0e190188d36db222ab9c3e30a104	unchanged identity and body	misleading-signal
part-16-adjacent-capabilities/references/04-entities-spotlight-and-foundation-models.md	2542	callout-2aa0f68c892841fd	835a1a66e58cba5e69fc96e89941b2cffa5d5995ea5fe9b02da10d14ec2316ce	unchanged identity and body	caution-note
part-16-adjacent-capabilities/references/04-entities-spotlight-and-foundation-models.md	2692	callout-5ae16e99f8db70ad	13353c6275d36fde436511224c59ac39d549c0399c6bf7d2185fb8709c71e468	unchanged identity and body	docs-vs-reality
part-16-adjacent-capabilities/references/04-entities-spotlight-and-foundation-models.md	2705	callout-93e4bc1cf15810a4	8b2160fb3abe245fb20a3027109357f91d27e7b03ee3f2ed83a588b19b0c3357	unchanged identity and body	docs-vs-reality
part-16-adjacent-capabilities/references/05-dnikit-dataset-and-model-introspection.md	135	callout-158fd8ab274c5772	1320c4c3142f14dd4267fa6f59d50461ab57097735fe5ff32d24a5bf8e31a5f9	unchanged identity and body	caution-note
part-16-adjacent-capabilities/references/05-dnikit-dataset-and-model-introspection.md	210	callout-e03cba73a6c64a6a	a1003adb2c63924b4596d5eb9873463411b7a294d2a619ffd541224fa9d07693	unchanged identity and body	caution-note
part-16-adjacent-capabilities/references/05-dnikit-dataset-and-model-introspection.md	468	callout-e5bff5d9cbd101b9	5da2d1642d5e5c25988eecd03926fba93e4e936ea391c9c711e0e7c165205602	unchanged identity and body	footgun-api
part-16-adjacent-capabilities/references/05-dnikit-dataset-and-model-introspection.md	824	callout-c9a6335bc4799ffd	b0e78698544f8f588b40a7307af026916da603bb6b61a488d4090b03050712fb	unchanged identity and body	footgun-api
part-16-adjacent-capabilities/references/05-dnikit-dataset-and-model-introspection.md	889	callout-572fb9407c40eb7c	f861246c2a67777c777e79cbd0ac78a96f38c42d53d029ffdbacd8cda282e83a	unchanged identity and body	footgun-api
part-16-adjacent-capabilities/references/05-dnikit-dataset-and-model-introspection.md	931	callout-a38812e38a61013c	9884265afc84a14150cb5c419a4b5690d19e7a1fe9e14937345d3cd7d0cbeb21	unchanged identity and body	garbage-output
part-16-adjacent-capabilities/references/05-dnikit-dataset-and-model-introspection.md	1248	callout-9a59cd302647b061	307df493611f89541fe157e8cc07edb4b15f84185baa06190b24b140fcb2d53f	unchanged identity and body	empty-output
part-16-adjacent-capabilities/references/05-dnikit-dataset-and-model-introspection.md	1328	callout-7826fc5cc973adb1	3cea877fefdc711a57934aad45da7c5726f521a40b630cd02a7dcbd19423ac1f	unchanged identity and body	footgun-api
part-16-adjacent-capabilities/references/05-dnikit-dataset-and-model-introspection.md	1360	callout-63f1c20a2e3707bb	950502f3de4b8b00535c45f7648bd6c96e9f52ca33685fe6273ce3d4b0b8ca67	unchanged identity and body	caution-note
part-16-adjacent-capabilities/references/05-dnikit-dataset-and-model-introspection.md	1607	callout-63ca20f83930cbae	d53ecfd3070ffeebd4e95c41d857b581c8c519972df2d598dbc5bd6f081baeaf	unchanged identity and body	docs-vs-reality
part-16-adjacent-capabilities/references/05-dnikit-dataset-and-model-introspection.md	1656	callout-d65348196a57692c	5595c35b9177fa5314979035f0da981ccdd82de1427722b970f268ec025b8c29	unchanged identity and body	docs-vs-reality
part-16-adjacent-capabilities/references/05-dnikit-dataset-and-model-introspection.md	1730	callout-ffeac9c59fac3535	611ed0ae9ecd2fd181a8a2259e9ed5dc08b0ffc85be432f226d42a06e3fa6b05	unchanged identity and body	garbage-output
part-16-adjacent-capabilities/references/05-dnikit-dataset-and-model-introspection.md	1775	callout-c510778db13647d5	7052b2f129ad513202c2e66ebf659f3093f7ef41e94be35b398fddc0998eeda8	unchanged identity and body	docs-vs-reality
part-16-adjacent-capabilities/references/05-dnikit-dataset-and-model-introspection.md	1849	callout-3dd9fd017347f896	d2119efec19926b9dcc7f00bad7b3d2da120cfa2f5f06fb3c03b85f58581a872	unchanged identity and body	silent-truncation
part-16-adjacent-capabilities/references/05-dnikit-dataset-and-model-introspection.md	1947	callout-8bf21c608da6ca7a	b0c59e6941d10262ea905517589d8dada5bf5c71198a03ef865391a8075a20ba	unchanged identity and body	empty-output
part-16-adjacent-capabilities/references/05-dnikit-dataset-and-model-introspection.md	2310	callout-5f6612fcf07635a7	ae1032b3984321c66f9983efcba65a82db3f8ea56ba6189647c9bd8b555235cd	unchanged identity and body	garbage-output
part-16-adjacent-capabilities/references/05-dnikit-dataset-and-model-introspection.md	2311	callout-37d7fad9bdc841c9	b79f061b6be7b53ea4c84e1817e6772bffe3a3529a6aa33c116bab064dcf4b4b	unchanged identity and body	footgun-api
part-16-adjacent-capabilities/references/05-dnikit-dataset-and-model-introspection.md	2326	callout-e7f0aeb711e12b09	ed28954ee20b8ddd528d227b2e1ae762757689ebef08a0d1ae990e4dd174855c	unchanged identity and body	docs-vs-reality
part-16-adjacent-capabilities/references/05-dnikit-dataset-and-model-introspection.md	2329	callout-3bfb7ae28e3ad3da	afe5d666703c9d24dea5874212fd3a2c2dd26767379153085aafaef2c054da9e	unchanged identity and body	silent-truncation
part-16-adjacent-capabilities/references/05-dnikit-dataset-and-model-introspection.md	2336	callout-1f0b5d39ccbbbc66	261eb26f83fe188307a3476572cb10ace39464148b112a315dfc96c3574eb36b	unchanged identity and body	empty-output
part-17-migration-from-pre-ios-27/README.md	6	callout-9d4d92301eb9e0f4	ed57cb8b83f0a4d2d7d992fcd0ef16d409f1349db94810acfe7cec4878ac9139	unchanged identity and body	version-drift
part-17-migration-from-pre-ios-27/references/01-what-changed-checklist.md	15	callout-f1782043cb484a36	6fa880a5eab2cb3bf9a545891e7e21b8edc870e200462eaeed3eaa1fe5e30a78	unchanged identity and body	version-drift
part-17-migration-from-pre-ios-27/references/01-what-changed-checklist.md	202	callout-ce7d86e192f8cd67	afe0c795d3fb471f472a6d0a2cc1de448d2aea17ca73a4eda0e8a0780b58a264	unchanged identity and body	version-drift
part-17-migration-from-pre-ios-27/references/01-what-changed-checklist.md	213	callout-0aecb5ce57d28aa3	5b78710b21d0ca679b46a080775d88270f190d6fbed6ab84f46a39dde652b750	unchanged identity and body	caution-note
part-17-migration-from-pre-ios-27/references/01-what-changed-checklist.md	271	callout-2964ede649a7cdff	3c48b81f03693bd497875b34e5ab624fbdcd0eed79dbbc195a74bcdc5e7bb51e	unchanged identity and body	caution-note
part-17-migration-from-pre-ios-27/references/01-what-changed-checklist.md	471	callout-9916c7c01b4f0627	e178374883c17db01313993bf187e3690d48d83a6d244201acfd3eb42f218bfa	unchanged identity and body	ignored-input
part-17-migration-from-pre-ios-27/references/01-what-changed-checklist.md	556	callout-9f6ee4a68faab6a7	4f2c3f8de24d5759defd11d0840c3884976fb5a9536e3ae1e028763658b61a9e	unchanged identity and body	docs-vs-reality
part-17-migration-from-pre-ios-27/references/01-what-changed-checklist.md	649	callout-b34aba061f4a2152	383936d470e56d22a2c1bc6d2f96ce63a6da337a87b36a5a6bb9b30e1a1e7eeb	unchanged identity and body	runtime-unavailable
part-17-migration-from-pre-ios-27/references/01-what-changed-checklist.md	783	callout-8bb51a0343b91fa5	6e3d187aee992fa23faa2e3dfcc6fa5b87cf583b368f917a4c3da4fb8de84228	unchanged identity and body	docs-vs-reality
part-17-migration-from-pre-ios-27/references/01-what-changed-checklist.md	805	callout-e37df750c4177926	3dfde53eebaf32695ff908e4491c2be60c6e4be1ca15d9d93d5d996cc97fae2f	unchanged identity and body	runtime-unavailable
part-17-migration-from-pre-ios-27/references/01-what-changed-checklist.md	872	callout-6e5c1efc45a80c69	f0dc5d24202660c0393e3dba68caab0e8c946b00e4197caf1ed8ca02d4875a1e	unchanged identity and body	misleading-signal
part-17-migration-from-pre-ios-27/references/01-what-changed-checklist.md	922	callout-09776f0c9883511d	e9a9a353428893c085ba03d5c2b5bf8b83d56dbff085a21f478b2afefbbe6c84	unchanged identity and body	footgun-api
part-17-migration-from-pre-ios-27/references/01-what-changed-checklist.md	954	callout-ab1d90522d4a50b2	d35792669b1e5e4fec4da5e5d81242715d877df1c811209aa96f75fe9982f4a2	unchanged identity and body	footgun-api
part-17-migration-from-pre-ios-27/references/01-what-changed-checklist.md	1002	callout-dafb7be2576575f5	7a20f93fb82269824e4f9e95527d3b6e52a48ce8111bf860884bb6e8fb3c2974	unchanged identity and body	version-drift
part-17-migration-from-pre-ios-27/references/01-what-changed-checklist.md	1017	callout-1230d262b5479754	57041d1e894b9c5d082a84a0ad6de67bccfa181b42f04c9d8b2f2092b52d8490	unchanged identity and body	caution-note
part-17-migration-from-pre-ios-27/references/01-what-changed-checklist.md	1127	callout-9ca3cce22cf78892	46557aa106f65f2f44001b46f4ee11a1e64ed7e5da4bd5ca244c01bf3266d8bd	unchanged identity and body	caution-note
part-17-migration-from-pre-ios-27/references/01-what-changed-checklist.md	1156	callout-7289036abd7ca40d	7b8c02e1a033d8d7226ab1c4f63113405a11826a4cb3e112ba1877c5e91d868b	unchanged identity and body	docs-vs-reality
part-17-migration-from-pre-ios-27/references/01-what-changed-checklist.md	1192	callout-b7e0498bd915f3a1	2edf2227a3cfad4bccb0f370b470c6665e70294dab255a152929892b17af0cc5	unchanged identity and body	version-drift
part-17-migration-from-pre-ios-27/references/01-what-changed-checklist.md	1223	callout-5968d506d267bbd4	76dc55d49a566b6b347eea67f528fa4269bb9f315fd98a584f2b55540ce43192	unchanged identity and body	misleading-signal
part-17-migration-from-pre-ios-27/references/01-what-changed-checklist.md	1247	callout-3fcd247ff36fe463	fa6b3479e37fe18d3c53d128e81e92d9e664e667c65d53dbe8083d453683f71d	unchanged identity and body	caution-note
part-17-migration-from-pre-ios-27/references/01-what-changed-checklist.md	1260	callout-33a6a9dc32db414e	e46fb945fdcbc44ab23662f5bae6622ac455bc8904752773155842802836c323	unchanged identity and body	docs-vs-reality
part-17-migration-from-pre-ios-27/references/01-what-changed-checklist.md	1319	callout-96f479a812f654d0	bf9c7d8793de74d16f958aa60c69cb50c129c7bb3c170b9bc904e78ec99a2485	unchanged identity and body	caution-note
part-17-migration-from-pre-ios-27/references/01-what-changed-checklist.md	1354	callout-341ccc6571004ecf	581fa15096502ee396c7c6bfa1fc8db634835ae336de0e51d6b54102f0aa2362	unchanged identity and body	ignored-input
part-17-migration-from-pre-ios-27/references/01-what-changed-checklist.md	1399	callout-895ed2ceb11da48d	9c16848a1a85ad28521eaf1ce7fef582455bffeda49b01a32ddf20a974b13a5f	unchanged identity and body	garbage-output
part-17-migration-from-pre-ios-27/references/01-what-changed-checklist.md	1481	callout-971a98063a43b4f8	c0b3d88767af5371d78226e8ec03da63ccaf975ed75076269d3e33ef3f03c274	unchanged identity and body	runtime-unavailable
part-17-migration-from-pre-ios-27/references/01-what-changed-checklist.md	1533	callout-ecda408c2850d9d2	8727f0a3bf8ee50705f0eb900d00a18335b8d92dd72d57ccf88adf84f90134f8	unchanged identity and body	empty-output
part-17-migration-from-pre-ios-27/references/01-what-changed-checklist.md	1589	callout-a1d3817fe1ace45b	adb01cfb84a0d09c9dde14f5ad60c5a6c4afb2a5997b2c8a29fac8c45a9cb4ed	unchanged identity and body	runtime-unavailable
part-17-migration-from-pre-ios-27/references/01-what-changed-checklist.md	1622	callout-8be7bc47a73719a5	5e97681622a925ad98004c4303bcf27c8bfcc6b1827b477c7b0d8187d34ae9b9	unchanged identity and body	ignored-input
part-17-migration-from-pre-ios-27/references/01-what-changed-checklist.md	1627	callout-c5d6b9564feb5c73	c723d7b0a3bfb86335987915e7968bd200f0548f2670a561a126733338c3ec70	unchanged identity and body	footgun-api
part-17-migration-from-pre-ios-27/references/01-what-changed-checklist.md	1690	callout-02890bcf0dc611b8	8703fbca218c43c14a8f83c3e89d2a45819293e3b18ef49efbeac4ba64eba24d	unchanged identity and body	caution-note
part-17-migration-from-pre-ios-27/references/01-what-changed-checklist.md	1714	callout-5e86c4cdb8429927	602158e0b197e4f9481ecc10a8d186f7c8e3bc2aedf495a06547a7fd4d1a4415	unchanged identity and body	misleading-signal
part-17-migration-from-pre-ios-27/references/01-what-changed-checklist.md	1825	callout-99f6cdc9993f47a6	591b685ccbdf56fca5d1d207eaf7587f36bd16418ab0ac1be479a637ffd8cd37	unchanged identity and body	version-drift
part-17-migration-from-pre-ios-27/references/01-what-changed-checklist.md	1941	callout-c26bdf1fbb046f59	5c6f2f0368d83d35662e55b777d10358345528a989d5d12c26fcf5ceded13d2b	unchanged identity and body	footgun-api
part-17-migration-from-pre-ios-27/references/01-what-changed-checklist.md	1968	callout-4a6e7be9e3aedf84	2a93ded8c499d360b96fa08541737181f4dd831d21cd35c65c419bd42df8a647	unchanged identity and body	footgun-api
part-17-migration-from-pre-ios-27/references/01-what-changed-checklist.md	2027	callout-14e366e477059c11	544638c7374227de0c4cb60e0c77fbe7032105d5329191bca8e175029036fe69	unchanged identity and body	data-loss
part-17-migration-from-pre-ios-27/references/01-what-changed-checklist.md	2082	callout-ba4e01cfad3042a5	eced1cfbd80374a6d1c732fc5682cec23e94943ea686881e5be6730ec22d020e	unchanged identity and body	caution-note
part-17-migration-from-pre-ios-27/references/01-what-changed-checklist.md	2188	callout-96e8a726bf72767f	403104eaa3937ecfbd755f1bcd3475bd232f8d96ffa3914c498ca4c9c94140a3	unchanged identity and body	version-drift
part-17-migration-from-pre-ios-27/references/01-what-changed-checklist.md	2254	callout-82b7a40bc716f622	9857f5cdd86dcd70fa5d5678ae7cc0afd70e58dffc1446cc62a86bcd3bcbf1fa	unchanged identity and body	ignored-input
part-17-migration-from-pre-ios-27/references/01-what-changed-checklist.md	2263	callout-4c1402a32f05301c	ef4adf11392a62f012d10cfee39877095e426cfd7c923d42b363c6bd4a7b8084	unchanged identity and body	misleading-signal
part-17-migration-from-pre-ios-27/references/01-what-changed-checklist.md	2339	callout-07b1dfdc07d46025	afe28d37159474bf51961a88a1d3bf9d6396da0accbdf25e8f046a885769520f	unchanged identity and body	caution-note
part-17-migration-from-pre-ios-27/references/01-what-changed-checklist.md	2540	callout-7f7e336ac514bfee	2a199c20cd1dcae18e1ceca3e19d2cfce0a448ee4e90bac71de59d330433a31e	unchanged identity and body	caution-note
part-17-migration-from-pre-ios-27/references/01-what-changed-checklist.md	2541	callout-2958718b76bccd6e	25c41366480d628c40da31b3d4a589db5cc34482d5403e625b45e9b17a59b8ed	unchanged identity and body	caution-note
part-17-migration-from-pre-ios-27/references/01-what-changed-checklist.md	2543	callout-af3079b5b2e7c2fe	aa3de7105b0480e2c5d7fb0892e60bfb1863c5656d4be151470d25bf2d0a72da	unchanged identity and body	caution-note
part-17-migration-from-pre-ios-27/references/01-what-changed-checklist.md	2587	callout-a7d92a670fe14394	03a3156d29e1dbdb8764d27ef7820515906273ebdd43efe8ecce51cd8b592afa	unchanged identity and body	docs-vs-reality
part-17-migration-from-pre-ios-27/references/01-what-changed-checklist.md	2649	callout-1e5283039fce98c6	42ee3ed6b31cf327808a7f05f3a29670bb6da5e3292dd4e9aa2d69bac303f097	unchanged identity and body	caution-note
part-17-migration-from-pre-ios-27/references/02-adapter-sunset.md	25	callout-5b9d24af354d3b0a	8a477ec05e2b9db61ee87ca1b4808f36e6b5dc2f68def8c79914a042ce783d34	unchanged identity and body	version-drift
part-17-migration-from-pre-ios-27/references/02-adapter-sunset.md	63	callout-26124b75caf82ffd	e29a70cf5887e4de4298c60d3b103e8abab4445eb244a2d9c71dde2c6745f1a9	unchanged identity and body	runtime-unavailable
part-17-migration-from-pre-ios-27/references/02-adapter-sunset.md	284	callout-820d3c7b22a694f4	11d53ae98cd730da055134c94981d21567497a633670417bcfff92c11e24b576	unchanged identity and body	caution-note
part-17-migration-from-pre-ios-27/references/02-adapter-sunset.md	325	callout-9f547518383180d1	2897249ad12b5445d24345a3e7bf8f13ff58d1c7de22a6705b93182f4d6e814a	unchanged identity and body	version-drift
part-17-migration-from-pre-ios-27/references/02-adapter-sunset.md	404	callout-932d86df508df4d3	0c1c2e2a45bccb6f3f1f04d79529d79c8f4636a4da2c5148dabc337337600501	unchanged identity and body	caution-note
part-17-migration-from-pre-ios-27/references/02-adapter-sunset.md	582	callout-87ae7fe177fab283	3b2400f14fd316417fc3b8f18d1f15159f327cdc299e4c6f1e4488bf9e81f0fc	unchanged identity and body	ignored-input
part-17-migration-from-pre-ios-27/references/02-adapter-sunset.md	747	callout-83af42ffc5d9afd3	2fb4e0bebbfc17226d1a08aba4345b8302e947ad4c39272f5a2b2cc4959bb3de	unchanged identity and body	misleading-signal
part-17-migration-from-pre-ios-27/references/02-adapter-sunset.md	795	callout-e7d480e763fc8a65	cb869e881df31c6a67082f5193184ba327a8c7f3e4bfb33b4c0152862bc89a68	unchanged identity and body	resource-growth
part-17-migration-from-pre-ios-27/references/02-adapter-sunset.md	832	callout-adab165b136c7f49	07c0884a4cb2e108c1c345be3ebdd6761e82ba5b8476ef7478309f4b319d2d64	unchanged identity and body	caution-note
part-17-migration-from-pre-ios-27/references/02-adapter-sunset.md	858	callout-f76fd7d1d875e174	89012b7c2533639086b04e715d33cdee0ab4d161d7712f606f2d321765821f5a	unchanged identity and body	misleading-signal
part-17-migration-from-pre-ios-27/references/02-adapter-sunset.md	1144	callout-0c7bcb1b6af2cba7	6ed5c70ca3134559f7d034f2a862a3bf1f4fc0b8b43f71e3d07c92035935d4ae	unchanged identity and body	ignored-input
part-17-migration-from-pre-ios-27/references/02-adapter-sunset.md	1148	callout-22f26e26e16fdba7	2f525ad455a8b82b4313f3231bb4a69396de0579a133dd2eb3788a901668b5a8	unchanged identity and body	ignored-input
part-17-migration-from-pre-ios-27/references/02-adapter-sunset.md	1471	callout-87b7bfd0fb419c64	870566528c06b11a8a04741f7c82bfbc425060616559d736953ed2f1397438ad	unchanged identity and body	empty-output
part-17-migration-from-pre-ios-27/references/02-adapter-sunset.md	1540	callout-087adb7ec9c77316	a9dffe381ecc0d49cecb58876ee1decc079e683bdd292e1b19c3341c35b7ba43	unchanged identity and body	runtime-unavailable
part-17-migration-from-pre-ios-27/references/02-adapter-sunset.md	1545	callout-e203de2f29749d2d	0f5393cca3a0dd74270e3c97c5c272186492ec987f6eaa607b932ace3003bb99	unchanged identity and body	runtime-unavailable
part-17-migration-from-pre-ios-27/references/02-adapter-sunset.md	1710	callout-b6e4bae1d4538b68	1b48c29f3fb4d38738e0f76f4e3c102abf210779d87085fb55170c7364e50fd1	unchanged identity and body	perf-cliff
part-17-migration-from-pre-ios-27/references/02-adapter-sunset.md	1898	callout-92c4f4d24a5c52e2	5cee78b73764d79e18a0710899de599d13bce8b6abd685e32a5393006382b099	unchanged identity and body	version-drift
part-17-migration-from-pre-ios-27/references/02-adapter-sunset.md	2022	callout-242beed21332fbeb	f7e13ec71a900da99f6c342d85e17d0a1949d29efa68b6a4d092397512e15e03	unchanged identity and body	footgun-api
part-17-migration-from-pre-ios-27/references/02-adapter-sunset.md	2605	callout-3949ac98fd836e9b	1b9799321eaacc89b7ee5133d238f5d3928f0a4e341ec8ea5f050d704f9358b5	unchanged identity and body	runtime-unavailable
part-17-migration-from-pre-ios-27/references/03-error-taxonomy-migration.md	18	callout-8ae588f20240c597	b73c1d933d7b76f0c6a01478d92acb7e0738e34af5e78c8267360d0f74adde65	unchanged identity and body	version-drift
part-17-migration-from-pre-ios-27/references/03-error-taxonomy-migration.md	348	callout-32087720c1227a2c	35a96effcd521af024e99e3dd7986f46122e8f281568ea3ca092057542c0aa19	unchanged identity and body	stale-state
part-17-migration-from-pre-ios-27/references/03-error-taxonomy-migration.md	555	callout-204cbafa4b4e5913	0ba8ce98b5babf68c4e652f9e5b439169b4f7487470b1363ca2bb3c7651fb56d	unchanged identity and body	footgun-api
part-17-migration-from-pre-ios-27/references/03-error-taxonomy-migration.md	1162	callout-2bcb1c5b8c565384	ed3823994173310478c7b6f8968fb088eaf41d1648c9d4e3156ffe127b6d1478	unchanged identity and body	misleading-signal
part-17-migration-from-pre-ios-27/references/03-error-taxonomy-migration.md	1197	callout-2dd707ee016bd5b0	898feece68b0a98e857c25688b2b1cd83295ec149710dd5093822ae8bc8f1c06	unchanged identity and body	misleading-signal
part-17-migration-from-pre-ios-27/references/03-error-taxonomy-migration.md	1203	callout-2c325f5fb2283cf9	6e66608ef30f48133a45b7bbc48f5af1ba55e9651da888bcef751c3e814be55e	unchanged identity and body	misleading-signal
part-17-migration-from-pre-ios-27/references/03-error-taxonomy-migration.md	1289	callout-cf81c20edf58ee28	cf4cbd20de5643d3b8948b92f85c3eac85711a1138571d442d1795a14baf1017	unchanged identity and body	footgun-api
part-17-migration-from-pre-ios-27/references/03-error-taxonomy-migration.md	1373	callout-6b5bff89376e55c2	442d684bbb2262bf2530bc996ad384d0ca445571fce1dd1535d8b8f1de51c642	unchanged identity and body	misleading-signal
part-17-migration-from-pre-ios-27/references/03-error-taxonomy-migration.md	1500	callout-3c429f3325c7ffe4	aaad8b13a04739503677874b6d262d968f7a5fea7ae46437ddd349450b8481c3	unchanged identity and body	garbage-output
part-17-migration-from-pre-ios-27/references/03-error-taxonomy-migration.md	1855	callout-33414a13ce7294e9	88112d9c5afd909f59541d92def7efae5a6b6bba28f878b1a10d195b9f498ee7	unchanged identity and body	ignored-input
part-17-migration-from-pre-ios-27/references/03-error-taxonomy-migration.md	2005	callout-b93f915b7eb6b1f7	c697af9c217df39ef5266cd007df0570cb95b84939636344494471e2a2cb9a95	unchanged identity and body	perf-cliff
part-17-migration-from-pre-ios-27/references/03-error-taxonomy-migration.md	2340	callout-da54662c96806776	b1e58c0b9a7da6eeffead9dca53b4445d20df05c5047ef44e81cfa0766c39b70	unchanged identity and body	misleading-signal
part-17-migration-from-pre-ios-27/references/03-error-taxonomy-migration.md	2562	callout-1b26c5217f7a282e	0ff0721b3533e59fb48f8bd84172795f3eb56f172e797ee67c9c75527ed45124	unchanged identity and body	docs-vs-reality
part-17-migration-from-pre-ios-27/references/03-error-taxonomy-migration.md	2980	callout-a5d6cb1ac8b655fb	7e26c4d4040c24bd3aa40c3218fa5bf9cbafa56a7cc04aa7e6d8ee667ccc1529	unchanged identity and body	garbage-output
part-17-migration-from-pre-ios-27/references/03-error-taxonomy-migration.md	3315	callout-a6a297337bac191f	2e01f5c7610b2c2fe020f09b9b1cc6a16881f528afe997a1f632dedf7fc78bc2	unchanged identity and body	caution-note
part-17-migration-from-pre-ios-27/references/03-error-taxonomy-migration.md	3332	callout-1051146f04b88a49	25378bbfadf47ee4938716e90693b7b6d48744bf51a37f698af092a10a9bd9c5	unchanged identity and body	caution-note
part-17-migration-from-pre-ios-27/references/04-dual-sdk-builds.md	13	callout-d93b5eb51c689370	4ce89511e49cf6ac0906941e97ba333b9e8ddc6d7ccfe0bc06ca91f1f7ad594a	unchanged identity and body	footgun-api
part-17-migration-from-pre-ios-27/references/04-dual-sdk-builds.md	44	callout-6921ac805e516fc6	63b462737edc0a76694d0072a88526af75184c85a0697fb0f7831e0e328e7a95	unchanged identity and body	version-drift
part-17-migration-from-pre-ios-27/references/04-dual-sdk-builds.md	56	callout-0703419a3806ae1b	7e417e639e22c68f9072d7b530455286c89f36b7404f99d0697f6c652725367b	unchanged identity and body	runtime-unavailable
part-17-migration-from-pre-ios-27/references/04-dual-sdk-builds.md	130	callout-6877ffcb372d4012	d21d60464a625ee85081b41a1193d605691b85237326d8abf221448dfb8bd542	unchanged identity and body	version-drift
part-17-migration-from-pre-ios-27/references/04-dual-sdk-builds.md	136	callout-5b0757771e6b1f43	2455a491e902678572bbc026baf933c9b6eb3cbaf3bd156130a18448ea8a85a4	unchanged identity and body	runtime-unavailable
part-17-migration-from-pre-ios-27/references/04-dual-sdk-builds.md	628	callout-4071cb0f5dbac4fa	a735118c8a12ab34961df00de421633251267f0f74873cb1fc24f31933f59b88	unchanged identity and body	footgun-api
part-17-migration-from-pre-ios-27/references/04-dual-sdk-builds.md	947	callout-90776d0e6adfe6ff	bb47f13927dc22eb6b5e4935946fdddc58bf85b44ac8faf78cb4ac0a1cdd639e	unchanged identity and body	version-drift
part-17-migration-from-pre-ios-27/references/04-dual-sdk-builds.md	952	callout-2f75fe1d810d4edb	8a6599c794499556e52b52304b5ac919827aefa774f352eefaa06a65c380250c	unchanged identity and body	version-drift
part-17-migration-from-pre-ios-27/references/04-dual-sdk-builds.md	1224	callout-35736a1fad3759d2	def455f1fffad9d8d0d082b8c332fb31e715c72974a42f9ed9a02f195311d9ed	unchanged identity and body	misleading-signal
part-17-migration-from-pre-ios-27/references/04-dual-sdk-builds.md	1398	callout-f534a081ac82c292	3a25cbb2edf3f3c3141fbf84449418e51e5f3c7b18efe6d50753e66d760c5b24	unchanged identity and body	misleading-signal
part-17-migration-from-pre-ios-27/references/04-dual-sdk-builds.md	1586	callout-8032fa192df6bdd8	00ae78b90f1f7c2445dfba1bfd15f438dc9b9028a2c3e769fe45712b3f4f979b	unchanged identity and body	docs-vs-reality
part-17-migration-from-pre-ios-27/references/04-dual-sdk-builds.md	1841	callout-b1e78bdcd8300442	8b3d53f49266a8d452859969340059590b98f074b5abe443865d25dd2b30edf8	unchanged identity and body	runtime-unavailable
part-17-migration-from-pre-ios-27/references/04-dual-sdk-builds.md	1847	callout-8edee1dba0ef17b7	c78fd33b08c228fd297e08567a7029d9cb793aa7969af83706a1800c3f00d33c	unchanged identity and body	runtime-unavailable
part-17-migration-from-pre-ios-27/references/04-dual-sdk-builds.md	1942	callout-7a8f5e5c4c47dc0f	ef6253edd1fe896109d26fd21ee1e662179d897ebcf7b368e619f8e7713dc909	unchanged identity and body	caution-note
part-17-migration-from-pre-ios-27/references/04-dual-sdk-builds.md	2222	callout-fa51c2dc5efa38f0	ed41e841337f7d8cb0d07c5d88eaec79b41b4f5cba0de39e6e65ebcaa2e6c1c4	unchanged identity and body	version-drift
part-17-migration-from-pre-ios-27/references/04-dual-sdk-builds.md	2296	callout-16846a4fc602a67b	f440da2a5a7ece77b7e8a51704b1abc483ccbba49ab6a1605202893495a8e245	unchanged identity and body	caution-note
part-17-migration-from-pre-ios-27/references/05-coreml-to-coreai.md	14	callout-956d815fc268112c	c12c33e926c092d952c5b07e8cf75d46206d2d9b1a4c25cfa4d85fb71aef834d	unchanged identity and body	caution-note
part-17-migration-from-pre-ios-27/references/05-coreml-to-coreai.md	128	callout-aba839e663c970f0	435d53ecacb2156210511315ab420e14a14b6449692c34f724f60340354b14c9	unchanged identity and body	caution-note
part-17-migration-from-pre-ios-27/references/05-coreml-to-coreai.md	357	callout-d90a190c9177c4ef	8931d8118a1642198fea444f2cf8f90f26f003a6d931286d49ab9e8f86f77300	unchanged identity and body	footgun-api
part-17-migration-from-pre-ios-27/references/05-coreml-to-coreai.md	409	callout-e69e435101a2697c	9e46715f09608def5ac205a2b45480423639f54d05be068747d628ca612bf4f3	unchanged identity and body	empty-output
part-17-migration-from-pre-ios-27/references/05-coreml-to-coreai.md	488	callout-e90800b8108f12bb	94c1a1e12c83e7ea8ddcdfd285e9825cb2a9f2bdf78149dfe90ce369626c9330	unchanged identity and body	footgun-api
part-17-migration-from-pre-ios-27/references/05-coreml-to-coreai.md	496	callout-44113220816fd755	e6a3edc812c5e64899901bbda2faa68ab69bb4007adb8d18a560a654542be5a4	unchanged identity and body	footgun-api
part-17-migration-from-pre-ios-27/references/05-coreml-to-coreai.md	679	callout-44a916d1c9d846c1	8c1c69ecb0d01ae5e45808bdc0b0a085cce4e8001965a96def801d9e98469de4	unchanged identity and body	docs-vs-reality
part-17-migration-from-pre-ios-27/references/05-coreml-to-coreai.md	750	callout-7adc1134d6efb302	71793064372d0a6af83d6279f45e017e774e33649e205b0b75b1c754c994bd3b	unchanged identity and body	garbage-output
part-17-migration-from-pre-ios-27/references/05-coreml-to-coreai.md	786	callout-460a5dac40b0f097	72d5bb54e2a070140394b0d06eb4ae6c90cf357f058baba13799396ec5269854	unchanged identity and body	caution-note
part-17-migration-from-pre-ios-27/references/05-coreml-to-coreai.md	794	callout-e01034e13be0e74a	2aa85247e29ece161d035b5832041cb0fcefe668b6449c6c7c0e23642d1bbbd6	unchanged identity and body	perf-cliff
part-17-migration-from-pre-ios-27/references/05-coreml-to-coreai.md	896	callout-429b20e34a9d441e	d364e596dc619be5306f754c23fc82c63c13376acdbff777b2f840800bc79d2b	unchanged identity and body	perf-cliff
part-17-migration-from-pre-ios-27/references/05-coreml-to-coreai.md	902	callout-33a7dc5df72b5bc4	eef0f1229a27865577b8d46dcbe0fd067aa4c65faaa4a111fed746d0b18554e1	unchanged identity and body	precision-loss
part-17-migration-from-pre-ios-27/references/05-coreml-to-coreai.md	920	callout-34c03b9a35b0e365	ae56147c223accf1493abe09d6a369e211c731b098dbfd227e36dfd186a2aa15	unchanged identity and body	ignored-input
part-17-migration-from-pre-ios-27/references/05-coreml-to-coreai.md	937	callout-d2047bb74208486a	97fe671083b6192a06117af7ed06137adf1a6b3e658b006233d69f4439624323	unchanged identity and body	resource-growth
part-17-migration-from-pre-ios-27/references/05-coreml-to-coreai.md	947	callout-d2010d1ab4591355	74697935ebd83884b154a15c1e310bea1b36366c48507d7be27f6221bd316954	unchanged identity and body	resource-growth
part-17-migration-from-pre-ios-27/references/05-coreml-to-coreai.md	963	callout-e9a872a31ebc0482	2a038ea2d0dd98cc93cd4a9e5fb3a4c63a695b174e45a5c360eebded95ea72b3	unchanged identity and body	garbage-output
part-17-migration-from-pre-ios-27/references/05-coreml-to-coreai.md	970	callout-9fbaf26e9cbda82f	10dfa25ee16bd9cc0406732dc95ebbdcb20e269e109ab3c2b2d01f649240868a	unchanged identity and body	garbage-output
part-17-migration-from-pre-ios-27/references/05-coreml-to-coreai.md	987	callout-ddfd8ae142ef1470	615202d44c74bd46169816b2a71149441f7455957d65f591dd9e5a63f04486b7	unchanged identity and body	garbage-output
part-17-migration-from-pre-ios-27/references/05-coreml-to-coreai.md	996	callout-b82dcab898fac87d	850b721efc28ed4abff2ce83029854ea77571a9a8655a6e3422c5a741303ce56	unchanged identity and body	garbage-output
part-17-migration-from-pre-ios-27/references/05-coreml-to-coreai.md	1010	callout-27d02a30a7d25fef	d1fb9ea9b87fb44dfeadaf59f487f76b43c30984e057917c96fd46776b0edec3	unchanged identity and body	footgun-api
part-17-migration-from-pre-ios-27/references/05-coreml-to-coreai.md	1163	callout-d142f686b7b478ac	daa886bde1f5bb522118ca5124e20d19c290bc0a2e4d8eaadf262da66efd84cb	unchanged identity and body	caution-note
part-17-migration-from-pre-ios-27/references/05-coreml-to-coreai.md	1270	callout-8e1b2fc18b9697ec	1b49eb9a16f7aff150a46c2ebd6a6e748b780ece2165b816903345c3d391cf67	unchanged identity and body	caution-note
part-17-migration-from-pre-ios-27/references/05-coreml-to-coreai.md	1366	callout-3d4e4eb952730ddb	48b4862fd9e069bbd777e0e85afdf9b31ae9b3c70c546ff9485d45c967b22c16	unchanged identity and body	empty-output
part-17-migration-from-pre-ios-27/references/05-coreml-to-coreai.md	1393	callout-77449d752d9b4d2e	6a6700d8259e9f17e8c9ad9904c0f3eb423099dc5ca01daf813eec88a1817084	unchanged identity and body	misleading-signal
part-17-migration-from-pre-ios-27/references/05-coreml-to-coreai.md	1398	callout-fe4bb6a7e4c586b4	5da8bf12a0bcd492a1fdc52fc84e5e4f72a39e2236f8c1a618625b1bb3fdf772	unchanged identity and body	misleading-signal
part-17-migration-from-pre-ios-27/references/05-coreml-to-coreai.md	1475	callout-fa2a339561c93cc3	9827053c804f3e43989a1e7644114f97fafb7374f8159ad087dc11d12ffaf339	unchanged identity and body	runtime-unavailable
part-17-migration-from-pre-ios-27/references/05-coreml-to-coreai.md	1553	callout-ded75ca7295d48cf	25caabb7b1492aac6afe2afc917a0d1b21233f84f9e1e3e6cf7628f04f460bd9	unchanged identity and body	caution-note
part-17-migration-from-pre-ios-27/references/05-coreml-to-coreai.md	1908	callout-c8a5bc8bdcfc35dc	16737a101dee520c1dbadea39c98c3f9cabd84de88fb5fd1ac13cc0afa90fd15	unchanged identity and body	data-loss
part-17-migration-from-pre-ios-27/references/05-coreml-to-coreai.md	2146	callout-5908badfe303372c	f51797c42c9238f7d984eb1b0f4a965633720d8f9e4af1b81d5678cd385c4818	unchanged identity and body	caution-note
part-17-migration-from-pre-ios-27/references/05-coreml-to-coreai.md	2297	callout-a5a1c272a588d13f	bc0b79838d322055fe3fa3e56e7b2ed0afb831480406c9d386e5ba5ee8a81805	unchanged identity and body	footgun-api
part-17-migration-from-pre-ios-27/references/05-coreml-to-coreai.md	2299	callout-1d9f70dc1960effa	51f0c90e6c3f0e6e1208c4ae06f8286a906d74980fd3ca177b33b1cf4a3f34d9	unchanged identity and body	resource-growth
part-17-migration-from-pre-ios-27/references/05-coreml-to-coreai.md	2301	callout-cf9344dae9b53da0	697dc5084993a06bcccf16bcad2728db4c9a087b893fd42031601d9f61546c91	unchanged identity and body	perf-cliff
part-17-migration-from-pre-ios-27/references/05-coreml-to-coreai.md	2303	callout-1601710fa0edf0c4	b97ea9a07f5b90b49c44fbfc89737d74c34af81bf05331b245620b5c8997600f	unchanged identity and body	caution-note
part-17-migration-from-pre-ios-27/references/05-coreml-to-coreai.md	2305	callout-66a0e78f524d634e	7b8a314b695ed3a9ab3293c59eb725f97fa9ff39a8228294015aaf6e0e235340	unchanged identity and body	caution-note
part-17-migration-from-pre-ios-27/references/05-coreml-to-coreai.md	2306	callout-3aba79b5775af3cd	f2beacf0003c711d400da05f8a51a92d8334c447350ea3b9ebc0dab5a4a1c4b6	unchanged identity and body	caution-note
part-17-migration-from-pre-ios-27/references/06-toolchain-and-asset-compatibility.md	15	callout-bbfd72d5af275b80	b0f453670939adeb1de98251751c7ccd11c64c5d63165b2ac4bd8225b40e6e2b	unchanged identity and body	version-drift
part-17-migration-from-pre-ios-27/references/06-toolchain-and-asset-compatibility.md	117	callout-085962d075f7cceb	751cf3ae55581ae229c2d557377885f326fda17e5fb2bf0a67604a1f31169729	unchanged identity and body	misleading-signal
part-17-migration-from-pre-ios-27/references/06-toolchain-and-asset-compatibility.md	129	callout-d31331a89cc751fb	44b622639e3d7026fee0f273250c32c0f2caebee6fbf22b7f1bd49b76f45d8ed	unchanged identity and body	version-drift
part-17-migration-from-pre-ios-27/references/06-toolchain-and-asset-compatibility.md	412	callout-d09eead12b84574b	1dd5fee3917e1fc0b949d9bdb589f38b279b5b70437d7c82c7752f64d0995470	unchanged identity and body	caution-note
part-17-migration-from-pre-ios-27/references/06-toolchain-and-asset-compatibility.md	427	callout-4fb95bf7bcac5f84	56d5989862fed802d9f510ff96d95261a6716d216dbedffcb20c11f756716e75	unchanged identity and body	misleading-signal
part-17-migration-from-pre-ios-27/references/06-toolchain-and-asset-compatibility.md	431	callout-cef1695c97ccd758	3f0997a721aa9e5a383fa19dcce138a62fc8bfcb7a958778b4dd59e21d151ac0	unchanged identity and body	misleading-signal
part-17-migration-from-pre-ios-27/references/06-toolchain-and-asset-compatibility.md	488	callout-f638a2f64d1289cf	462b886c37c5f13571e0f4521cd86d54a5a5b36a2a753f92a4b366e29d2ac786	unchanged identity and body	data-loss
part-17-migration-from-pre-ios-27/references/06-toolchain-and-asset-compatibility.md	505	callout-e5a3eb3b2b50f559	6929ded05ecb8e2ae1883e7e5c5c8877b2bf721eb5052d0d9e945f6dc9d11166	unchanged identity and body	ignored-input
part-17-migration-from-pre-ios-27/references/06-toolchain-and-asset-compatibility.md	569	callout-07343d985ab11c3d	ec8e1e6cd12327260dd55ec08104e3404d1632f372fb89488541f316957a3fb6	unchanged identity and body	footgun-api
part-17-migration-from-pre-ios-27/references/06-toolchain-and-asset-compatibility.md	753	callout-4accb48d8376b6fb	6e9d4f3e8c4a80ea6eecf40be2296f9e11f3e29abb3256232c03c4d7a1d09877	unchanged identity and body	footgun-api
part-17-migration-from-pre-ios-27/references/06-toolchain-and-asset-compatibility.md	774	callout-0d7ee94a18eb7fef	41406b1ca8039738b71ac596667c865df5e9e4f226698ca715e9b4cf393bfddc	unchanged identity and body	version-drift
part-17-migration-from-pre-ios-27/references/06-toolchain-and-asset-compatibility.md	779	callout-d0de6a3333a0268c	127848bf48121334802d4bdc9f648bbd7dbfa919ea6ae4abc9ae47c4f699b5a3	unchanged identity and body	version-drift
part-17-migration-from-pre-ios-27/references/06-toolchain-and-asset-compatibility.md	834	callout-e36ce172ec6feeea	800186f8f226822a24cdf125fc0ac84cec0c37f6933f516f9d804fe44e336a04	unchanged identity and body	caution-note
part-17-migration-from-pre-ios-27/references/06-toolchain-and-asset-compatibility.md	875	callout-ccde13c882961a27	f31f62d70d5b9c56ec71fdfbce46af49af900f7ee9fe083f75a4dc3c16a21364	unchanged identity and body	stale-state
part-17-migration-from-pre-ios-27/references/06-toolchain-and-asset-compatibility.md	1097	callout-4f294d2d55a10712	655ce13b68a0db65061d28f90ba39bd86da5adb587cba6a3dfd4895c5aa3634f	unchanged identity and body	caution-note
part-17-migration-from-pre-ios-27/references/06-toolchain-and-asset-compatibility.md	1174	callout-83cdfc96bfe00911	6339d390454dd38a3e180daaf8810f62800828fbf289c051fdc78155e26a98e4	unchanged identity and body	perf-cliff
part-17-migration-from-pre-ios-27/references/06-toolchain-and-asset-compatibility.md	1278	callout-b9ec73dc3aae59f3	d8b1cb7c7ff60df8d3309d0df6cc055ff5fe8b5b58813b7bda7892b6aaaec0d2	unchanged identity and body	version-drift
part-17-migration-from-pre-ios-27/references/06-toolchain-and-asset-compatibility.md	1322	callout-7320d79eeee7d073	1ee92630543743adc3bffdb2b4c58e9afd64b17627862b1a287158a2e2291077	unchanged identity and body	version-drift
part-17-migration-from-pre-ios-27/references/06-toolchain-and-asset-compatibility.md	1324	callout-875f54069f82b233	a05c4030a52791766f4fa24e50f72858180e74688dbda8dd747a98b4c3a792cb	unchanged identity and body	version-drift
part-17-migration-from-pre-ios-27/references/06-toolchain-and-asset-compatibility.md	1473	callout-fd47f2eb842cfdb2	3d47382ec62e71f1f0dc4c962d3d9b51f1d7c5bc62ad0c0663754879dab13370	unchanged identity and body	caution-note
part-17-migration-from-pre-ios-27/references/06-toolchain-and-asset-compatibility.md	1751	callout-3f76389dd1927c6c	f6b1d61919105a98bb356cdb4fcf1216e0d12a97232d7658fbfc8f03b3857197	unchanged identity and body	caution-note
part-17-migration-from-pre-ios-27/references/06-toolchain-and-asset-compatibility.md	1795	callout-c8092a616d6967fb	1f3b2fbe56a880d14663dc082954ee302deb1150d1ca13d7b40275f556d59d1c	unchanged identity and body	data-loss
part-17-migration-from-pre-ios-27/references/06-toolchain-and-asset-compatibility.md	1797	callout-9781c97cfbd056bd	902cd581ed831ffca2bf0c32332497943c6cc3ee88cc223775bed25fa33f068b	unchanged identity and body	data-loss
part-17-migration-from-pre-ios-27/references/06-toolchain-and-asset-compatibility.md	1885	callout-a076735a080ff01e	11830f3bbf38983580868e728e77c1b6d8df8ed0360e60eae130dd46748c4ddd	unchanged identity and body	data-loss
part-17-migration-from-pre-ios-27/references/06-toolchain-and-asset-compatibility.md	1902	callout-e10dc35dce165045	406d8ac5eeca30e9d88f7266d96041664d71e75551982ca9526a045439440d59	unchanged identity and body	data-loss
part-17-migration-from-pre-ios-27/references/06-toolchain-and-asset-compatibility.md	1904	callout-93b10945c9e6d720	f8ce17cc48a5af4ebde31bfc39e3edfd0983f88b85ff8622a40a3f7b02217b87	unchanged identity and body	data-loss
part-17-migration-from-pre-ios-27/references/06-toolchain-and-asset-compatibility.md	1949	callout-eae438755ade8add	0d4a406028e06a9e34a7934d981d1d15e0d26f00980588f3e059385d3d0171d4	unchanged identity and body	misleading-signal
part-17-migration-from-pre-ios-27/references/06-toolchain-and-asset-compatibility.md	2000	callout-1aba24849e0c5c40	1f3b2fbe56a880d14663dc082954ee302deb1150d1ca13d7b40275f556d59d1c	unchanged identity and body	misleading-signal
part-17-migration-from-pre-ios-27/references/06-toolchain-and-asset-compatibility.md	2002	callout-d2ab71c2118794e8	102fc16fe9c5001f5bc590e9e01a2f396272150a2e3983268078b4bbe2bf9a30	unchanged identity and body	misleading-signal
part-17-migration-from-pre-ios-27/references/06-toolchain-and-asset-compatibility.md	2139	callout-11b09f3d5dd81090	49758d050b42b13328676a524f525fd6a8f7bb897b6924bc6cfce1356696ec9b	unchanged identity and body	footgun-api
part-17-migration-from-pre-ios-27/references/06-toolchain-and-asset-compatibility.md	2164	callout-d309c540ad9c4017	2847c66d2ed5b31d5194aa0deba9691e684225878b2b39daaf519f51390beeb8	unchanged identity and body	runtime-unavailable
part-17-migration-from-pre-ios-27/references/06-toolchain-and-asset-compatibility.md	2235	callout-d1c951ba92e9a0ad	1f3b2fbe56a880d14663dc082954ee302deb1150d1ca13d7b40275f556d59d1c	unchanged identity and body	misleading-signal
part-17-migration-from-pre-ios-27/references/06-toolchain-and-asset-compatibility.md	2237	callout-b91deb9764298427	95a205a936a6e36a84fa83ee234078208fea4455906c69454faebe0dcf2cba00	unchanged identity and body	misleading-signal
part-17-migration-from-pre-ios-27/references/06-toolchain-and-asset-compatibility.md	2545	callout-a6e3a7fcd4557888	cd1aed7b9ccaff8333ea47d31a4596ab40d6c6f80910afda3707fde069ab6ce2	unchanged identity and body	docs-vs-reality
part-17-migration-from-pre-ios-27/references/06-toolchain-and-asset-compatibility.md	2547	callout-3c792332f6f97577	991b248fd9f2d8a647b1809889465ddb1f9aaf7e48055d075aad285e1139efdd	unchanged identity and body	docs-vs-reality
part-17-migration-from-pre-ios-27/references/06-toolchain-and-asset-compatibility.md	2580	callout-b42aa9b50fdda8d7	40d811553d147592c1b6afee97b454d974f7ba5a30766cf88c87f7673f1f46d1	unchanged identity and body	footgun-api
part-17-migration-from-pre-ios-27/references/06-toolchain-and-asset-compatibility.md	2665	callout-209ccb13bbf1709f	9b7b7d8aee07aefaa3c5862ed8ae15b125bf70757049b603462530cff66310ae	unchanged identity and body	runtime-unavailable
part-17-migration-from-pre-ios-27/references/06-toolchain-and-asset-compatibility.md	2684	callout-fea958e971871855	1ff5199c39f612b92e3e095d6af18b80edb2e6d422f3b25893329996056f872f	unchanged identity and body	docs-vs-reality
part-17-migration-from-pre-ios-27/references/06-toolchain-and-asset-compatibility.md	2686	callout-a4b422216dbb4bf3	a73c317622ef848f67f83146a63d9734bbcbe93671db79aaa86aa7662b2bf50a	unchanged identity and body	docs-vs-reality
part-17-migration-from-pre-ios-27/references/06-toolchain-and-asset-compatibility.md	2782	callout-aa24ac77c87965e6	59f03a36806f751a8144169fb531724d3be3fa8573e819900e8d42259a32a3ae	unchanged identity and body	version-drift
part-17-migration-from-pre-ios-27/references/06-toolchain-and-asset-compatibility.md	2839	callout-df57da19e3263e1b	9b46c92a6a1e76908c55b3aed408a9b559f3360f3ccf455989d4b0a21cf83af7	unchanged identity and body	version-drift
part-17-migration-from-pre-ios-27/references/06-toolchain-and-asset-compatibility.md	2976	callout-3c0c778f4d41120b	328c3e752405a55af02e52d3f61ee5ab26deeea166224dcec46cfd387973a5e4	unchanged identity and body	caution-note
