reference	section	claim_disposition	source	current_section_sha256
README.md	(preamble)	updated; release API claims reconciled; dated evidence retained	https://github.com/apple/coreai-optimization/blob/189612be60bc1d5cca9b73ad8811660f738c637d/pyproject.toml	bb695f5a42373bbad90d09a5951f0f1e1810d7e8d828ea28261bfb947be79e96
README.md	## Why this part exists	retained; current API/source or dated SDK/benchmark scope reviewed	https://github.com/apple/coreai-optimization/blob/189612be60bc1d5cca9b73ad8811660f738c637d/pyproject.toml	22141a1f7c81e7ecbf68ee5f6bd64dbd46a0847f93944623f7b6d0bfed9c13d7
README.md	## Read this first: the triage table	retained; current API/source or dated SDK/benchmark scope reviewed	https://github.com/apple/coreai-optimization/blob/189612be60bc1d5cca9b73ad8811660f738c637d/pyproject.toml	c9d2a86d8cfa0ca1d9f8f75a7ea6b77f0cf4717f780d2f89dc6c08624df37df3
README.md	## The guides in this part	updated; release API claims reconciled; dated evidence retained	https://github.com/apple/coreai-optimization/blob/189612be60bc1d5cca9b73ad8811660f738c637d/pyproject.toml	0db0c717cf57d5978fbff55f01eab6ec0b351bfd688f57f06149f6d0bc2fcbbb
README.md	## What this part deliberately does not cover	updated; release API claims reconciled; dated evidence retained	https://github.com/apple/coreai-optimization/blob/189612be60bc1d5cca9b73ad8811660f738c637d/pyproject.toml	690bee4b7c2c4bedce7c52a0206d0df775c64a929a16518ab1aa9aa10519a2da
README.md	## Sources for this part	updated; release API claims reconciled; dated evidence retained	https://github.com/apple/coreai-optimization/blob/189612be60bc1d5cca9b73ad8811660f738c637d/pyproject.toml	8f6bc9bc0b20855ff7c2b678b7c64b3249bdf1dc98565c335dba9d307d5d0662
references/01-quantization.md	(preamble)	updated; release API claims reconciled; dated evidence retained	https://github.com/apple/coreai-optimization/blob/189612be60bc1d5cca9b73ad8811660f738c637d/src/coreai_opt/quantization/	ca08908b1ca7e250fa3331c99d4063ec0030e99def2e0a3290308f5e5053782f
references/01-quantization.md	## What this covers	updated; release API claims reconciled; dated evidence retained	https://github.com/apple/coreai-optimization/blob/189612be60bc1d5cca9b73ad8811660f738c637d/src/coreai_opt/quantization/	4a7bd9f7b61d172bf7ed002d0fbee528da635b4651208d629ec83c74522255de
references/01-quantization.md	## What this does *not* cover	updated; release API claims reconciled; dated evidence retained	https://github.com/apple/coreai-optimization/blob/189612be60bc1d5cca9b73ad8811660f738c637d/src/coreai_opt/quantization/	debd5295670ca2d311fcf0e0b87155c734f28335fc4e6ddf8a09f4078bab0a83
references/01-quantization.md	## What you need	updated; release API claims reconciled; dated evidence retained	https://github.com/apple/coreai-optimization/blob/189612be60bc1d5cca9b73ad8811660f738c637d/src/coreai_opt/quantization/	be9659235bfb624c35eb2abee71683a5a6913612ec939d1029db7da40dd4b42e
references/01-quantization.md	## Contents	retained; current API/source or dated SDK/benchmark scope reviewed	https://github.com/apple/coreai-optimization/blob/189612be60bc1d5cca9b73ad8811660f738c637d/src/coreai_opt/quantization/	1e55b3f8773e76bc2a64c38c3f0c51d2a47c7beefa36c6c80dddbd10d17b3def
references/01-quantization.md	## 1. Where compression sits, and what it actually costs	retained; current API/source or dated SDK/benchmark scope reviewed	https://github.com/apple/coreai-optimization/blob/189612be60bc1d5cca9b73ad8811660f738c637d/src/coreai_opt/quantization/	1d4783e13b45076d51e8573d160ff07434b607c769ce9e02e382d82424bc1a47
references/01-quantization.md	### 1.1 The pipeline position	updated; release API claims reconciled; dated evidence retained	https://github.com/apple/coreai-optimization/blob/189612be60bc1d5cca9b73ad8811660f738c637d/pyproject.toml	96fa6fc9b228820125eb32d45b38dad3ac934f8eb0f0437c0da9264e29e90d89
references/01-quantization.md	### 1.2 What each workflow costs	retained; current API/source or dated SDK/benchmark scope reviewed	https://github.com/apple/coreai-optimization/blob/189612be60bc1d5cca9b73ad8811660f738c637d/pyproject.toml	c5d8f004a639765fe60c69e4df4d98c5ee435ba448dd42ac19600b31f5090b4a
references/01-quantization.md	### 1.3 The three techniques, and why this guide is only about one	retained; current API/source or dated SDK/benchmark scope reviewed	https://github.com/apple/coreai-optimization/blob/189612be60bc1d5cca9b73ad8811660f738c637d/pyproject.toml	126ef927eb8ac809caf4c63f750e7808731ea293987e9175be38d95c0ba3734f
references/01-quantization.md	### 1.4 The relationship to `coremltools.optimize`	updated; release API claims reconciled; dated evidence retained	https://github.com/apple/coreai-optimization/blob/189612be60bc1d5cca9b73ad8811660f738c637d/pyproject.toml	09642e7d04e972c3312704a77b596731443049ae4b546d1c809f20ddae6085c7
references/01-quantization.md	## 2. The compressor lifecycle: four methods, one contract	retained; current API/source or dated SDK/benchmark scope reviewed	https://github.com/apple/coreai-optimization/blob/189612be60bc1d5cca9b73ad8811660f738c637d/src/coreai_opt/quantization/	3484e81b51347e311fae17fbd5d95eb02392201ebf5422ea38fe0b0fde4848bc
references/01-quantization.md	### 2.1 The minimum viable quantization	updated; release API claims reconciled; dated evidence retained	https://github.com/apple/coreai-optimization/blob/189612be60bc1d5cca9b73ad8811660f738c637d/src/coreai_opt/quantization/	267ca717499af76dceee6101e3060b67e7583479d6c8a5251943a5e8fc2d37c3
references/01-quantization.md	### 2.2 `example_inputs` must be a tuple, and must be representative	updated; release API claims reconciled; dated evidence retained	https://github.com/apple/coreai-optimization/blob/189612be60bc1d5cca9b73ad8811660f738c637d/src/coreai_opt/quantization/	58531d8952888c6f160a4578cce7fe499dd700c85460414147a4857dcbf2fbbb
references/01-quantization.md	### 2.3 `prepare()` mutates in place — take a copy first	updated; release API claims reconciled; dated evidence retained	https://github.com/apple/coreai-optimization/blob/189612be60bc1d5cca9b73ad8811660f738c637d/src/coreai_opt/quantization/	d719d64ae55006e1f324ce8b7b23828b387a3791949d02bfabbb0f67e61ddbaa
references/01-quantization.md	### 2.4 Train/eval mode is handled for you on the way in, and not on the way out	updated; release API claims reconciled; dated evidence retained	https://github.com/apple/coreai-optimization/blob/189612be60bc1d5cca9b73ad8811660f738c637d/src/coreai_opt/quantization/	1caba7c9a942fdc6798e9c8974bb8c195e8087145a7d8efdcd0114d52576f795
references/01-quantization.md	### 2.5 `finalize()` is destructive, and validates first	retained; current API/source or dated SDK/benchmark scope reviewed	https://github.com/apple/coreai-optimization/blob/189612be60bc1d5cca9b73ad8811660f738c637d/src/coreai_opt/quantization/	be563e7b9b1ea0302b84dca8c4505fb40a63916c622dfd2cb8785ce6dd481aa9
references/01-quantization.md	### 2.6 `mmap_dir` — GRAPH or EAGER, CoreAI only	updated; release API claims reconciled; dated evidence retained	https://github.com/apple/coreai-optimization/blob/189612be60bc1d5cca9b73ad8811660f738c637d/src/coreai_opt/quantization/	f1f0e012fb8e83b009f713db9fd7497d026df8ca97fad23ed68a3cd31a8b7265
references/01-quantization.md	## 3. Presets: the one-liners, and what they expand to	retained; current API/source or dated SDK/benchmark scope reviewed	https://github.com/apple/coreai-optimization/blob/189612be60bc1d5cca9b73ad8811660f738c637d/src/coreai_opt/quantization/	f3b919c3c54f9771a898af492cf220c84dd62fdd46010814157a478123b8819c
references/01-quantization.md	### 3.1 The complete roster	retained; current API/source or dated SDK/benchmark scope reviewed	https://github.com/apple/coreai-optimization/blob/189612be60bc1d5cca9b73ad8811660f738c637d/src/coreai_opt/quantization/	309e42a5364d354fabcd9e96b253b682b209649db30c00958c137b51ab72d195
references/01-quantization.md	### 3.2 `presets.w4()`, expanded	retained; current API/source or dated SDK/benchmark scope reviewed	https://github.com/apple/coreai-optimization/blob/189612be60bc1d5cca9b73ad8811660f738c637d/src/coreai_opt/quantization/	c2caa2484d72a4b402fd3db01680c9d9ea27e44641ee243205d0cd27c791963f
references/01-quantization.md	### 3.3 The transcript's one-liner, and the correction	updated; release API claims reconciled; dated evidence retained	https://github.com/apple/coreai-optimization/blob/189612be60bc1d5cca9b73ad8811660f738c637d/src/coreai_opt/quantization/	c7269cc9761ba33aab7f62c6a78b31b919d5dd1602e2599872f8bfdf13bb5fa7
references/01-quantization.md	### 3.4 A preset is a starting point, not an answer	retained; current API/source or dated SDK/benchmark scope reviewed	https://github.com/apple/coreai-optimization/blob/189612be60bc1d5cca9b73ad8811660f738c637d/src/coreai_opt/quantization/	aea94903608ca214c1878fe10173213eb5eecb1674ae9d2cfea9e990e03bbc33
references/01-quantization.md	## 4. The config hierarchy: three levels, three tensor groups, and `None`	retained; current API/source or dated SDK/benchmark scope reviewed	https://github.com/apple/coreai-optimization/blob/189612be60bc1d5cca9b73ad8811660f738c637d/src/coreai_opt/quantization/	b0279f968488a29b88a5a723ea899d24feccf2c2126f88cf7871fbeae4de3d99
references/01-quantization.md	### 4.1 Three levels of scope	updated; release API claims reconciled; dated evidence retained	https://github.com/apple/coreai-optimization/blob/189612be60bc1d5cca9b73ad8811660f738c637d/src/coreai_opt/quantization/	c3ae6af7a4ea0e62b59ba6528dbb45d477f9e087dfa21c1ef3bf8382e12c159d
references/01-quantization.md	### 4.2 Three groups of tensors	retained; current API/source or dated SDK/benchmark scope reviewed	https://github.com/apple/coreai-optimization/blob/189612be60bc1d5cca9b73ad8811660f738c637d/src/coreai_opt/quantization/	c7743b215d97231e036e4660038b3ab41ac2a5e92d2418c4beaa044c76659803
references/01-quantization.md	### 4.3 ⚠️ `None` is not the same as omitting the field	updated; release API claims reconciled; dated evidence retained	https://github.com/apple/coreai-optimization/blob/189612be60bc1d5cca9b73ad8811660f738c637d/src/coreai_opt/quantization/	e717ba1898b0d0ff954a1d4d957cef84a71abb56a8e19f42a385a9e64f8bdf2f
references/01-quantization.md	### 4.4 Everything is `@final` and everything is frozen	updated; release API claims reconciled; dated evidence retained	https://github.com/apple/coreai-optimization/blob/189612be60bc1d5cca9b73ad8811660f738c637d/src/coreai_opt/quantization/	a399dc749b2365ce170c6c0247471aaa6a15cd3017e292811f9f48003817688f
references/01-quantization.md	### 4.5 Digit keys and module aliases — two conveniences that surprise people	retained; current API/source or dated SDK/benchmark scope reviewed	https://github.com/apple/coreai-optimization/blob/189612be60bc1d5cca9b73ad8811660f738c637d/src/coreai_opt/quantization/	6372eb1984d2ac26c15766c0d6644c93da59b69f42db8694b4379c5b44e67e9c
references/01-quantization.md	## 5. Scoping: regex names, fully-qualified types, `only_for` and `without`	retained; current API/source or dated SDK/benchmark scope reviewed	https://github.com/apple/coreai-optimization/blob/189612be60bc1d5cca9b73ad8811660f738c637d/src/coreai_opt/quantization/	b20e4b47b99bea0b2fd31d73924a684847fe6f03a06fed6d64817abc4081952e
references/01-quantization.md	### 5.1 `module_name_configs` — regex, matched with `fullmatch`	updated; release API claims reconciled; dated evidence retained	https://github.com/apple/coreai-optimization/blob/189612be60bc1d5cca9b73ad8811660f738c637d/src/coreai_opt/quantization/	96aa00a78a82951b0e530d14b61fa9376b13697669217516409de4749b8a192d
references/01-quantization.md	### 5.2 `module_type_configs` — **fully-qualified** class names only	updated; release API claims reconciled; dated evidence retained	https://github.com/apple/coreai-optimization/blob/189612be60bc1d5cca9b73ad8811660f738c637d/src/coreai_opt/quantization/	a3f8d8cb3273faaf959cf9d984f3490b0ba1e6f77a4dc9e0db644117c6f7f60a
references/01-quantization.md	### 5.3 The chainable helpers: `only_for` and `without`	updated; release API claims reconciled; dated evidence retained	https://github.com/apple/coreai-optimization/blob/189612be60bc1d5cca9b73ad8811660f738c637d/src/coreai_opt/quantization/	346afc0e9207152e6f005ee713b2df6e1cc180a2dece6f0126b3f355b8d8fa78
references/01-quantization.md	### 5.4 YAML, and why anchors are a first-class feature	retained; current API/source or dated SDK/benchmark scope reviewed	https://github.com/apple/coreai-optimization/blob/189612be60bc1d5cca9b73ad8811660f738c637d/src/coreai_opt/quantization/	c24c221ad38964c49ea58ad6b068757df4e0770edc007df48fe9d0ff231c3cec
references/01-quantization.md	## 6. `QuantizationSpec`: every field	retained; current API/source or dated SDK/benchmark scope reviewed	https://github.com/apple/coreai-optimization/blob/189612be60bc1d5cca9b73ad8811660f738c637d/src/coreai_opt/quantization/	3e554a1b61196809381f3ff0c45bdedc05831afa86873f4781aba845c790f8c7
references/01-quantization.md	### 6.1 `dtype` — nine supported, and what they lower to	retained; current API/source or dated SDK/benchmark scope reviewed	https://github.com/apple/coreai-optimization/blob/189612be60bc1d5cca9b73ad8811660f738c637d/src/coreai_opt/quantization/	062bcae2ffe53a4eec40c84deb179a98cdf6ecabfc9ef3823d160131f91c70d3
references/01-quantization.md	### 6.2 `qscheme` — three cases, and where the third earns its keep	retained; current API/source or dated SDK/benchmark scope reviewed	https://github.com/apple/coreai-optimization/blob/189612be60bc1d5cca9b73ad8811660f738c637d/src/coreai_opt/quantization/	7c2e01c9c78c665a0216f3450dc205946f88909ff12359705402190c68d9c8ff
references/01-quantization.md	### 6.3 `qformulation` — ZP vs MINVAL	retained; current API/source or dated SDK/benchmark scope reviewed	https://github.com/apple/coreai-optimization/blob/189612be60bc1d5cca9b73ad8811660f738c637d/src/coreai_opt/quantization/	7e1a6616dadedf8ed985c3181b558c32f82b68291f61131f7e86ce7730c9ed91
references/01-quantization.md	### 6.4 Scale and zero-point formulas	retained; current API/source or dated SDK/benchmark scope reviewed	https://github.com/apple/coreai-optimization/blob/189612be60bc1d5cca9b73ad8811660f738c637d/src/coreai_opt/quantization/	2e825e36824d52a7b9b1acc7c09d1fa4385b1ec0465890e730bccf72ccfa213d
references/01-quantization.md	### 6.5 The three pluggable classes, and the one that cannot be exported	retained; current API/source or dated SDK/benchmark scope reviewed	https://github.com/apple/coreai-optimization/blob/189612be60bc1d5cca9b73ad8811660f738c637d/src/coreai_opt/quantization/	9ce55e70239e4b73cb7d18a6abbd4352dbe7842cf6af4160b2da243606105e31
references/01-quantization.md	### 6.6 Writing your own calculator	retained; current API/source or dated SDK/benchmark scope reviewed	https://github.com/apple/coreai-optimization/blob/189612be60bc1d5cca9b73ad8811660f738c637d/src/coreai_opt/quantization/	d0ecbd48a983546f6a5823d81a3025509d832a7dd16fcb3e67900f99b0fdb13d
references/01-quantization.md	## 7. Granularity, default axes, and the silent skip	retained; current API/source or dated SDK/benchmark scope reviewed	https://github.com/apple/coreai-optimization/blob/189612be60bc1d5cca9b73ad8811660f738c637d/src/coreai_opt/quantization/	c5b5f59d21dad2a6c77c6359da14c56d6a59daed0d13adb635a319ad1a162479
references/01-quantization.md	### 7.1 Three classes	retained; current API/source or dated SDK/benchmark scope reviewed	https://github.com/apple/coreai-optimization/blob/189612be60bc1d5cca9b73ad8811660f738c637d/src/coreai_opt/quantization/	82f97055372cad86f9455751291ddd7682bf06f1bb9ea1582fa4cc201fd5dc29
references/01-quantization.md	### 7.2 The size arithmetic	retained; current API/source or dated SDK/benchmark scope reviewed	https://github.com/apple/coreai-optimization/blob/189612be60bc1d5cca9b73ad8811660f738c637d/src/coreai_opt/quantization/	2b68abad572cb90e4a7fe45a524dbc9a2fb716d41094d770b9726a9f4e0c3647
references/01-quantization.md	### 7.3 The default weight axis table	retained; current API/source or dated SDK/benchmark scope reviewed	https://github.com/apple/coreai-optimization/blob/189612be60bc1d5cca9b73ad8811660f738c637d/src/coreai_opt/quantization/	9dca7df2caf8219dfdc28cafb6b751d468296f66bf1f5177c021e7a7a508a760
references/01-quantization.md	### 7.4 Three ways the axis default fails, and what each message means	updated; release API claims reconciled; dated evidence retained	https://github.com/apple/coreai-optimization/blob/189612be60bc1d5cca9b73ad8811660f738c637d/src/coreai_opt/quantization/	4c250234c39209972d9db6214dcd92ce169d24e0ab252219a86357405a924575
references/01-quantization.md	### 7.5 ⚠️ SILENT FAILURE — a block size your weight isn't divisible by leaves the layer uncompressed	updated; release API claims reconciled; dated evidence retained	https://github.com/apple/coreai-optimization/blob/189612be60bc1d5cca9b73ad8811660f738c637d/src/coreai_opt/quantization/	d6c60163101b158581598739a59dcefe37a9fde95067ea3961973181b17272d6
references/01-quantization.md	## 8. GRAPH vs EAGER: a structural split, not a flag	retained; current API/source or dated SDK/benchmark scope reviewed	https://github.com/apple/coreai-optimization/blob/189612be60bc1d5cca9b73ad8811660f738c637d/src/coreai_opt/quantization/	8d523ae0c64a7f5f24ef5e81fb3b8030902ef62a5d4671a5f146992e195c1f05
references/01-quantization.md	### 8.1 The enum	updated; release API claims reconciled; dated evidence retained	https://github.com/apple/coreai-optimization/blob/189612be60bc1d5cca9b73ad8811660f738c637d/src/coreai_opt/quantization/	78c3041a9ab60b0cb5bb8ae114db94bb813b0c2c03329135f0cb5b41aa53f875
references/01-quantization.md	### 8.2 The capability table	updated; release API claims reconciled; dated evidence retained	https://github.com/apple/coreai-optimization/blob/189612be60bc1d5cca9b73ad8811660f738c637d/src/coreai_opt/quantization/	530af4fa3989ebaabaff860771e1108ba9c64d31e1ee47e96af00ff9dd0f313b
references/01-quantization.md	### 8.3 ⚠️ The two modes do not produce equivalent models	updated; release API claims reconciled; dated evidence retained	https://github.com/apple/coreai-optimization/blob/189612be60bc1d5cca9b73ad8811660f738c637d/src/coreai_opt/quantization/	fe69c578fab34e70bf020608949d2512982babd24aaa8f75dd8253a32cdf59c0
references/01-quantization.md	### 8.4 Which mode, actually	updated; release API claims reconciled; dated evidence retained	https://github.com/apple/coreai-optimization/blob/189612be60bc1d5cca9b73ad8811660f738c637d/src/coreai_opt/quantization/	49fad856088f9a0d1a5ccd5986ec359c099339efe649cae440601b5b6df6dcc2
references/01-quantization.md	### 8.5 Graph-mode `prepare()`, step by step	updated; release API claims reconciled; dated evidence retained	https://github.com/apple/coreai-optimization/blob/189612be60bc1d5cca9b73ad8811660f738c637d/src/coreai_opt/quantization/	e91b05a8c17c114a5f4013e8cbfed6949355e8699147451dd4b7c3c2917fe330
references/01-quantization.md	### 8.6 Graph mode rejects some config shapes outright	retained; current API/source or dated SDK/benchmark scope reviewed	https://github.com/apple/coreai-optimization/blob/189612be60bc1d5cca9b73ad8811660f738c637d/src/coreai_opt/quantization/	75401ac15db64c04ef5b692b8fa71367777030ca842d4eb5c2256ac040b259f3
references/01-quantization.md	### 8.7 How graph mode decides what to annotate	updated; release API claims reconciled; dated evidence retained	https://github.com/apple/coreai-optimization/blob/189612be60bc1d5cca9b73ad8811660f738c637d/src/coreai_opt/quantization/	b91481c2437c9a41f4918f2e2beb341d5d0ba1958d2453318bef00f01dc9841f
references/01-quantization.md	### 8.8 Eager mode's supported ops	updated; release API claims reconciled; dated evidence retained	https://github.com/apple/coreai-optimization/blob/189612be60bc1d5cca9b73ad8811660f738c637d/src/coreai_opt/quantization/	1a9d4858ec865efb885ec74bbe81d51c31f0022c2479ff4f77d5e898cdbd60ed
references/01-quantization.md	### 8.9 Graph-mode quantization with composite externalization	updated; release API claims reconciled; dated evidence retained	https://github.com/apple/coreai-optimization/blob/189612be60bc1d5cca9b73ad8811660f738c637d/src/coreai_opt/quantization/	c7395e52ff7de1074bcca465f8b4d60b58936ee2048066625068081c203803cb
references/01-quantization.md	## 9. Activation quantization: observers, calibration, shared observers	retained; current API/source or dated SDK/benchmark scope reviewed	https://github.com/apple/coreai-optimization/blob/189612be60bc1d5cca9b73ad8811660f738c637d/src/coreai_opt/quantization/	7f238567627b47f98df2a1b8ca0e0f6a04385d3960b7d22d8c1291991b31d926
references/01-quantization.md	### 9.1 The two default specs	retained; current API/source or dated SDK/benchmark scope reviewed	https://github.com/apple/coreai-optimization/blob/189612be60bc1d5cca9b73ad8811660f738c637d/src/coreai_opt/quantization/	74adbe19e0a567376115dc673137b1954057b9a987b681577bb3d4b80d159c08
references/01-quantization.md	### 9.2 What `calibration_mode()` actually toggles	updated; release API claims reconciled; dated evidence retained	https://github.com/apple/coreai-optimization/blob/189612be60bc1d5cca9b73ad8811660f738c637d/src/coreai_opt/quantization/	972e55975b7ff2601ba6da1d351a69ed40e46dbcf1ac9a75c80758f57430c721
references/01-quantization.md	### 9.3 The calibration loop	updated; release API claims reconciled; dated evidence retained	https://github.com/apple/coreai-optimization/blob/189612be60bc1d5cca9b73ad8811660f738c637d/src/coreai_opt/quantization/	08e380c75df1c4dfef2d3d489c5809c623540f165ef1dcf3b0fabad755c460ca
references/01-quantization.md	### 9.4 Prepared vs finalized are not bit-identical	retained; current API/source or dated SDK/benchmark scope reviewed	https://github.com/apple/coreai-optimization/blob/189612be60bc1d5cca9b73ad8811660f738c637d/src/coreai_opt/quantization/	070f31c289cb1657fcdebf3083d7d93721cdf9284a04689f127773424dea0f11
references/01-quantization.md	### 9.5 The six ops whose qscheme the framework overrides	updated; release API claims reconciled; dated evidence retained	https://github.com/apple/coreai-optimization/blob/189612be60bc1d5cca9b73ad8811660f738c637d/src/coreai_opt/quantization/	038989e8bd2b0cf93905ed124d1f3cc45f381336f001b27f97711cd02be38e5a
references/01-quantization.md	### 9.6 ⚠️ Shared observers and the per-channel activation constraint	updated; release API claims reconciled; dated evidence retained	https://github.com/apple/coreai-optimization/blob/189612be60bc1d5cca9b73ad8811660f738c637d/src/coreai_opt/quantization/	09f114504a6f4974a5aeb12b1b031c4317ee4af2b2983d723ad88d070e981bc2
references/01-quantization.md	### 9.7 The fake-quantize forward, and where the gradient comes from	retained; current API/source or dated SDK/benchmark scope reviewed	https://github.com/apple/coreai-optimization/blob/189612be60bc1d5cca9b73ad8811660f738c637d/src/coreai_opt/quantization/	1d53cce9f7071e6719178a53e027bd9cda19b7e5c90c4b66adaf5efd10ffc3a4
references/01-quantization.md	## 10. PTQ: data-free and calibration-based	retained; current API/source or dated SDK/benchmark scope reviewed	https://github.com/apple/coreai-optimization/blob/189612be60bc1d5cca9b73ad8811660f738c637d/src/coreai_opt/quantization/	bbf3215518c2ee3f9259b3524ee4ab189db93eba1c9c3895cdd2f2466f88bc15
references/01-quantization.md	### 10.1 Data-free weight-only PTQ is the default and the right starting point	updated; release API claims reconciled; dated evidence retained	https://github.com/apple/coreai-optimization/blob/189612be60bc1d5cca9b73ad8811660f738c637d/src/coreai_opt/quantization/	5ebd5356a9e649cdec7eec5755c9152cfef7697de7696e103eaa51a3e7fbd7c3
references/01-quantization.md	### 10.2 The bit-width ladder, and where it breaks	retained; current API/source or dated SDK/benchmark scope reviewed	https://github.com/apple/coreai-optimization/blob/189612be60bc1d5cca9b73ad8811660f738c637d/src/coreai_opt/quantization/	bb8e449b6b496ceba4b4e0bc30fef29c9ba43d474ae0bdf03e39fd0f9434c340
references/01-quantization.md	### 10.3 Calibration-based PTQ	updated; release API claims reconciled; dated evidence retained	https://github.com/apple/coreai-optimization/blob/189612be60bc1d5cca9b73ad8811660f738c637d/src/coreai_opt/quantization/	fca035fa67d0e34e826202c3e3f2e0fb1af9539430236bf9cedaf3cbd3515a48
references/01-quantization.md	### 10.4 Joint compression: palettize first, then quantize activations	retained; current API/source or dated SDK/benchmark scope reviewed	https://github.com/apple/coreai-optimization/blob/189612be60bc1d5cca9b73ad8811660f738c637d/src/coreai_opt/quantization/	62ca4d972864c991d52e92f2348c28367daaf7325a5de89d32bd2a39b9c9de23
references/01-quantization.md	## 11. QAT: the schedule, `step()`, and the two conflict rules	retained; current API/source or dated SDK/benchmark scope reviewed	https://github.com/apple/coreai-optimization/blob/189612be60bc1d5cca9b73ad8811660f738c637d/src/coreai_opt/quantization/	b0e4a284263370fbe402fc2c2279420a31df44dcd7f6fcda48ee858876d06176
references/01-quantization.md	### 11.1 The simplest form: no schedule at all	retained; current API/source or dated SDK/benchmark scope reviewed	https://github.com/apple/coreai-optimization/blob/189612be60bc1d5cca9b73ad8811660f738c637d/src/coreai_opt/quantization/	b164988bc503004394f18846f06d18f9b5d65aaba128648ad8fea567285dbbc4
references/01-quantization.md	### 11.2 `QATSchedule`: three integers	retained; current API/source or dated SDK/benchmark scope reviewed	https://github.com/apple/coreai-optimization/blob/189612be60bc1d5cca9b73ad8811660f738c637d/src/coreai_opt/quantization/	07aecf51428727e38f5f4304f4867494fe0cb92456d21143628954cb7455c59d
references/01-quantization.md	### 11.3 `step()` and its three failure modes	retained; current API/source or dated SDK/benchmark scope reviewed	https://github.com/apple/coreai-optimization/blob/189612be60bc1d5cca9b73ad8811660f738c637d/src/coreai_opt/quantization/	349dda26a4ec4047ef76930bcaee75fa09c970bb5af2d3e8d17eff72e4d9aa64
references/01-quantization.md	### 11.4 The manual API, and why it is mutually exclusive	updated; release API claims reconciled; dated evidence retained	https://github.com/apple/coreai-optimization/blob/189612be60bc1d5cca9b73ad8811660f738c637d/src/coreai_opt/quantization/	dfb3e964b8a13e2fb8d45881817b8bcee9f53c2f3cb45fa4784498d808a02ff3
references/01-quantization.md	### 11.5 Tied weights, deduplication and schedule ownership	updated; release API claims reconciled; dated evidence retained	https://github.com/apple/coreai-optimization/blob/189612be60bc1d5cca9b73ad8811660f738c637d/src/coreai_opt/quantization/	b5fa71873ed4f0e4f4cdf7322394367bf674013bbbfdc7d1fdf675335af6e76d
references/01-quantization.md	### 11.6 QAT does not rescue everything	retained; current API/source or dated SDK/benchmark scope reviewed	https://github.com/apple/coreai-optimization/blob/189612be60bc1d5cca9b73ad8811660f738c637d/src/coreai_opt/quantization/	45475ed36452a27064dd676dbc90906b97bdd1b892072e20cf39aa8df257516a
references/01-quantization.md	## 12. KV-cache quantization (graph mode only)	retained; current API/source or dated SDK/benchmark scope reviewed	https://github.com/apple/coreai-optimization/blob/189612be60bc1d5cca9b73ad8811660f738c637d/src/coreai_opt/quantization/	9472b3b276ab1f503efa573bd987914a6f011788de1fca7ee5ac465ec397351f
references/01-quantization.md	## 13. The SAM3 story: uniform compression is almost never right	retained; current API/source or dated SDK/benchmark scope reviewed	https://github.com/apple/coreai-optimization/blob/189612be60bc1d5cca9b73ad8811660f738c637d/src/coreai_opt/quantization/	089fd2f1304254aece09e4730019270ac734ef1394d6f8637dd5ee083ae21983
references/01-quantization.md	### 13.1 The model	retained; current API/source or dated SDK/benchmark scope reviewed	https://github.com/apple/coreai-optimization/blob/189612be60bc1d5cca9b73ad8811660f738c637d/src/coreai_opt/quantization/	58b8a9226a747a5d6896780dc98c08560217f075b41a938b2e1323684b084495
references/01-quantization.md	### 13.2 The baseline	retained; current API/source or dated SDK/benchmark scope reviewed	https://github.com/apple/coreai-optimization/blob/189612be60bc1d5cca9b73ad8811660f738c637d/src/coreai_opt/quantization/	06fe39eafcc59119ee11004a81dfdd57b342d4c98fd43804391f4cf1ecd90580
references/01-quantization.md	### 13.3 The one-line experiment	updated; release API claims reconciled; dated evidence retained	https://github.com/apple/coreai-optimization/blob/189612be60bc1d5cca9b73ad8811660f738c637d/src/coreai_opt/quantization/	45a7bb3f93b9774864deee1c9fda5229f8fd54f3cc58b2e1d254f22a5a5be861
references/01-quantization.md	### 13.4 The diagnosis	retained; current API/source or dated SDK/benchmark scope reviewed	https://github.com/apple/coreai-optimization/blob/189612be60bc1d5cca9b73ad8811660f738c637d/src/coreai_opt/quantization/	5e85d3b7307744ceb559885bd6dea891f127b323b8c2a02ee9559410871839d7
references/01-quantization.md	### 13.5 The fix	updated; release API claims reconciled; dated evidence retained	https://github.com/apple/coreai-optimization/blob/189612be60bc1d5cca9b73ad8811660f738c637d/src/coreai_opt/quantization/	fdb6fcc3e8bd74f4288aefe9537363ae4ec940c5c4ea20649e9df523d92f610e
references/01-quantization.md	### 13.6 What Apple actually shipped, which is not what the talk showed	retained; current API/source or dated SDK/benchmark scope reviewed	https://github.com/apple/coreai-optimization/blob/189612be60bc1d5cca9b73ad8811660f738c637d/src/coreai_opt/quantization/	85859d0187e464c677c33a89b5afcbc4e10ae11b87f9b0a509d5a0558548b024
references/01-quantization.md	### 13.7 The generalisable procedure	updated; release API claims reconciled; dated evidence retained	https://github.com/apple/coreai-optimization/blob/189612be60bc1d5cca9b73ad8811660f738c637d/src/coreai_opt/quantization/	a3a4d60a41be3802a9a3a27287cf5421bf935fc1f694865c22788b833f0edf04
references/01-quantization.md	## 14. `coreai_opt.casting`: the fp16 helper and the ordering rule	retained; current API/source or dated SDK/benchmark scope reviewed	https://github.com/apple/coreai-optimization/blob/189612be60bc1d5cca9b73ad8811660f738c637d/src/coreai_opt/quantization/	acb27bea4b5fdd0828fb956a5df10e71be711971aab1718578cfce8252fc7a75
references/01-quantization.md	### 14.1 Three functions, one recommendation	retained; current API/source or dated SDK/benchmark scope reviewed	https://github.com/apple/coreai-optimization/blob/189612be60bc1d5cca9b73ad8811660f738c637d/src/coreai_opt/casting/casting.py	cd4e2182fd12d4d072b8ed0635b0666f9b271474ee60765ca49ae5ca9dde2e54
references/01-quantization.md	### 14.2 ⚠️ Return value vs in-place mutation — a documented conflict	updated; release API claims reconciled; dated evidence retained	https://github.com/apple/coreai-optimization/blob/189612be60bc1d5cca9b73ad8811660f738c637d/src/coreai_opt/casting/casting.py	59638c07a7d25bb952082b66ac197491901e8e2aaf4000d0035bb7dc1abc48c3
references/01-quantization.md	### 14.3 The ordering rule: compress first, cast second	updated; release API claims reconciled; dated evidence retained	https://github.com/apple/coreai-optimization/blob/189612be60bc1d5cca9b73ad8811660f738c637d/src/coreai_opt/casting/casting.py	69338426e49b34a2e393ef1214a890a99c686ba4157c7409529a152f5070c370
references/01-quantization.md	### 14.4 ⚠️ SILENT FAILURE — fp16 casting does not guard activation overflow, and compression makes it worse	updated; release API claims reconciled; dated evidence retained	https://github.com/apple/coreai-optimization/blob/189612be60bc1d5cca9b73ad8811660f738c637d/src/coreai_opt/casting/casting.py	13cd2e2ee0d87d8cccd23b08ebcb788feab544caba672601004b6527341d4f8c
references/01-quantization.md	## 15. `coreai_opt.coreai_utils`: compressing an already-converted program	retained; current API/source or dated SDK/benchmark scope reviewed	https://github.com/apple/coreai-optimization/blob/189612be60bc1d5cca9b73ad8811660f738c637d/src/coreai_opt/quantization/	47465b2e5816c70519d9ae2ab36b9d855667f8442b05512484972582bde62f3e
references/01-quantization.md	### 15.1 The API	updated; release API claims reconciled; dated evidence retained	https://github.com/apple/coreai-optimization/blob/189612be60bc1d5cca9b73ad8811660f738c637d/src/coreai_opt/coreai_utils/passes/	93c763f31f37a3e8931434b4c8f2fc6310409299c71fc919d4c6e7414f674314
references/01-quantization.md	### 15.2 What it can reach, and the size threshold	updated; release API claims reconciled; dated evidence retained	https://github.com/apple/coreai-optimization/blob/189612be60bc1d5cca9b73ad8811660f738c637d/src/coreai_opt/coreai_utils/passes/	1f4d69c0a011fca701c3caea035a629c90f4a66ab6b0ca21acc2df88969671f3
references/01-quantization.md	### 15.3 The worked example, and Apple's caveat	updated; release API claims reconciled; dated evidence retained	https://github.com/apple/coreai-optimization/blob/189612be60bc1d5cca9b73ad8811660f738c637d/src/coreai_opt/coreai_utils/passes/	6ad1edeca1f0636a4ec94bb1ba236c1ace075326d3be350991b04d4b79768f38
references/01-quantization.md	## 16. Export backends, and the CoreML restriction matrix	retained; current API/source or dated SDK/benchmark scope reviewed	https://github.com/apple/coreai-optimization/blob/189612be60bc1d5cca9b73ad8811660f738c637d/src/coreai_opt/quantization/	f2cd76f101bcc8883c33ec9196ff1cff5f211ce02113584724072d39d524ef57
references/01-quantization.md	### 16.1 Three backends	retained; current API/source or dated SDK/benchmark scope reviewed	https://github.com/apple/coreai-optimization/blob/189612be60bc1d5cca9b73ad8811660f738c637d/src/coreai_opt/quantization/	5f6c19c9513dee13bba32771a49e256d937149b59ec26ae27437c5fd165d8c23
references/01-quantization.md	### 16.2 What CoreML cannot do	updated; release API claims reconciled; dated evidence retained	https://github.com/apple/coreai-optimization/blob/189612be60bc1d5cca9b73ad8811660f738c637d/src/coreai_opt/quantization/	47b31f0aceff987c36e1b649ed453be842f9bcdcb786ca921c85172060a800c0
references/01-quantization.md	### 16.3 Historical CoreML root-module bug	updated; release API claims reconciled; dated evidence retained	https://github.com/apple/coreai-optimization/blob/189612be60bc1d5cca9b73ad8811660f738c637d/src/coreai_opt/quantization/	e3fab6b85f4363063e65808f13dee3c850a1d59020764ddf3115371f26ac5a90
references/01-quantization.md	## 17. ⚠️ Silent failures, consolidated	retained; current API/source or dated SDK/benchmark scope reviewed	https://github.com/apple/coreai-optimization/blob/189612be60bc1d5cca9b73ad8811660f738c637d/src/coreai_opt/quantization/	14df56777fdba2bf8c1f80e7bcff56d9eda591aa6d40f974d3a934a6d525d858
references/01-quantization.md	### 17.1 Mis-sized blocks leave layers uncompressed	retained; current API/source or dated SDK/benchmark scope reviewed	immutable implementation sources and dated primary sources cited in this section	77ed66ddf6a6e4dc3b41bc9502d4639843293e3b69e9d32e3f5b752788b220a3
references/01-quantization.md	### 17.2 Diffusion quantization failures are swallowed with a warning	retained; current API/source or dated SDK/benchmark scope reviewed	immutable implementation sources and dated primary sources cited in this section	be523d3e37309a3df374707e2f6257a50b09df8568e39c984c9a96c237c2ff29
references/01-quantization.md	### 17.3 A shared weight can take its dtype from one config and its schedule from another	updated; release API claims reconciled; dated evidence retained	immutable implementation sources and dated primary sources cited in this section	49d0152a2f19ec3d03e01516795b2cecc7866c25f594341ca6eddb199e6f0da0
references/01-quantization.md	### 17.4 fp16 casting can zero an activation, and compression makes it likelier	updated; release API claims reconciled; dated evidence retained	immutable implementation sources and dated primary sources cited in this section	3e1efea3c905e3cadc152d8ffb021035bcc7ea54239f30eda7b167f593f07c47
references/01-quantization.md	### 17.5 Per-channel activation granularity is silently downgraded around shared observers	updated; release API claims reconciled; dated evidence retained	immutable implementation sources and dated primary sources cited in this section	84da8146f32d807f79d6667668e9a1985bbbf2456cf6c36a64543ac0439670a0
references/01-quantization.md	### 17.6 A negative `axis` used to land on the wrong dimension	updated; release API claims reconciled; dated evidence retained	immutable implementation sources and dated primary sources cited in this section	c6e0859225c9f30a9286d5371755e1b408d41557b9dee98555ff5eda08e92e5f
references/01-quantization.md	### 17.7 Eager-mode `finalize(CoreAI)` frees your float weights	updated; release API claims reconciled; dated evidence retained	immutable implementation sources and dated primary sources cited in this section	1b9607e0f801e729a4d54ca2de53bb510a1a6028ba9e961f18c74834847c7a82
references/01-quantization.md	### 17.8 A round-tripped config accepts `only_for` twice	retained; current API/source or dated SDK/benchmark scope reviewed	immutable implementation sources and dated primary sources cited in this section	1200b7a7a5789514d82e9f43254ed34ba1383b7fd02695ad10f68915a046a4a9
references/01-quantization.md	### 17.9 The bar for shipping	retained; current API/source or dated SDK/benchmark scope reviewed	immutable implementation sources and dated primary sources cited in this section	bac873b280a7e8ef754bc7242ce49710afb8cfa27f69c2c54add129bfe4bcc9d
references/01-quantization.md	## 18. Numbers, attributed	retained; current API/source or dated SDK/benchmark scope reviewed	https://github.com/apple/coreai-optimization/blob/189612be60bc1d5cca9b73ad8811660f738c637d/src/coreai_opt/quantization/	fdc41e927bbded0234f4d2aacc899c03ffe436674cfa04cdb6a4480dbcf04eb0
references/01-quantization.md	### 18.1 ResNet-50, weight + activation PTQ — Apple-published	retained; current API/source or dated SDK/benchmark scope reviewed	immutable implementation sources and dated primary sources cited in this section	3dbc3554e30d9d6692e77dcfb8bacd4b47d1bbc86665e85816a43e3b56dd00ce
references/01-quantization.md	### 18.2 EDSR super-resolution — Apple-published	retained; current API/source or dated SDK/benchmark scope reviewed	immutable implementation sources and dated primary sources cited in this section	fba7e86d9a8623d59c07fb690fb5bf299b69f98a8b501a1fcd4f2b3ef06ce564
references/01-quantization.md	### 18.3 ResNet-50 mixed-precision palettization — Apple-published	retained; current API/source or dated SDK/benchmark scope reviewed	immutable implementation sources and dated primary sources cited in this section	ef0f08a80a96016a52935031c8a669cd911232b1e38ab2bd4a74cfaa19ac3011
references/01-quantization.md	### 18.4 SAM3 — Apple-published, WWDC26 session 325	retained; current API/source or dated SDK/benchmark scope reviewed	immutable implementation sources and dated primary sources cited in this section	bd4337588533399178b832d914198831b9dd7e263de86b7bcc18dd509bc41cce
references/01-quantization.md	### 18.5 Toy model activation SNR — Apple-published	updated; release API claims reconciled; dated evidence retained	immutable implementation sources and dated primary sources cited in this section	e236ad20655a43855d436c51f5de981b4e107298bcd50a3d8bc54448193d72d9
references/01-quantization.md	### 18.6 Community measurements — attributed, and to be treated as such	retained; current API/source or dated SDK/benchmark scope reviewed	immutable implementation sources and dated primary sources cited in this section	c0a3026ef0e436787af98b3139653fdffb15bb457818bcb5a4f9181e08340d4f
references/01-quantization.md	## 19. Quick reference	retained; current API/source or dated SDK/benchmark scope reviewed	https://github.com/apple/coreai-optimization/blob/189612be60bc1d5cca9b73ad8811660f738c637d/src/coreai_opt/quantization/	dd5b295f3749b97a33ba0c6de49ad896941dd46313a1f0c080a3070ec546b4b6
references/01-quantization.md	### 19.1 The five-line recipe	updated; release API claims reconciled; dated evidence retained	https://github.com/apple/coreai-optimization/blob/189612be60bc1d5cca9b73ad8811660f738c637d/src/coreai_opt/quantization/	78bc7ffa21165113e41b4a3d3ee3112988a91d65b523d8c0fea23a908752cb1f
references/01-quantization.md	### 19.2 API surface	updated; release API claims reconciled; dated evidence retained	https://github.com/apple/coreai-optimization/blob/189612be60bc1d5cca9b73ad8811660f738c637d/src/coreai_opt/quantization/	196701f3edb96d3b5906335ecfe0d6601841f1bb880a7ae7cc93206b6d3ff942
references/01-quantization.md	### 19.3 Decision table	updated; release API claims reconciled; dated evidence retained	https://github.com/apple/coreai-optimization/blob/189612be60bc1d5cca9b73ad8811660f738c637d/src/coreai_opt/quantization/	75191b767635b38bc5ed0719ac6b0383e6a6f38ee22b3107d5c3ce5f13b40f20
references/01-quantization.md	### 19.4 The rules that prevent the failures	retained; current API/source or dated SDK/benchmark scope reviewed	https://github.com/apple/coreai-optimization/blob/189612be60bc1d5cca9b73ad8811660f738c637d/src/coreai_opt/quantization/	a0a941da362f4db98d2f8fb999f20da015f26095ddee45194514bfdc8b65395f
references/01-quantization.md	### 19.5 Consolidated footguns	updated; release API claims reconciled; dated evidence retained	https://github.com/apple/coreai-optimization/blob/189612be60bc1d5cca9b73ad8811660f738c637d/src/coreai_opt/quantization/	d48a9546e9ba21e4d434f795bfcc69856275e2abbcad2557acfe1900d746086d
references/01-quantization.md	### 19.6 Dev commands	updated; release API claims reconciled; dated evidence retained	https://github.com/apple/coreai-optimization/blob/189612be60bc1d5cca9b73ad8811660f738c637d/src/coreai_opt/quantization/	710e505e75517f9800224d6fff6359b196afa766a4b71386da54dd8120d2fa98
references/01-quantization.md	### 19.7 Small native fixtures for the 0.3.0 lifecycle	updated; release API claims reconciled; dated evidence retained	https://github.com/apple/coreai-optimization/blob/189612be60bc1d5cca9b73ad8811660f738c637d/src/coreai_opt/quantization/	04af91efecaa0bcbcbe36d8eb640e470633b4824c6fce5e72afd7a8c0013329c
references/01-quantization.md	## 20. Sources and evidence ledger	retained; current API/source or dated SDK/benchmark scope reviewed	https://github.com/apple/coreai-optimization/blob/189612be60bc1d5cca9b73ad8811660f738c637d/src/coreai_opt/quantization/	ef99e919a1c78120f019e8ad23caa91b801530e0d943d9adc6fa2693fdf632b6
references/01-quantization.md	### 20.1 What was read, and how strongly it counts	updated; release API claims reconciled; dated evidence retained	https://github.com/apple/coreai-optimization/blob/189612be60bc1d5cca9b73ad8811660f738c637d/CHANGELOG.md	13f0e9f447f31e762d2480310aa5c3b4d1f1ad34269f1d9660fa382302f19d15
references/01-quantization.md	### 20.2 Where sources disagreed, and how this guide ruled	updated; release API claims reconciled; dated evidence retained	https://github.com/apple/coreai-optimization/blob/189612be60bc1d5cca9b73ad8811660f738c637d/CHANGELOG.md	d97db6b2c380fe31d7e1f1b471435440c3b5627b300e6cacc32dcb8e32d34800
references/01-quantization.md	### 20.3 Declared gaps — nothing is guessed inside any of these	updated; release API claims reconciled; dated evidence retained	https://github.com/apple/coreai-optimization/blob/189612be60bc1d5cca9b73ad8811660f738c637d/CHANGELOG.md	ed68aafbeb95aaa7330f5d439f871e340fe095cf8346753a730e9d064c5772a3
references/01-quantization.md	### 20.4 Release versus later main	updated; release API claims reconciled; dated evidence retained	https://github.com/apple/coreai-optimization/blob/189612be60bc1d5cca9b73ad8811660f738c637d/CHANGELOG.md	e4b7411a97fd92600f68ffd115cd418fedd1b8ca5cb8de7bd11479ad70dfe952
references/01-quantization.md	### 20.5 Cross-links	updated; release API claims reconciled; dated evidence retained	https://github.com/apple/coreai-optimization/blob/189612be60bc1d5cca9b73ad8811660f738c637d/CHANGELOG.md	d2f4ed5bd3ec4a89961cc8c980618dc4cdee46477d468ca88f340cbe681e24ad
references/02-palettization-pruning-and-joint.md	(preamble)	updated; release API claims reconciled; dated evidence retained	https://github.com/apple/coreai-optimization/blob/189612be60bc1d5cca9b73ad8811660f738c637d/src/coreai_opt/palettization/	5900656993c172b1aa507ee5136935ca6f5a02c6428c31906f5ce0421ffaba43
references/02-palettization-pruning-and-joint.md	## What this covers	retained; current API/source or dated SDK/benchmark scope reviewed	https://github.com/apple/coreai-optimization/blob/189612be60bc1d5cca9b73ad8811660f738c637d/src/coreai_opt/palettization/	c0ec2a2e484fd2a7893cb25d687889176e38552b4a933cea021a93e583f0e654
references/02-palettization-pruning-and-joint.md	## What this does *not* cover	updated; release API claims reconciled; dated evidence retained	https://github.com/apple/coreai-optimization/blob/189612be60bc1d5cca9b73ad8811660f738c637d/src/coreai_opt/palettization/	836211d5ee84463e4d5971c49e6da6eb935b63ad70dc28b571031ecbe2dbb1e5
references/02-palettization-pruning-and-joint.md	## What you need	updated; release API claims reconciled; dated evidence retained	https://github.com/apple/coreai-optimization/blob/189612be60bc1d5cca9b73ad8811660f738c637d/src/coreai_opt/palettization/	ea73dc4339d56b7370d91559f7d626d20b09668a10192a5ea69ab27d9cce3b9b
references/02-palettization-pruning-and-joint.md	## Contents	updated; release API claims reconciled; dated evidence retained	https://github.com/apple/coreai-optimization/blob/189612be60bc1d5cca9b73ad8811660f738c637d/src/coreai_opt/palettization/	01cdb26b8bd31fbce3358f2223e387fab9dc6e35cfcd8e2fbd9688a4292667fe
references/02-palettization-pruning-and-joint.md	## 1. Lookup tables are a different idea, and the ANE is why	retained; current API/source or dated SDK/benchmark scope reviewed	https://github.com/apple/coreai-optimization/blob/189612be60bc1d5cca9b73ad8811660f738c637d/src/coreai_opt/palettization/	bdccbc58f754edb5a03c96d99b501d71d40d25d2a1d7590c11b33be6773c3f4b
references/02-palettization-pruning-and-joint.md	### 1.1 Two families, one API	updated; release API claims reconciled; dated evidence retained	https://github.com/apple/coreai-optimization/blob/189612be60bc1d5cca9b73ad8811660f738c637d/src/coreai_opt/palettization/	fc163e53a2b2f6b343bcde433f71cd0428cf3b65f58ee53fa90f490929532053
references/02-palettization-pruning-and-joint.md	### 1.2 Why lookup tables suit the Neural Engine	retained; current API/source or dated SDK/benchmark scope reviewed	https://github.com/apple/coreai-optimization/blob/189612be60bc1d5cca9b73ad8811660f738c637d/src/coreai_opt/palettization/	1b657b19e572d51bf97eb54a217e19f8766993c9e89cc584da1f40aae466d5c2
references/02-palettization-pruning-and-joint.md	### 1.3 The strongest evidence: Apple's shipped presets split by platform	retained; current API/source or dated SDK/benchmark scope reviewed	https://github.com/apple/coreai-optimization/blob/189612be60bc1d5cca9b73ad8811660f738c637d/src/coreai_opt/palettization/	d276de45313cbc710f796a1f61b356a5896d252c2798bedacefcdd1447f9e7db
references/02-palettization-pruning-and-joint.md	### 1.4 Where palettization sits in the pipeline	updated; release API claims reconciled; dated evidence retained	https://github.com/apple/coreai-optimization/blob/189612be60bc1d5cca9b73ad8811660f738c637d/src/coreai_opt/palettization/	06849728432f1271ab509e89057766fd10df43cbb6ac3a9f185f805559a14b40
references/02-palettization-pruning-and-joint.md	## 2. The palettizer in eight lines	retained; current API/source or dated SDK/benchmark scope reviewed	https://github.com/apple/coreai-optimization/blob/189612be60bc1d5cca9b73ad8811660f738c637d/src/coreai_opt/palettization/	3a63c3be64eed84bc9421b9c79dcab671316cc84f64dd419fc3360fc14cd0dc8
references/02-palettization-pruning-and-joint.md	### 2.1 The minimum viable palettization	updated; release API claims reconciled; dated evidence retained	https://github.com/apple/coreai-optimization/blob/189612be60bc1d5cca9b73ad8811660f738c637d/src/coreai_opt/palettization/	5668ab620607ca483df5ca237749bcaa49cf9ad6c8639161a1154badd2b21bf2
references/02-palettization-pruning-and-joint.md	### 2.2 The preset roster, and what `w4()` expands to	updated; release API claims reconciled; dated evidence retained	https://github.com/apple/coreai-optimization/blob/189612be60bc1d5cca9b73ad8811660f738c637d/src/coreai_opt/palettization/	8339720b806d59f5f314a847b35ba14642082de248f6be008ceeb7cef01beb5c
references/02-palettization-pruning-and-joint.md	### 2.3 The vendored `_kmeans1d` dependency, and why your build box needs a compiler	retained; current API/source or dated SDK/benchmark scope reviewed	https://github.com/apple/coreai-optimization/blob/189612be60bc1d5cca9b73ad8811660f738c637d/src/coreai_opt/palettization/	50bc93dc485ceb893f7cbc081cce923660fab1954ed439cae8db0b56f2f1c89f
references/02-palettization-pruning-and-joint.md	### 2.4 `prepare()` mutates in place, and eager mode makes that worse	updated; release API claims reconciled; dated evidence retained	https://github.com/apple/coreai-optimization/blob/189612be60bc1d5cca9b73ad8811660f738c637d/src/coreai_opt/palettization/	6865d63c5160c33979c8b1068d775d4be1353cdfe29714e544824045fa7af631
references/02-palettization-pruning-and-joint.md	### 2.5 The two default state keys, and the weight-only enforcement	retained; current API/source or dated SDK/benchmark scope reviewed	https://github.com/apple/coreai-optimization/blob/189612be60bc1d5cca9b73ad8811660f738c637d/src/coreai_opt/palettization/	69637f8b47d5552b9f822ead85f54a858cf1bd1167a936fd29d92252207e7ec0
references/02-palettization-pruning-and-joint.md	### 2.6 Which ops are palettizable	retained; current API/source or dated SDK/benchmark scope reviewed	https://github.com/apple/coreai-optimization/blob/189612be60bc1d5cca9b73ad8811660f738c637d/src/coreai_opt/palettization/	9d1eab71b8b67929875b529be2334577e7119a96fd69ef493e29f6d74ee2d035
references/02-palettization-pruning-and-joint.md	## 3. `PalettizationSpec`: six fields, and what each one costs	updated; release API claims reconciled; dated evidence retained	https://github.com/apple/coreai-optimization/blob/189612be60bc1d5cca9b73ad8811660f738c637d/src/coreai_opt/palettization/	e64ab9c9c6e4fe6c9829a9167c8d3b8b5d10f26d355f6e740debdc198355f8e8
references/02-palettization-pruning-and-joint.md	### 3.1 `n_bits` — six legal values, and two conspicuous absences	retained; current API/source or dated SDK/benchmark scope reviewed	https://github.com/apple/coreai-optimization/blob/189612be60bc1d5cca9b73ad8811660f738c637d/src/coreai_opt/palettization/	333b3de3b5bddddee703455ddf6e0a9c858b761f69ab66f4145a896286ab8f9b
references/02-palettization-pruning-and-joint.md	### 3.2 `granularity` — two classes, not three	updated; release API claims reconciled; dated evidence retained	https://github.com/apple/coreai-optimization/blob/189612be60bc1d5cca9b73ad8811660f738c637d/src/coreai_opt/palettization/	71c04e9f966f09f45e9bb01b27f001802edce437824f7a07f1e2e22dc1bf5555
references/02-palettization-pruning-and-joint.md	### 3.3 `cluster_dim` — the fractional-bit lever	retained; current API/source or dated SDK/benchmark scope reviewed	https://github.com/apple/coreai-optimization/blob/189612be60bc1d5cca9b73ad8811660f738c637d/src/coreai_opt/palettization/	7907e1a43129444241d83de3fd545d3555c97a9de9b5335816cf5908f73a7ca4
references/02-palettization-pruning-and-joint.md	### 3.4 `enable_per_channel_scale` — the field with the trap	retained; current API/source or dated SDK/benchmark scope reviewed	https://github.com/apple/coreai-optimization/blob/189612be60bc1d5cca9b73ad8811660f738c637d/src/coreai_opt/palettization/	798519699380316830f2acc8b7d48e337662c8935c47624b9ac0ae7fa50fc3c3
references/02-palettization-pruning-and-joint.md	### 3.5 `lut_qspec` — quantizing the palette	retained; current API/source or dated SDK/benchmark scope reviewed	https://github.com/apple/coreai-optimization/blob/189612be60bc1d5cca9b73ad8811660f738c637d/src/coreai_opt/palettization/	62115efabd77395d45dee7285029f336366ea83cb63a2caa022a8b0313286194
references/02-palettization-pruning-and-joint.md	### 3.6 The two module-level fields that are not on the spec	retained; current API/source or dated SDK/benchmark scope reviewed	https://github.com/apple/coreai-optimization/blob/189612be60bc1d5cca9b73ad8811660f738c637d/src/coreai_opt/palettization/	9c8dcebd159e33f18cfe6a963d6aa276eda0ca62f0cd5bec474d2a0d76a07ac8
references/02-palettization-pruning-and-joint.md	### 3.7 The config hierarchy is the same one you already know	updated; release API claims reconciled; dated evidence retained	https://github.com/apple/coreai-optimization/blob/189612be60bc1d5cca9b73ad8811660f738c637d/src/coreai_opt/palettization/	3987ca723e67c7f94a91ac64327b9847e1fc4b674fc1350f82e18d2833c92686
references/02-palettization-pruning-and-joint.md	## 4. The three schemes, with diagrams	retained; current API/source or dated SDK/benchmark scope reviewed	https://github.com/apple/coreai-optimization/blob/189612be60bc1d5cca9b73ad8811660f738c637d/src/coreai_opt/palettization/	7f9313e46a3bfbdf2a4a3dc344eb0584610ad59497b4bba0f640e9f07bfa7241
references/02-palettization-pruning-and-joint.md	### 4.1 Scheme 1 — scalar palettization, per tensor	retained; current API/source or dated SDK/benchmark scope reviewed	https://github.com/apple/coreai-optimization/blob/189612be60bc1d5cca9b73ad8811660f738c637d/src/coreai_opt/palettization/	a9291b3e46581bd20d08da7b71a8622bcb6517a9bb7047bc0e04c572a217c948
references/02-palettization-pruning-and-joint.md	### 4.2 Scheme 2 — scalar palettization, per grouped channel	retained; current API/source or dated SDK/benchmark scope reviewed	https://github.com/apple/coreai-optimization/blob/189612be60bc1d5cca9b73ad8811660f738c637d/src/coreai_opt/palettization/	a0c687c3a187ca198eae8527bf23ee3ba2878296377a159d05ef7ca2b2d63cb9
references/02-palettization-pruning-and-joint.md	### 4.3 Scheme 3 — vector palettization	retained; current API/source or dated SDK/benchmark scope reviewed	https://github.com/apple/coreai-optimization/blob/189612be60bc1d5cca9b73ad8811660f738c637d/src/coreai_opt/palettization/	8af9db74e915c622329cbf04a19b2c10f27397e3cb4dd6d73aeb429756a3eadb
references/02-palettization-pruning-and-joint.md	### 4.4 The LUT tensor shape contract	retained; current API/source or dated SDK/benchmark scope reviewed	https://github.com/apple/coreai-optimization/blob/189612be60bc1d5cca9b73ad8811660f738c637d/src/coreai_opt/palettization/	7bf026c6f3cbc68d22f30bd067d8c73739beb9532f07f7985376500e742824ef
references/02-palettization-pruning-and-joint.md	## 5. ⚠️ The ANE rank-5 ceiling	retained; current API/source or dated SDK/benchmark scope reviewed	https://github.com/apple/coreai-optimization/blob/189612be60bc1d5cca9b73ad8811660f738c637d/src/coreai_opt/palettization/	be2c156dafc56dc4e87830691c34a44f7f4ba163884aee121b30ac60a3345af9
references/02-palettization-pruning-and-joint.md	### 5.1 The rule	retained; current API/source or dated SDK/benchmark scope reviewed	https://github.com/apple/coreai-optimization/blob/189612be60bc1d5cca9b73ad8811660f738c637d/src/coreai_opt/palettization/	8ab0f0bf45d90a731aba02bb0c2761bf3be3362e1466c289951e761dc1617c1e
references/02-palettization-pruning-and-joint.md	### 5.2 The contradiction	retained; current API/source or dated SDK/benchmark scope reviewed	https://github.com/apple/coreai-optimization/blob/189612be60bc1d5cca9b73ad8811660f738c637d/src/coreai_opt/palettization/	f65439a2b72452b7bb44afc865f2e8e14e849f35c8d71cbe0bbbefdea217643e
references/02-palettization-pruning-and-joint.md	### 5.3 The rank arithmetic, and why you cannot reshape your way out	updated; release API claims reconciled; dated evidence retained	https://github.com/apple/coreai-optimization/blob/189612be60bc1d5cca9b73ad8811660f738c637d/src/coreai_opt/palettization/	7b5920dac3a4f1353e829990498c115b67696fbe917004fe227b8c18bb16f881
references/02-palettization-pruning-and-joint.md	### 5.4 The other lever the SAM3 recipe used instead	retained; current API/source or dated SDK/benchmark scope reviewed	https://github.com/apple/coreai-optimization/blob/189612be60bc1d5cca9b73ad8811660f738c637d/src/coreai_opt/palettization/	5ffbfc46323df372ce78368800c8c00e3ec0ba9f8de7bdc7b17876b101c8a7fe
references/02-palettization-pruning-and-joint.md	## 6. Sizing: what a bit-width actually buys	retained; current API/source or dated SDK/benchmark scope reviewed	https://github.com/apple/coreai-optimization/blob/189612be60bc1d5cca9b73ad8811660f738c637d/src/coreai_opt/palettization/	da824a2da1fa481322a1eb5c92cd52af304f4779f82aaccbd914972e7ce604de
references/02-palettization-pruning-and-joint.md	### 6.1 The formula	updated; release API claims reconciled; dated evidence retained	https://github.com/apple/coreai-optimization/blob/189612be60bc1d5cca9b73ad8811660f738c637d/src/coreai_opt/palettization/	292d8d8d5d2a2845ef35a5a07b9663be0f7b1ccc028b89a00ba35d8c81be6b8c
references/02-palettization-pruning-and-joint.md	### 6.2 Worked: a `[512, 1024]` Linear at every setting	retained; current API/source or dated SDK/benchmark scope reviewed	https://github.com/apple/coreai-optimization/blob/189612be60bc1d5cca9b73ad8811660f738c637d/src/coreai_opt/palettization/	8913d9abe85cd84e9bf19a6ace21602dc414d6f7d6f02063d06aa2b55818ae87
references/02-palettization-pruning-and-joint.md	### 6.3 The group-size decision, stated as a rule	retained; current API/source or dated SDK/benchmark scope reviewed	https://github.com/apple/coreai-optimization/blob/189612be60bc1d5cca9b73ad8811660f738c637d/src/coreai_opt/palettization/	042ae73162527ec04c8417d690005685a798b99f9f76114e7079d4c66fa12502
references/02-palettization-pruning-and-joint.md	### 6.4 The embedding asterisk	retained; current API/source or dated SDK/benchmark scope reviewed	https://github.com/apple/coreai-optimization/blob/189612be60bc1d5cca9b73ad8811660f738c637d/src/coreai_opt/palettization/	614f77b12d53769bb9db367d4c13cf3398315d99e1d42721503c1712c8dfb339
references/02-palettization-pruning-and-joint.md	## 7. Determinism, workers, and fast k-means mode	retained; current API/source or dated SDK/benchmark scope reviewed	https://github.com/apple/coreai-optimization/blob/189612be60bc1d5cca9b73ad8811660f738c637d/src/coreai_opt/palettization/	4e7a64a2b368d4feca41abe48c30a95036d22e7980422d1e5a19638d1be4ffe6
references/02-palettization-pruning-and-joint.md	### 7.1 ⚠️ Scalar palettization is reproducible. Vector palettization is not.	updated; release API claims reconciled; dated evidence retained	https://github.com/apple/coreai-optimization/blob/189612be60bc1d5cca9b73ad8811660f738c637d/src/coreai_opt/palettization/	cf57651ee38de4ccff4f9a951299edb5872cd72cf1fca434fdf0e5b08038dda9
references/02-palettization-pruning-and-joint.md	### 7.2 `num_workers` — the wall-clock lever session 325 never mentions	updated; release API claims reconciled; dated evidence retained	https://github.com/apple/coreai-optimization/blob/189612be60bc1d5cca9b73ad8811660f738c637d/src/coreai_opt/palettization/	d6e445cae1ab29a4bf98db9b1becef75afe89d429c1538d5294b5274bd9d566b
references/02-palettization-pruning-and-joint.md	### 7.3 `enable_fast_kmeans_mode` rounds your weights, by default	updated; release API claims reconciled; dated evidence retained	https://github.com/apple/coreai-optimization/blob/189612be60bc1d5cca9b73ad8811660f738c637d/src/coreai_opt/palettization/	f960dbcbc8e2d8a2f515f25c67461dfd36c02cd7bd7629213b9dff7b3b0fc911
references/02-palettization-pruning-and-joint.md	## 8. Sensitivity-weighted k-means (SqueezeLLM)	retained; current API/source or dated SDK/benchmark scope reviewed	https://github.com/apple/coreai-optimization/blob/189612be60bc1d5cca9b73ad8811660f738c637d/src/coreai_opt/palettization/	9f51381c89bb7a9bb7565d0f54df4d37177bcb9c1ca5b85d469b02cc2995357a
references/02-palettization-pruning-and-joint.md	### 8.1 The API	updated; release API claims reconciled; dated evidence retained	https://github.com/apple/coreai-optimization/blob/189612be60bc1d5cca9b73ad8811660f738c637d/src/coreai_opt/palettization/	4585b6e3d03c5324ae4300fdf1073fee26aaa0e817f4528f78b47c1ce40c2421
references/02-palettization-pruning-and-joint.md	### 8.2 What `calibration_mode()` actually does — and it is a lot	retained; current API/source or dated SDK/benchmark scope reviewed	https://github.com/apple/coreai-optimization/blob/189612be60bc1d5cca9b73ad8811660f738c637d/src/coreai_opt/palettization/	9a9178e7de0182fdcf9131b3fffa0ed6100d2e26145afe017102a70934971b7e
references/02-palettization-pruning-and-joint.md	### 8.3 The sensitivity file format	retained; current API/source or dated SDK/benchmark scope reviewed	https://github.com/apple/coreai-optimization/blob/189612be60bc1d5cca9b73ad8811660f738c637d/src/coreai_opt/palettization/	64c968f055e6157e5fdb8cb5ae87c7e8288f2a35c25d5f6de7c2cb0fa9fbba6e
references/02-palettization-pruning-and-joint.md	### 8.4 When it is worth it	retained; current API/source or dated SDK/benchmark scope reviewed	https://github.com/apple/coreai-optimization/blob/189612be60bc1d5cca9b73ad8811660f738c637d/src/coreai_opt/palettization/	b42fac5e650218a2ff0d73f3cfc51c84db8151e6709131af5eabc8a1ed6caa2e
references/02-palettization-pruning-and-joint.md	## 9. `lut_qspec`: quantizing the palette itself	retained; current API/source or dated SDK/benchmark scope reviewed	https://github.com/apple/coreai-optimization/blob/189612be60bc1d5cca9b73ad8811660f738c637d/src/coreai_opt/palettization/	49496439b369dd377cc910962d9fe55f5b026cb77854ef3a642d8dcbff100884
references/02-palettization-pruning-and-joint.md	### 9.1 The idea	retained; current API/source or dated SDK/benchmark scope reviewed	https://github.com/apple/coreai-optimization/blob/189612be60bc1d5cca9b73ad8811660f738c637d/src/coreai_opt/palettization/	b5162855b704e1b216d21f1a57dc167643bb28db3cef834bddfb546ea9d3269c
references/02-palettization-pruning-and-joint.md	### 9.2 The constraints	updated; release API claims reconciled; dated evidence retained	https://github.com/apple/coreai-optimization/blob/189612be60bc1d5cca9b73ad8811660f738c637d/src/coreai_opt/palettization/	3e1ec8f0d504d78769752c03b8c80444b7b605ed5cfe6d35e3f24c1b13ee24c1
references/02-palettization-pruning-and-joint.md	### 9.3 The CoreML restriction	retained; current API/source or dated SDK/benchmark scope reviewed	https://github.com/apple/coreai-optimization/blob/189612be60bc1d5cca9b73ad8811660f738c637d/src/coreai_opt/palettization/	147ab10b398aad68f3e9600b1aba9799bcc0007b9bc31a2692d24891943ad06e
references/02-palettization-pruning-and-joint.md	## 10. What `finalize()` emits	retained; current API/source or dated SDK/benchmark scope reviewed	https://github.com/apple/coreai-optimization/blob/189612be60bc1d5cca9b73ad8811660f738c637d/src/coreai_opt/palettization/	04628d94c093ba399694dcaf0a7751eac1439b04f25c05269dbed5e8737badc4
references/02-palettization-pruning-and-joint.md	### 10.1 The op-chaining table	retained; current API/source or dated SDK/benchmark scope reviewed	https://github.com/apple/coreai-optimization/blob/189612be60bc1d5cca9b73ad8811660f738c637d/src/coreai_opt/palettization/	49bff6c74c37cbb2b87d2de69c0ba6dc5c742ba19c76a8c86b2c7fa3604295b1
references/02-palettization-pruning-and-joint.md	### 10.2 ⚠️ Eager-only `KMeansPalettizer.finalize(CoreAI)` frees dense weights	retained; current API/source or dated SDK/benchmark scope reviewed	https://github.com/apple/coreai-optimization/blob/189612be60bc1d5cca9b73ad8811660f738c637d/src/coreai_opt/palettization/	919eab21963c901715e5a82fb81d18e51f50ea4804ba9fcff25d70a62f90fd5a
references/02-palettization-pruning-and-joint.md	### 10.3 `mmap_dir`	updated; release API claims reconciled; dated evidence retained	https://github.com/apple/coreai-optimization/blob/189612be60bc1d5cca9b73ad8811660f738c637d/src/coreai_opt/palettization/	21f03e2a6718e543d23d4f73d8f3e13554f783bee032e95a0a5b111960c84083
references/02-palettization-pruning-and-joint.md	### 10.4 The full export chain, end to end	updated; release API claims reconciled; dated evidence retained	https://github.com/apple/coreai-optimization/blob/189612be60bc1d5cca9b73ad8811660f738c637d/src/coreai_opt/palettization/	9a8025a60cfb8beca3901517bef463348740344932c45c93c0751371f86e5146
references/02-palettization-pruning-and-joint.md	## 11. Pruning: the technique nobody presented	retained; current API/source or dated SDK/benchmark scope reviewed	https://github.com/apple/coreai-optimization/blob/189612be60bc1d5cca9b73ad8811660f738c637d/src/coreai_opt/palettization/	e699b1c7567115efdeb4cc088ba62a8063e75cb239ca7943ebab0ff082c246a1
references/02-palettization-pruning-and-joint.md	### 11.1 The verdict, first	retained; current API/source or dated SDK/benchmark scope reviewed	https://github.com/apple/coreai-optimization/blob/189612be60bc1d5cca9b73ad8811660f738c637d/src/coreai_opt/pruning/	c5f752f99d535bf1b02fc95a909161a7a2da58130e5e2ff55bcca0f1c98990d2
references/02-palettization-pruning-and-joint.md	### 11.2 The API	retained; current API/source or dated SDK/benchmark scope reviewed	https://github.com/apple/coreai-optimization/blob/189612be60bc1d5cca9b73ad8811660f738c637d/src/coreai_opt/pruning/	b6a994ab20d59b8fb67c0b1bc12b1608d90e8a7cda0a7a2da210319512c1463a
references/02-palettization-pruning-and-joint.md	### 11.3 `PruningSpec` and the two schemes	retained; current API/source or dated SDK/benchmark scope reviewed	https://github.com/apple/coreai-optimization/blob/189612be60bc1d5cca9b73ad8811660f738c637d/src/coreai_opt/pruning/	8ed7da1d5c5ef33ff5af47bd0ce4867c130c4fee7b4786e876318322e49e147e
references/02-palettization-pruning-and-joint.md	### 11.4 ⚠️ Realized sparsity rounds *down*, and it can round to zero	retained; current API/source or dated SDK/benchmark scope reviewed	https://github.com/apple/coreai-optimization/blob/189612be60bc1d5cca9b73ad8811660f738c637d/src/coreai_opt/pruning/	0eacbcfbc4814b446901f8e537b9f180f742b8c30c365a62bb72153e42de3509
references/02-palettization-pruning-and-joint.md	### 11.5 Schedules	retained; current API/source or dated SDK/benchmark scope reviewed	https://github.com/apple/coreai-optimization/blob/189612be60bc1d5cca9b73ad8811660f738c637d/src/coreai_opt/pruning/	bbe4a08724759718ea6cb9c4c8be0e357492602fc87d1c29c761f121f9d10831
references/02-palettization-pruning-and-joint.md	### 11.6 The fine-tuning loop	retained; current API/source or dated SDK/benchmark scope reviewed	https://github.com/apple/coreai-optimization/blob/189612be60bc1d5cca9b73ad8811660f738c637d/src/coreai_opt/pruning/	e2e6f08c4a90bbcdb7e220fa0fae5a0e4e7299f15ff531d05dff1e44d3fad15c
references/02-palettization-pruning-and-joint.md	### 11.7 Configuration	updated; release API claims reconciled; dated evidence retained	https://github.com/apple/coreai-optimization/blob/189612be60bc1d5cca9b73ad8811660f738c637d/src/coreai_opt/pruning/	20deaa23936c91ae2fb99d390178ac9bf1e02584d9e23c8c358bc23c7d4539e2
references/02-palettization-pruning-and-joint.md	### 11.8 🔴 The gap that should govern your decision	retained; current API/source or dated SDK/benchmark scope reviewed	https://github.com/apple/coreai-optimization/blob/189612be60bc1d5cca9b73ad8811660f738c637d/src/coreai_opt/pruning/	1e7a674320136756c56985d889774948cd9713ee87dacb48aa5bdc6220e95eaa
references/02-palettization-pruning-and-joint.md	## 12. Program-level compression: `palettize_weights` and `sparsify_weights`	updated; release API claims reconciled; dated evidence retained	https://github.com/apple/coreai-optimization/blob/189612be60bc1d5cca9b73ad8811660f738c637d/src/coreai_opt/palettization/	7c8c8ab5e710b5c7c59da7fb010506d39d443eed6a8ed385a1a2330d486c82d1
references/02-palettization-pruning-and-joint.md	### 12.1 `palettize_weights`	updated; release API claims reconciled; dated evidence retained	https://github.com/apple/coreai-optimization/blob/189612be60bc1d5cca9b73ad8811660f738c637d/src/coreai_opt/coreai_utils/passes/	4cfad1284501cfa2a099a8f00713c23a1a277db088132a2dd9f988caab37ec22
references/02-palettization-pruning-and-joint.md	### 12.2 `sparsify_weights` — the pruning features the PyTorch path does not have	retained; current API/source or dated SDK/benchmark scope reviewed	https://github.com/apple/coreai-optimization/blob/189612be60bc1d5cca9b73ad8811660f738c637d/src/coreai_opt/coreai_utils/passes/	bfd1bb18499ef52ce0c24b56bd6de65fc46c5c3117c285564eec41c29dfbbdd0
references/02-palettization-pruning-and-joint.md	## 13. Joint compression	retained; current API/source or dated SDK/benchmark scope reviewed	https://github.com/apple/coreai-optimization/blob/189612be60bc1d5cca9b73ad8811660f738c637d/src/coreai_opt/palettization/	d8a8ca1139bcf1521414052a78dd878e282c4d67ebe8f3258f360f513cef7a29
references/02-palettization-pruning-and-joint.md	### 13.1 The three rules	retained; current API/source or dated SDK/benchmark scope reviewed	https://github.com/apple/coreai-optimization/blob/189612be60bc1d5cca9b73ad8811660f738c637d/src/coreai_opt/palettization/	3ed5325f1ecd002c8bad080a248f568170b0075451831040eb648cbcbe96a844
references/02-palettization-pruning-and-joint.md	### 13.2 The complete flow	updated; release API claims reconciled; dated evidence retained	https://github.com/apple/coreai-optimization/blob/189612be60bc1d5cca9b73ad8811660f738c637d/src/coreai_opt/palettization/	5e20ab7ec9192897196c014b4f3703cbf4045953abe342e4618372383fb10795
references/02-palettization-pruning-and-joint.md	### 13.3 What it costs, measured by Apple	retained; current API/source or dated SDK/benchmark scope reviewed	https://github.com/apple/coreai-optimization/blob/189612be60bc1d5cca9b73ad8811660f738c637d/src/coreai_opt/palettization/	a580c5c9f983273c04537ba64b2db4acf3daa2624722effcfe9a72b44e21a296
references/02-palettization-pruning-and-joint.md	### 13.4 Things that go wrong	retained; current API/source or dated SDK/benchmark scope reviewed	https://github.com/apple/coreai-optimization/blob/189612be60bc1d5cca9b73ad8811660f738c637d/src/coreai_opt/palettization/	c266b07a1593995193e3ccb81fcad377d0d668d7d27d1b025d45a0f8d78d19b4
references/02-palettization-pruning-and-joint.md	## 14. Mixed precision	retained; current API/source or dated SDK/benchmark scope reviewed	https://github.com/apple/coreai-optimization/blob/189612be60bc1d5cca9b73ad8811660f738c637d/src/coreai_opt/palettization/	d3bafdeda705d26a31519971c3ff4c3d9fbdc7b5c8cb640fdf990a36fc8549f2
references/02-palettization-pruning-and-joint.md	### 14.1 The result that makes the case	retained; current API/source or dated SDK/benchmark scope reviewed	https://github.com/apple/coreai-optimization/blob/189612be60bc1d5cca9b73ad8811660f738c637d/docs/src/utils/mixed_precision.md	3aab2f85ad3f397ec0f37fbd521e24b4902e56a45a0d2fff0984dc9a37c2a027
references/02-palettization-pruning-and-joint.md	### 14.2 The workflow	updated; release API claims reconciled; dated evidence retained	https://github.com/apple/coreai-optimization/blob/189612be60bc1d5cca9b73ad8811660f738c637d/docs/src/utils/mixed_precision.md	a3758949f978656b183ae360004410dd8c8114a192deb68a3c8469fe7db20282
references/02-palettization-pruning-and-joint.md	### 14.3 Writing the sweep yourself	updated; release API claims reconciled; dated evidence retained	https://github.com/apple/coreai-optimization/blob/189612be60bc1d5cca9b73ad8811660f738c637d/docs/src/utils/mixed_precision.md	943c21f8117da8d61ee605536def8efd0ea4651336b3b774e69bec6d4aa7d4cc
references/02-palettization-pruning-and-joint.md	### 14.4 Apple's shipped mixed-precision configs	retained; current API/source or dated SDK/benchmark scope reviewed	https://github.com/apple/coreai-optimization/blob/189612be60bc1d5cca9b73ad8811660f738c637d/docs/src/utils/mixed_precision.md	005972fd34824bfd5987e73ad6e7365670f19b2b30594e55de52dfdc0a3b1423
references/02-palettization-pruning-and-joint.md	### 14.5 Writing the YAML	updated; release API claims reconciled; dated evidence retained	https://github.com/apple/coreai-optimization/blob/189612be60bc1d5cca9b73ad8811660f738c637d/docs/src/utils/mixed_precision.md	a73df3ca37b58cbd275636c9a324777779c1fffddccf49ddff305c2c3a63927c
references/02-palettization-pruning-and-joint.md	## 15. Choosing per layer: the sweep, the Debugger, and SAM3	retained; current API/source or dated SDK/benchmark scope reviewed	https://github.com/apple/coreai-optimization/blob/189612be60bc1d5cca9b73ad8811660f738c637d/src/coreai_opt/palettization/	d290cb08dce66c9900fe8b262c6c80db1f65cfaa10a167480e6ca2b26cbcaf5b
references/02-palettization-pruning-and-joint.md	### 15.1 The SAM3 diagnosis, and why it belongs here	updated; release API claims reconciled; dated evidence retained	https://github.com/apple/coreai-optimization/blob/189612be60bc1d5cca9b73ad8811660f738c637d/src/coreai_opt/inspection/	17be022a08ddb41d002b33d85fb594f93a696887dbb5fc8660df294bb2747f9d
references/02-palettization-pruning-and-joint.md	### 15.2 The three-function split also selects `coreai-models`’ ANE preference	retained; current API/source or dated SDK/benchmark scope reviewed	https://github.com/apple/coreai-optimization/blob/189612be60bc1d5cca9b73ad8811660f738c637d/src/coreai_opt/inspection/	8a6d715c4e920fb6a385c0c25d05e0bc99eadf92636a0fd59351d432aaded4da
references/02-palettization-pruning-and-joint.md	### 15.3 Apple's `model-compression-exploration` skill	retained; current API/source or dated SDK/benchmark scope reviewed	https://github.com/apple/coreai-optimization/blob/189612be60bc1d5cca9b73ad8811660f738c637d/src/coreai_opt/inspection/	6cf5cd34f2e9217618808b7a9d8186b7dbc2b89b6aa6e5b818aa1453b537e5dc
references/02-palettization-pruning-and-joint.md	### 15.4 The `.aimodel` is a build artefact, not a pure function of the recipe	retained; current API/source or dated SDK/benchmark scope reviewed	https://github.com/apple/coreai-optimization/blob/189612be60bc1d5cca9b73ad8811660f738c637d/src/coreai_opt/inspection/	258d6bca02d037fb71322ec60ad55f8fc56f23c45f77c18d5671714ae9d88011
references/02-palettization-pruning-and-joint.md	### 15.5 Hand-off to the Debugger	retained; current API/source or dated SDK/benchmark scope reviewed	https://github.com/apple/coreai-optimization/blob/189612be60bc1d5cca9b73ad8811660f738c637d/src/coreai_opt/inspection/	e1057c35dbb065994bf97990c2fae7cd90344fbe0f7ff719340f00763ab02085
references/02-palettization-pruning-and-joint.md	### 15.6 Inspection and analytical BPW in 0.3.0	updated; release API claims reconciled; dated evidence retained	https://github.com/apple/coreai-optimization/blob/189612be60bc1d5cca9b73ad8811660f738c637d/src/coreai_opt/inspection/	c7f69fe6bd91b6dd68b8274707a8ebf36f62d0ea1a465c5fb9f7ef2b868e8024
references/02-palettization-pruning-and-joint.md	## 16. Apple's PSNR acceptance gates	retained; current API/source or dated SDK/benchmark scope reviewed	https://github.com/apple/coreai-optimization/blob/189612be60bc1d5cca9b73ad8811660f738c637d/src/coreai_opt/palettization/	ea2e126bee493f7f4ef611f521240ae60f4aeffcf7d881f1daf461ab0271125e
references/02-palettization-pruning-and-joint.md	### 16.1 The authoring gates	updated; release API claims reconciled; dated evidence retained	dated primary model/benchmark sources cited in this section; measurements retained	442e3782dd43aaa31e6e2bc15113632761c26e068812dc48f67b04a6c905e71a
references/02-palettization-pruning-and-joint.md	### 16.2 The sizing table that goes with them	retained; current API/source or dated SDK/benchmark scope reviewed	dated primary model/benchmark sources cited in this section; measurements retained	d2ee9a35db68adaa4622feda11bfb2a6dd2598088ee28dcbd3b6ae194e45bc53
references/02-palettization-pruning-and-joint.md	### 16.3 Using them	updated; release API claims reconciled; dated evidence retained	dated primary model/benchmark sources cited in this section; measurements retained	9e437d2032304fa11f38712c4dcb1885b38b0b71e1f0f937785806567f28f46e
references/02-palettization-pruning-and-joint.md	### 16.4 The gate that is not a PSNR gate	retained; current API/source or dated SDK/benchmark scope reviewed	dated primary model/benchmark sources cited in this section; measurements retained	d7ac6739f51efb5534fd4c4792ff956a85d8930e1d8b26df81df5fd1d12958e7
references/02-palettization-pruning-and-joint.md	## 17. Community-measured findings, labelled	retained; current API/source or dated SDK/benchmark scope reviewed	https://github.com/apple/coreai-optimization/blob/189612be60bc1d5cca9b73ad8811660f738c637d/src/coreai_opt/palettization/	a9122931383af1e97133dc4812796387afb4d3722d1d2e6d715d7cbf2587c188
references/02-palettization-pruning-and-joint.md	### 17.1 Dense int4 k-means: what the archive actually found	retained; current API/source or dated SDK/benchmark scope reviewed	dated primary model/benchmark sources cited in this section; measurements retained	2361cbc54dbc3061a5f399cfa0692194510912bda06ce11f11c8711080b2b6f5
references/02-palettization-pruning-and-joint.md	### 17.2 Boundary layers	retained; current API/source or dated SDK/benchmark scope reviewed	dated primary model/benchmark sources cited in this section; measurements retained	b02f747b1c1f4ec9fdd8f9a8bc87dea1944d2e22dc36934db3d2e27320ea1331
references/02-palettization-pruning-and-joint.md	### 17.3 The free 1.7× that everyone leaves on the table	retained; current API/source or dated SDK/benchmark scope reviewed	dated primary model/benchmark sources cited in this section; measurements retained	1e4d2b6b4bacd2e8e6768d0a019c90f1331fd5b611ad5c58dfe75aa3e2c4fde7
references/02-palettization-pruning-and-joint.md	### 17.4 Palettization composes with stateful export, with an ordering rule	retained; current API/source or dated SDK/benchmark scope reviewed	dated primary model/benchmark sources cited in this section; measurements retained	7fc57b94750bab16f4c6c9f6b8f3d9a65fd91e0ba9ec404ca46124dd01f052d1
references/02-palettization-pruning-and-joint.md	### 17.5 A beta bug worth knowing about	retained; current API/source or dated SDK/benchmark scope reviewed	dated primary model/benchmark sources cited in this section; measurements retained	11b867267d2603ceb98eee8452b6a342bd4871594921af1bd7f2bf2c16542c8f
references/02-palettization-pruning-and-joint.md	## 18. The worked examples the repo ships	retained; current API/source or dated SDK/benchmark scope reviewed	https://github.com/apple/coreai-optimization/blob/189612be60bc1d5cca9b73ad8811660f738c637d/src/coreai_opt/palettization/	7d6966b05639294f281dc450f2fa07f4311ab3d2224eaaa9c002feeb16e3fedc
references/02-palettization-pruning-and-joint.md	### 18.1 The four MNIST notebooks	retained; current API/source or dated SDK/benchmark scope reviewed	https://github.com/apple/coreai-optimization/blob/189612be60bc1d5cca9b73ad8811660f738c637d/src/coreai_opt/palettization/	80092763fee3e3d537d91412c0c431a6312fa45ea97ac316d8cafeeff7f2b78f
references/02-palettization-pruning-and-joint.md	### 18.2 The four example pages	retained; current API/source or dated SDK/benchmark scope reviewed	https://github.com/apple/coreai-optimization/blob/189612be60bc1d5cca9b73ad8811660f738c637d/src/coreai_opt/palettization/	f9450a5b1a19570baa1cd2f41365f38b0eb780aca0d5711c07edc20eb27ef7f3
references/02-palettization-pruning-and-joint.md	### 18.3 The test suite as documentation	retained; current API/source or dated SDK/benchmark scope reviewed	https://github.com/apple/coreai-optimization/blob/189612be60bc1d5cca9b73ad8811660f738c637d/src/coreai_opt/palettization/	4f8817f884acc333f4c20df41c35a29eba225b7623762cdd7f07e571aac7dd54
references/02-palettization-pruning-and-joint.md	## 19. ⚠️ Silent failures, consolidated	retained; current API/source or dated SDK/benchmark scope reviewed	https://github.com/apple/coreai-optimization/blob/189612be60bc1d5cca9b73ad8811660f738c637d/src/coreai_opt/palettization/	3ca50bc186b1c4c85d3e56b05d5bc706572113f4340eeeba50e4f0a0a8c2069f
references/02-palettization-pruning-and-joint.md	### 19.1 A group size your weight is not divisible by leaves the layer uncompressed	retained; current API/source or dated SDK/benchmark scope reviewed	https://github.com/apple/coreai-optimization/blob/189612be60bc1d5cca9b73ad8811660f738c637d/src/coreai_opt/palettization/	eeb0c6dfa3b6050410b1522625e8311d6b05e4178a2f569fc9664b0616693fc4
references/02-palettization-pruning-and-joint.md	### 19.2 `enable_per_channel_scale=True` moves your model off the Neural Engine	retained; current API/source or dated SDK/benchmark scope reviewed	https://github.com/apple/coreai-optimization/blob/189612be60bc1d5cca9b73ad8811660f738c637d/src/coreai_opt/palettization/	e16a463cd383c7093b02aeb801cd0332e2a5fb18a76a78aaacfdad811e970605
references/02-palettization-pruning-and-joint.md	### 19.3 Eager-only `KMeansPalettizer.finalize(CoreAI)` frees dense weights irreversibly	retained; current API/source or dated SDK/benchmark scope reviewed	https://github.com/apple/coreai-optimization/blob/189612be60bc1d5cca9b73ad8811660f738c637d/src/coreai_opt/palettization/	31c79b5d4b29d7167f0d30ebd79f2e7553ccff9ba71e0f0c8cb93e4a52245e46
references/02-palettization-pruning-and-joint.md	### 19.4 Vector palettization produces a different model every run	retained; current API/source or dated SDK/benchmark scope reviewed	https://github.com/apple/coreai-optimization/blob/189612be60bc1d5cca9b73ad8811660f738c637d/src/coreai_opt/palettization/	0e3a8fa3500741918bc9c6175048489b71b640ca8a4ddfad83966cbb09e952e6
references/02-palettization-pruning-and-joint.md	### 19.5 Channel-structured pruning can silently prune zero channels	retained; current API/source or dated SDK/benchmark scope reviewed	https://github.com/apple/coreai-optimization/blob/189612be60bc1d5cca9b73ad8811660f738c637d/src/coreai_opt/palettization/	b4d26ab58758b890279be85b0a68fd0d0ea4c3ef670ff820b71cca03a44b59fe
references/02-palettization-pruning-and-joint.md	### 19.6 Joint compression without `lut_qspec` buys you no speed	retained; current API/source or dated SDK/benchmark scope reviewed	https://github.com/apple/coreai-optimization/blob/189612be60bc1d5cca9b73ad8811660f738c637d/src/coreai_opt/palettization/	723290e4baf6f711baba5c6cb9ad5e65655b522c03ec21bd1cae1e8311ba1508
references/02-palettization-pruning-and-joint.md	### 19.7 Joint compression with the default `op_state_spec` double-compresses weights	retained; current API/source or dated SDK/benchmark scope reviewed	https://github.com/apple/coreai-optimization/blob/189612be60bc1d5cca9b73ad8811660f738c637d/src/coreai_opt/palettization/	0e767437da0f9a7a97873b43e13757c32f650e345c0cfa8dcb99fbb075e9b3f6
references/02-palettization-pruning-and-joint.md	### 19.8 `--n-bits` on the SAM3 export script overrides *both* encoders	retained; current API/source or dated SDK/benchmark scope reviewed	https://github.com/apple/coreai-optimization/blob/189612be60bc1d5cca9b73ad8811660f738c637d/src/coreai_opt/palettization/	6f6f246d892e4a583b89c53e9aac6fe557505cb007a20983d0eff327219752ec
references/02-palettization-pruning-and-joint.md	### 19.9 A sweep optimising PSNR will pick the setting that costs you the ANE	retained; current API/source or dated SDK/benchmark scope reviewed	https://github.com/apple/coreai-optimization/blob/189612be60bc1d5cca9b73ad8811660f738c637d/src/coreai_opt/palettization/	f85e4a5f9812b7fe96cca5f64b207a4cb75ae9d61e07a82a03dc951f26d53bc0
references/02-palettization-pruning-and-joint.md	### 19.10 Inherited from quantization, and still true here	retained; current API/source or dated SDK/benchmark scope reviewed	https://github.com/apple/coreai-optimization/blob/189612be60bc1d5cca9b73ad8811660f738c637d/src/coreai_opt/palettization/	87e2ba95943b09903821afe48736d556157e521c5fc081b4c95cfb890fa61db4
references/02-palettization-pruning-and-joint.md	## 20. Numbers, attributed	retained; current API/source or dated SDK/benchmark scope reviewed	https://github.com/apple/coreai-optimization/blob/189612be60bc1d5cca9b73ad8811660f738c637d/src/coreai_opt/palettization/	127cbb228e39fc7c8882056b3aab3f5a7b1cd6326c84d213dac34829367e5937
references/02-palettization-pruning-and-joint.md	### 20.1 Apple-published	retained; current API/source or dated SDK/benchmark scope reviewed	dated primary model/benchmark sources cited in this section; measurements retained	0f82c52432626319f0a49ae875b187de4151f72d46e7d5951bb334e3ebb20b89
references/02-palettization-pruning-and-joint.md	### 20.2 Community-measured — `notes/repos/john-rocky-models.md`	retained; current API/source or dated SDK/benchmark scope reviewed	dated primary model/benchmark sources cited in this section; measurements retained	67536382ad3ea042059b070970513e5a1d8ad44c80652375d486ee504b640e3a
references/02-palettization-pruning-and-joint.md	### 20.3 What is *not* measured anywhere	retained; current API/source or dated SDK/benchmark scope reviewed	dated primary model/benchmark sources cited in this section; measurements retained	dbc508000d4086b7600190241be80088816691c6bf577096c8c6d31562f45806
references/02-palettization-pruning-and-joint.md	## 21. Quick reference	retained; current API/source or dated SDK/benchmark scope reviewed	https://github.com/apple/coreai-optimization/blob/189612be60bc1d5cca9b73ad8811660f738c637d/src/coreai_opt/palettization/	1c79ca5fba70e66d61729edefe33681379194ae231a239d1f8b37423a7479123
references/02-palettization-pruning-and-joint.md	### 21.1 Imports	updated; release API claims reconciled; dated evidence retained	https://github.com/apple/coreai-optimization/blob/189612be60bc1d5cca9b73ad8811660f738c637d/src/coreai_opt/palettization/	8f3047f11fcb50a14605e7152285c223e2542b920dd0c574d6207b57998bf274
references/02-palettization-pruning-and-joint.md	### 21.2 The decision table	retained; current API/source or dated SDK/benchmark scope reviewed	https://github.com/apple/coreai-optimization/blob/189612be60bc1d5cca9b73ad8811660f738c637d/src/coreai_opt/palettization/	5b1ac714e9fbca85a804495360f001989004c17c47f9b1cd938c258eec0668da
references/02-palettization-pruning-and-joint.md	### 21.3 Field cheat-sheet	updated; release API claims reconciled; dated evidence retained	https://github.com/apple/coreai-optimization/blob/189612be60bc1d5cca9b73ad8811660f738c637d/src/coreai_opt/palettization/	1a363fa62f6fc733d65e5f74d4d96eeae31017f12132cbac034c1fb1b7819a6a
references/02-palettization-pruning-and-joint.md	### 21.4 Legal-value quick check	retained; current API/source or dated SDK/benchmark scope reviewed	https://github.com/apple/coreai-optimization/blob/189612be60bc1d5cca9b73ad8811660f738c637d/src/coreai_opt/palettization/	ba7c87c6b07a53a2591e82d30807b16104f54723dcf90ab6a16c882c3d2e5c98
references/02-palettization-pruning-and-joint.md	### 21.5 Pre-flight checklist	retained; current API/source or dated SDK/benchmark scope reviewed	https://github.com/apple/coreai-optimization/blob/189612be60bc1d5cca9b73ad8811660f738c637d/src/coreai_opt/palettization/	9c73d978f16e52056b42ff2f0fd803a347604cc15d83b899187cd498d1e08f79
references/02-palettization-pruning-and-joint.md	## 22. Sources and evidence ledger	retained; current API/source or dated SDK/benchmark scope reviewed	https://github.com/apple/coreai-optimization/blob/189612be60bc1d5cca9b73ad8811660f738c637d/src/coreai_opt/palettization/	e43659b6228daf56eb999331bdb383669d10f91b36bbef0b2b64b0637229e438
references/02-palettization-pruning-and-joint.md	### 22.1 Primary — shipped source	updated; release API claims reconciled; dated evidence retained	https://github.com/apple/coreai-optimization/blob/189612be60bc1d5cca9b73ad8811660f738c637d/docs/src/utils/mixed_precision.md	f0e70c03d1e7bea286906a44f4b4cceeb01aaed64823b35c0eb2806d9a2858c1
references/02-palettization-pruning-and-joint.md	### 22.2 Primary — Apple's agent skills (vendored in `apple/coreai-models`)	retained; current API/source or dated SDK/benchmark scope reviewed	https://github.com/apple/coreai-optimization/blob/189612be60bc1d5cca9b73ad8811660f738c637d/docs/src/utils/mixed_precision.md	5a881012045239acc0b3197ef89a10902accba2f5bc05d1dafbc12cf673e7991
references/02-palettization-pruning-and-joint.md	### 22.3 Primary — WWDC26	retained; current API/source or dated SDK/benchmark scope reviewed	https://github.com/apple/coreai-optimization/blob/189612be60bc1d5cca9b73ad8811660f738c637d/docs/src/utils/mixed_precision.md	3f889624c52852ff7b40ef1a999cb47e2e17c6e65e81951408645098c8ac107f
references/02-palettization-pruning-and-joint.md	### 22.4 Community	retained; current API/source or dated SDK/benchmark scope reviewed	https://github.com/apple/coreai-optimization/blob/189612be60bc1d5cca9b73ad8811660f738c637d/docs/src/utils/mixed_precision.md	2a860bc585e0be18e3d4547011be34a9338ebd353a844727472d4577d9d150bd
references/02-palettization-pruning-and-joint.md	### 22.5 What this guide deliberately does not claim	updated; release API claims reconciled; dated evidence retained	https://github.com/apple/coreai-optimization/blob/189612be60bc1d5cca9b73ad8811660f738c637d/docs/src/utils/mixed_precision.md	2b9f913d8b684641beb1f9e5e5b16c06b55e4cd59e1943623cf2ab25ae813dba
references/02-palettization-pruning-and-joint.md	### 22.6 Open questions, collected	updated; release API claims reconciled; dated evidence retained	https://github.com/apple/coreai-optimization/blob/189612be60bc1d5cca9b73ad8811660f738c637d/docs/src/utils/mixed_precision.md	74a37c44a83ca0ae4dbcbb928e0bd55159b46899c10591f9ed141fd97b674126
references/03-numeric-formats-across-the-stack.md	(preamble)	updated; release API claims reconciled; dated evidence retained	189612be numeric specs; b51fd006 converter; unchanged SDK/Metal/MLX sources pinned in guide section	606d5095596fcb1b8ce8a228f8016a50324927a36ad82d61e8e69eeffb351194
references/03-numeric-formats-across-the-stack.md	## What this covers	retained; current API/source or dated SDK/benchmark scope reviewed	189612be numeric specs; b51fd006 converter; unchanged SDK/Metal/MLX sources pinned in guide section	3a8d6b8606ec4ed4beba0a9abda704c1d71ebfcaf76ac3fbc4fc1fd28c517ad8
references/03-numeric-formats-across-the-stack.md	## What this does *not* cover	updated; release API claims reconciled; dated evidence retained	189612be numeric specs; b51fd006 converter; unchanged SDK/Metal/MLX sources pinned in guide section	f8239e0049bf2b6fef63f08032f22a569e6ccef7f1a2ad564a7702bede48a5cb
references/03-numeric-formats-across-the-stack.md	## What you need	retained; current API/source or dated SDK/benchmark scope reviewed	189612be numeric specs; b51fd006 converter; unchanged SDK/Metal/MLX sources pinned in guide section	8eac3a2ac87ca86774628c86f0c388aee38b7997d4b86fbcc18c4d977f3778df
references/03-numeric-formats-across-the-stack.md	## Contents	retained; current API/source or dated SDK/benchmark scope reviewed	189612be numeric specs; b51fd006 converter; unchanged SDK/Metal/MLX sources pinned in guide section	7df4acf523f195ebc4fc995d21139a31d619fe2c71c63b7e6ffb5a774c941343
references/03-numeric-formats-across-the-stack.md	## 1. The three sets, and the master matrix	retained; current API/source or dated SDK/benchmark scope reviewed	189612be numeric specs; b51fd006 converter; unchanged SDK/Metal/MLX sources pinned in guide section	a37d5491d9c80f0563e053f16b0fe3017c124f82b51f8592aa60d65ad3907e98
references/03-numeric-formats-across-the-stack.md	### 1.1 Why a format has three separate lives	retained; current API/source or dated SDK/benchmark scope reviewed	189612be numeric specs; b51fd006 converter; unchanged SDK/Metal/MLX sources pinned in guide section	4f840a98256f8656d64768810b09a27c0c677473186621d5ab3f3c2d5f6913b0
references/03-numeric-formats-across-the-stack.md	### 1.2 The master matrix	retained; current API/source or dated SDK/benchmark scope reviewed	189612be numeric specs; b51fd006 converter; unchanged SDK/Metal/MLX sources pinned in guide section	2a6972dcc790fb830c27e2cace971c5b34ad5f4781167b3276f69c0d26d7ccce
references/03-numeric-formats-across-the-stack.md	### 1.3 The one-sentence rule for each layer	retained; current API/source or dated SDK/benchmark scope reviewed	189612be numeric specs; b51fd006 converter; unchanged SDK/Metal/MLX sources pinned in guide section	5bd19acfe1f271bedbf9f38249061f794cb369be693ab46062e9b24b0137b84e
references/03-numeric-formats-across-the-stack.md	## 2. `coreai-opt`: the emit set	retained; current API/source or dated SDK/benchmark scope reviewed	189612be numeric specs; b51fd006 converter; unchanged SDK/Metal/MLX sources pinned in guide section	0d1387bd18c95c41ed0b5ec23e3e1bd75114b04b4626769468b2d46dcf76e9c6
references/03-numeric-formats-across-the-stack.md	### 2.1 What Apple said on stage, and what the source actually supports	retained; current API/source or dated SDK/benchmark scope reviewed	189612be numeric specs; b51fd006 converter; unchanged SDK/Metal/MLX sources pinned in guide section	4b835130f3a6e0f91cad7b9c7fcf5dff5adb926bf3650e6c63dda409e473f19f
references/03-numeric-formats-across-the-stack.md	### 2.2 Physical storage: sub-byte types live in a wider container	retained; current API/source or dated SDK/benchmark scope reviewed	189612be numeric specs; b51fd006 converter; unchanged SDK/Metal/MLX sources pinned in guide section	06539cce6998c384a82ffd0b2d1be60720d6cb919c8d58ac1f4bdfdf27f1e5ac
references/03-numeric-formats-across-the-stack.md	### 2.3 Quantization ranges and the E8M0 scale rule — where MXFP4 comes from	retained; current API/source or dated SDK/benchmark scope reviewed	189612be numeric specs; b51fd006 converter; unchanged SDK/Metal/MLX sources pinned in guide section	518f3d220f7ba0191c33fda2e164a8bba3ff527210629d96fd7b8d17b71f8e91
references/03-numeric-formats-across-the-stack.md	### 2.4 Granularity: the second axis of the emit set	retained; current API/source or dated SDK/benchmark scope reviewed	189612be numeric specs; b51fd006 converter; unchanged SDK/Metal/MLX sources pinned in guide section	cec3a9e7ec35cf99c62cf40c9e2ecda23dbd870d2e4380b543a558f0266bca6b
references/03-numeric-formats-across-the-stack.md	### 2.5 Palettization: a different vocabulary for a different mechanism	updated; release API claims reconciled; dated evidence retained	189612be numeric specs; b51fd006 converter; unchanged SDK/Metal/MLX sources pinned in guide section	b1b40850a089eedb39b9fbdf5785815b8b977d4c6f097a849239ca182f39e0fb
references/03-numeric-formats-across-the-stack.md	### 2.6 The MLIR-level emit set is not the same as the PyTorch-level one	updated; release API claims reconciled; dated evidence retained	189612be numeric specs; b51fd006 converter; unchanged SDK/Metal/MLX sources pinned in guide section	5364a1cc1cf92b7a18c99d507a58b1ea3a9a7fb098a691970f235366614b3fa4
references/03-numeric-formats-across-the-stack.md	### 2.7 ⚠️ SILENT FAILURE — a block size your weight doesn't divide by leaves the layer at full precision	updated; release API claims reconciled; dated evidence retained	189612be numeric specs; b51fd006 converter; unchanged SDK/Metal/MLX sources pinned in guide section	83d2f776dd11c1dcc2ce83fb03e4a82b02aa72a338d8fb84ffe8cd598edfff81
references/03-numeric-formats-across-the-stack.md	### 2.8 The CoreML export backend is a strictly smaller set — and it rejects at `finalize()`	retained; current API/source or dated SDK/benchmark scope reviewed	189612be numeric specs; b51fd006 converter; unchanged SDK/Metal/MLX sources pinned in guide section	5d48eebaf5f9c4999cc557bf248bcefd98391ce8385338c9e71e18fb79b85708
references/03-numeric-formats-across-the-stack.md	### 2.9 Casting is not compression, and the order matters	updated; release API claims reconciled; dated evidence retained	189612be numeric specs; b51fd006 converter; unchanged SDK/Metal/MLX sources pinned in guide section	97b09dcd99017514b712b871bf8a1303e8888e2ec22685517582c7c42096194e
references/03-numeric-formats-across-the-stack.md	### 2.10 The complete `coreai-opt` emit set, on one card	retained; current API/source or dated SDK/benchmark scope reviewed	189612be numeric specs; b51fd006 converter; unchanged SDK/Metal/MLX sources pinned in guide section	b8f8c33415e4be8b8344e77da8eeb652ece645507caffd62da64cf1066659d78
references/03-numeric-formats-across-the-stack.md	## 3. `NDArray.ScalarType`: the store set	retained; current API/source or dated SDK/benchmark scope reviewed	189612be numeric specs; b51fd006 converter; unchanged SDK/Metal/MLX sources pinned in guide section	0e4b038777f14283805a97fb4c012ca5ff70ff2a7504a18ce331ecf3f2675471
references/03-numeric-formats-across-the-stack.md	### 3.1 The full enum, grouped	retained; current API/source or dated SDK/benchmark scope reviewed	189612be numeric specs; b51fd006 converter; unchanged SDK/Metal/MLX sources pinned in guide section	4a201d6d5e66eb714d05b6ed3a76d2524405e45fe333f3bec23870ed567ab118
references/03-numeric-formats-across-the-stack.md	### 3.2 🔴 GAP — you cannot read sub-byte data from Swift except as raw bytes	retained; current API/source or dated SDK/benchmark scope reviewed	189612be numeric specs; b51fd006 converter; unchanged SDK/Metal/MLX sources pinned in guide section	3e86075a5c07ef577f849de999cc5b7d9af5f8a335d684c2f304b64953dc2aea
references/03-numeric-formats-across-the-stack.md	### 3.3 Storage is not the only thing `NDArray` describes	retained; current API/source or dated SDK/benchmark scope reviewed	189612be numeric specs; b51fd006 converter; unchanged SDK/Metal/MLX sources pinned in guide section	ef29bf623ecb33dfe71fc2aefa23ddfd1e4f1e6e38de047a6d525c4a0230486d
references/03-numeric-formats-across-the-stack.md	### 3.4 Where each `coreai-opt` dtype lands in the store set	retained; current API/source or dated SDK/benchmark scope reviewed	189612be numeric specs; b51fd006 converter; unchanged SDK/Metal/MLX sources pinned in guide section	32cf4d314166c5352bef72aa1bd4fbce8ae8c8423fb75b2a18a1204c1d1249e3
references/03-numeric-formats-across-the-stack.md	### 3.5 ⚠️ 64-bit types are narrowed on the way in	retained; current API/source or dated SDK/benchmark scope reviewed	189612be numeric specs; b51fd006 converter; unchanged SDK/Metal/MLX sources pinned in guide section	d88352458d4efb1e750d7b21becf9ee982c27631b143af30f596891b324bbde4
references/03-numeric-formats-across-the-stack.md	## 4. The Neural Engine: the narrowest compute set	retained; current API/source or dated SDK/benchmark scope reviewed	189612be numeric specs; b51fd006 converter; unchanged SDK/Metal/MLX sources pinned in guide section	5ef2fcb7af521d28708b99283974117909b783afc41f5b839fe08577e2835472
references/03-numeric-formats-across-the-stack.md	### 4.1 Three dtypes	retained; current API/source or dated SDK/benchmark scope reviewed	189612be numeric specs; b51fd006 converter; unchanged SDK/Metal/MLX sources pinned in guide section	2a9e757f4c2e983e919aeaed029de8b75aa5a7a82ca69e89f030bfbd7df8d3bb
references/03-numeric-formats-across-the-stack.md	### 4.2 ⚠️ SILENT FAILURE — a bare Python float literal can move an op to the GPU	retained; current API/source or dated SDK/benchmark scope reviewed	189612be numeric specs; b51fd006 converter; unchanged SDK/Metal/MLX sources pinned in guide section	20947da026aa9a0e63bcf71b7615caf47c33effd68b07abe35fbe40cdfb3261a
references/03-numeric-formats-across-the-stack.md	### 4.3 The structural constraints that are not about dtype but behave like it	retained; current API/source or dated SDK/benchmark scope reviewed	189612be numeric specs; b51fd006 converter; unchanged SDK/Metal/MLX sources pinned in guide section	4695846c90f4759faf9391a07bef8106072f4096c7507af5f9090878b6feb00a
references/03-numeric-formats-across-the-stack.md	### 4.4 ⚠️ Recognized functions select the sample loader’s ANE preference	retained; current API/source or dated SDK/benchmark scope reviewed	189612be numeric specs; b51fd006 converter; unchanged SDK/Metal/MLX sources pinned in guide section	fce698b0c483ec48a4ad4047b04264037aef2e102980a03ae9f07db7db608624
references/03-numeric-formats-across-the-stack.md	### 4.5 The iOS/ANE export recipe, as Apple ships it	retained; current API/source or dated SDK/benchmark scope reviewed	189612be numeric specs; b51fd006 converter; unchanged SDK/Metal/MLX sources pinned in guide section	df89e8ec07a401220cf732bce38b71e608cf25de865e4ae51afd2b6aa1a111b8
references/03-numeric-formats-across-the-stack.md	## 5. Metal and MPP TensorOps: the GPU compute set	retained; current API/source or dated SDK/benchmark scope reviewed	189612be numeric specs; b51fd006 converter; unchanged SDK/Metal/MLX sources pinned in guide section	d1548407c91db7246000925eaadc25a9448d827137ecab8439ec8185e5e28beb
references/03-numeric-formats-across-the-stack.md	### 5.1 The 26.x baseline and the Xcode 27 extension	retained; current API/source or dated SDK/benchmark scope reviewed	189612be numeric specs; b51fd006 converter; unchanged SDK/Metal/MLX sources pinned in guide section	2e4ad2d4e94d40ff86e058ccd4c592483227f0a721a562cabcbb79018a6d31c2
references/03-numeric-formats-across-the-stack.md	### 5.2 The Metal-language types, and the int16 oddity	retained; current API/source or dated SDK/benchmark scope reviewed	189612be numeric specs; b51fd006 converter; unchanged SDK/Metal/MLX sources pinned in guide section	497f3404ea73604f4339dbf29c65995ba459121abcaccf6275e6741cba8685d3
references/03-numeric-formats-across-the-stack.md	### 5.3 The 4-bit operand rows, verbatim — and the two structural facts they encode	retained; current API/source or dated SDK/benchmark scope reviewed	189612be numeric specs; b51fd006 converter; unchanged SDK/Metal/MLX sources pinned in guide section	c854480850d96df745c657c3fc3840738a4064a369409f25a382c15c8a4372e8
references/03-numeric-formats-across-the-stack.md	### 5.4 The version ladder — and why two different numbers are both right	retained; current API/source or dated SDK/benchmark scope reviewed	189612be numeric specs; b51fd006 converter; unchanged SDK/Metal/MLX sources pinned in guide section	ef954f06688547b3a9ac132a41b90d8de102ace7439e3c79d6b7b6e64fcf5e05
references/03-numeric-formats-across-the-stack.md	### 5.5 ✅ Xcode 27 auxiliary scale planes and automatic dequantization	retained; current API/source or dated SDK/benchmark scope reviewed	189612be numeric specs; b51fd006 converter; unchanged SDK/Metal/MLX sources pinned in guide section	f5f938326de06d5a7061ecafa0ed08820b5a05565900ab8b20de1f747bc98c34
references/03-numeric-formats-across-the-stack.md	### 5.6 TensorOps is portable, not M5-only — and there is no capability query	retained; current API/source or dated SDK/benchmark scope reviewed	189612be numeric specs; b51fd006 converter; unchanged SDK/Metal/MLX sources pinned in guide section	8fcb32575f04c7afd4eba610e1b7e709229cb9a4c8f45b42f81ea93a7a01b402
references/03-numeric-formats-across-the-stack.md	### 5.7 The GPU compute set, summarised	retained; current API/source or dated SDK/benchmark scope reviewed	189612be numeric specs; b51fd006 converter; unchanged SDK/Metal/MLX sources pinned in guide section	c4c83ff6754feb0ce502f3932c68c3ec23cfa916171557d489dd85c0d4ee0626
references/03-numeric-formats-across-the-stack.md	## 6. MLX: the widest menu, implemented in software	retained; current API/source or dated SDK/benchmark scope reviewed	189612be numeric specs; b51fd006 converter; unchanged SDK/Metal/MLX sources pinned in guide section	4b32f8e3c57a87fa2386f3627ad5ec95ded9fb1438bc8004c9c1d1620725ef59
references/03-numeric-formats-across-the-stack.md	### 6.1 The modes table, verbatim	retained; current API/source or dated SDK/benchmark scope reviewed	189612be numeric specs; b51fd006 converter; unchanged SDK/Metal/MLX sources pinned in guide section	5f32bf1a392bac87c2be4a20e79f35643ef4f24d45701fe17a77bce479d1f068
references/03-numeric-formats-across-the-stack.md	### 6.2 The affine formula and the packing convention	retained; current API/source or dated SDK/benchmark scope reviewed	189612be numeric specs; b51fd006 converter; unchanged SDK/Metal/MLX sources pinned in guide section	e1de10176791a1b6d2ce5003b05b0e23bb0709962d8b1dc1da692ae1232f04be
references/03-numeric-formats-across-the-stack.md	### 6.3 Python signatures	retained; current API/source or dated SDK/benchmark scope reviewed	189612be numeric specs; b51fd006 converter; unchanged SDK/Metal/MLX sources pinned in guide section	57a4adf908109949bba8ef8c1b81f7ca90b3b365ba7d2bb84629567a6444d844
references/03-numeric-formats-across-the-stack.md	### 6.4 ⚠️ MLX uses its own FP4/FP8 structs even though OS 27 has Metal types	retained; current API/source or dated SDK/benchmark scope reviewed	189612be numeric specs; b51fd006 converter; unchanged SDK/Metal/MLX sources pinned in guide section	4c6a61224bc8941305e495f5e2cb7e5fa7f59b1eda4f3a48cd39fe699e1d5fd1
references/03-numeric-formats-across-the-stack.md	### 6.5 The four gates on MLX's accelerated quantized path	updated; release API claims reconciled; dated evidence retained	189612be numeric specs; b51fd006 converter; unchanged SDK/Metal/MLX sources pinned in guide section	19568a7aac59b074dbf9853255567359aac3b49f49774bb2a8cf865c13181ed6
references/03-numeric-formats-across-the-stack.md	### 6.6 What `mlx_lm` layers on top	retained; current API/source or dated SDK/benchmark scope reviewed	189612be numeric specs; b51fd006 converter; unchanged SDK/Metal/MLX sources pinned in guide section	701bba06c5a9ebf7a05b6bcd1d5548f226ec99d6b52e544baca17f39f7746808
references/03-numeric-formats-across-the-stack.md	## 7. The crossings that silently degrade	retained; current API/source or dated SDK/benchmark scope reviewed	189612be numeric specs; b51fd006 converter; unchanged SDK/Metal/MLX sources pinned in guide section	4d30539de7eef5944baccb2e6d9dfbe18ffd6ebfc29b5cf74c2149a366f7e7ad
references/03-numeric-formats-across-the-stack.md	### 7.1 The lookup table	retained; current API/source or dated SDK/benchmark scope reviewed	189612be numeric specs; b51fd006 converter; unchanged SDK/Metal/MLX sources pinned in guide section	97a30509c9805cc7bfe9a50b2df7611690fb0ffb33406e7230f3d32b44b9225f
references/03-numeric-formats-across-the-stack.md	### 7.2 Why none of these throw	retained; current API/source or dated SDK/benchmark scope reviewed	189612be numeric specs; b51fd006 converter; unchanged SDK/Metal/MLX sources pinned in guide section	743ceac38218c354a6fa3c4b0b82d89b856728136132d6b5e518f0bd59666362
references/03-numeric-formats-across-the-stack.md	## 8. How to check what you actually got	retained; current API/source or dated SDK/benchmark scope reviewed	189612be numeric specs; b51fd006 converter; unchanged SDK/Metal/MLX sources pinned in guide section	625b9e6356be2e8cb86fbcb8a210dded5edb371baf4a698543a645eb50ae9f2c
references/03-numeric-formats-across-the-stack.md	### 8.1 The Xcode model viewer — compute types vs storage types	retained; current API/source or dated SDK/benchmark scope reviewed	189612be numeric specs; b51fd006 converter; unchanged SDK/Metal/MLX sources pinned in guide section	293a7d4dfd6b0028975ee7e63d2351c7f7a7ea1459d71ee44cf605bbfff2fdb4
references/03-numeric-formats-across-the-stack.md	### 8.2 `AIModelAsset.Summary` — the same data, programmatically	retained; current API/source or dated SDK/benchmark scope reviewed	189612be numeric specs; b51fd006 converter; unchanged SDK/Metal/MLX sources pinned in guide section	ba302785a3d0af01c5ae74b672c8a330978860445b07f1a4a53aadc4c05839e2
references/03-numeric-formats-across-the-stack.md	### 8.3 Instruments — the residency check	retained; current API/source or dated SDK/benchmark scope reviewed	189612be numeric specs; b51fd006 converter; unchanged SDK/Metal/MLX sources pinned in guide section	1c07dcb25c0c8e3264cb88d4ea22edc273d83f512d6038a233633f454e22466d
references/03-numeric-formats-across-the-stack.md	### 8.4 Metal System Trace — the neural-accelerator utilisation counter	retained; current API/source or dated SDK/benchmark scope reviewed	189612be numeric specs; b51fd006 converter; unchanged SDK/Metal/MLX sources pinned in guide section	131448956a0997287809e51a4c7c6818a880152e4e26bc3d455bf7e5b396dcd7
references/03-numeric-formats-across-the-stack.md	### 8.5 The cheap checks	retained; current API/source or dated SDK/benchmark scope reviewed	189612be numeric specs; b51fd006 converter; unchanged SDK/Metal/MLX sources pinned in guide section	744bdc722a0fb4d085a48c2d7433f73106d5cd6a0c732e091b8a88f830aca7d1
references/03-numeric-formats-across-the-stack.md	## 9. Decision tables by target	retained; current API/source or dated SDK/benchmark scope reviewed	189612be numeric specs; b51fd006 converter; unchanged SDK/Metal/MLX sources pinned in guide section	ee0f743a3e7a6251dbad0b1a67e5ce672978ae2d3b3e88cf1e58a8ffc87118cd
references/03-numeric-formats-across-the-stack.md	### 9.1 Pick a format by where you want it to run	retained; current API/source or dated SDK/benchmark scope reviewed	189612be numeric specs; b51fd006 converter; unchanged SDK/Metal/MLX sources pinned in guide section	e4643a6c5273bacbc2ba27862bf81a3275a71f87ce25fc7412dc589d6da33ccc
references/03-numeric-formats-across-the-stack.md	### 9.2 Pick a compression *technique* by what you are compressing	retained; current API/source or dated SDK/benchmark scope reviewed	189612be numeric specs; b51fd006 converter; unchanged SDK/Metal/MLX sources pinned in guide section	88ec21088c32891da56e49c927ba9201d1159af2cd19758ea1736b0c412fcc1b
references/03-numeric-formats-across-the-stack.md	### 9.3 The LM head and the embedding are their own decision	retained; current API/source or dated SDK/benchmark scope reviewed	189612be numeric specs; b51fd006 converter; unchanged SDK/Metal/MLX sources pinned in guide section	4e433a05f76b0b6837eb48691e29c01e089a02f24d9fd0ef87feefd6e367f4e4
references/03-numeric-formats-across-the-stack.md	### 9.4 Ahead-of-time compilation does not change the format question	retained; current API/source or dated SDK/benchmark scope reviewed	189612be numeric specs; b51fd006 converter; unchanged SDK/Metal/MLX sources pinned in guide section	cd278208eb41703bbfcf4afbcaff0c6f3383f59bb17b610b095db4f722568f94
references/03-numeric-formats-across-the-stack.md	## 10. ⚠️ Silent failures, consolidated	retained; current API/source or dated SDK/benchmark scope reviewed	189612be numeric specs; b51fd006 converter; unchanged SDK/Metal/MLX sources pinned in guide section	a6ba69d36074bccbff41c0ef7e0e5a3865b3b9a223aead240c4ec4242dcdd17e
references/03-numeric-formats-across-the-stack.md	## 11. Numbers, attributed	retained; current API/source or dated SDK/benchmark scope reviewed	189612be numeric specs; b51fd006 converter; unchanged SDK/Metal/MLX sources pinned in guide section	a449e874e835e2327cbdcf5e06deab2d827fe69ace75d5154964692abffec8b6
references/03-numeric-formats-across-the-stack.md	### 11.1 Apple-published	retained; current API/source or dated SDK/benchmark scope reviewed	189612be numeric specs; b51fd006 converter; unchanged SDK/Metal/MLX sources pinned in guide section	bb3c510982ee84d3408b351a4548f97d85bba537f358ed79656fbe04e4b55629
references/03-numeric-formats-across-the-stack.md	### 11.2 Community-measured — attribute, do not launder	retained; current API/source or dated SDK/benchmark scope reviewed	189612be numeric specs; b51fd006 converter; unchanged SDK/Metal/MLX sources pinned in guide section	a785a9c62f3b7976fd319337962872ac914197237950d8611dc65050477adb1a
references/03-numeric-formats-across-the-stack.md	### 11.3 Explicitly not measured here	retained; current API/source or dated SDK/benchmark scope reviewed	189612be numeric specs; b51fd006 converter; unchanged SDK/Metal/MLX sources pinned in guide section	b3e1b53839b0bdc9234cb8e9d0ff6338efd5ac61fa08795145df5c07cd9aa114
references/03-numeric-formats-across-the-stack.md	## 12. Quick reference	retained; current API/source or dated SDK/benchmark scope reviewed	189612be numeric specs; b51fd006 converter; unchanged SDK/Metal/MLX sources pinned in guide section	df094f038ff9c831927e64c5a1c8fde7f34ed871eabf0b1730eba9ff0cc810c0
references/03-numeric-formats-across-the-stack.md	### 12.1 The one-page answer	retained; current API/source or dated SDK/benchmark scope reviewed	189612be numeric specs; b51fd006 converter; unchanged SDK/Metal/MLX sources pinned in guide section	1bd429f2869ef918e1a1a6d9f84c7f1fa2dba90665635f4cacfdff70e2e4f201
references/03-numeric-formats-across-the-stack.md	### 12.2 Verify-before-you-ship checklist	retained; current API/source or dated SDK/benchmark scope reviewed	189612be numeric specs; b51fd006 converter; unchanged SDK/Metal/MLX sources pinned in guide section	d4c42774c8fd29cab9fce82fdf17d1126f696fb173ab4184bdd788912f73bd2d
references/03-numeric-formats-across-the-stack.md	### 12.3 Symbols named in this guide, with their homes	retained; current API/source or dated SDK/benchmark scope reviewed	189612be numeric specs; b51fd006 converter; unchanged SDK/Metal/MLX sources pinned in guide section	c6801142a790eed3b1f05a51d5a01fc9c01db09fdd33ca9ec36b76d233c2ca45
references/03-numeric-formats-across-the-stack.md	## 13. Sources and evidence ledger	retained; current API/source or dated SDK/benchmark scope reviewed	189612be numeric specs; b51fd006 converter; unchanged SDK/Metal/MLX sources pinned in guide section	e5ae83f378bd4571e94e93317fcf64202d2df9a5930fc22005e4fc00eab71508
references/03-numeric-formats-across-the-stack.md	### 13.1 Primary sources, ranked	updated; release API claims reconciled; dated evidence retained	189612be numeric specs; b51fd006 converter; unchanged SDK/Metal/MLX sources pinned in guide section	ed1763a32fe5837ea7543b9a5d07878d67c937e4809635f0ccea347627138dd1
references/03-numeric-formats-across-the-stack.md	### 13.2 Where sources disagree, and who wins	updated; release API claims reconciled; dated evidence retained	189612be numeric specs; b51fd006 converter; unchanged SDK/Metal/MLX sources pinned in guide section	5577e5b69ee7c99c64dbc611fd7d3046be2db77c1ac0964f42fb05905140e821
references/03-numeric-formats-across-the-stack.md	### 13.3 Open gaps declared in this guide	retained; current API/source or dated SDK/benchmark scope reviewed	189612be numeric specs; b51fd006 converter; unchanged SDK/Metal/MLX sources pinned in guide section	2cceffed9fb3d6af74c2c63caca7b61fc150e741fc03d54ce84f0ca4c99effc1
references/03-numeric-formats-across-the-stack.md	### 13.4 Related guides	updated; release API claims reconciled; dated evidence retained	189612be numeric specs; b51fd006 converter; unchanged SDK/Metal/MLX sources pinned in guide section	8220b66ca5b662e91945a76d068207f23695aa2e01617d667accc2440bd746b9
