file	line	anchor	info	status	wrap	v26	v27	vsim27	v27on26	vsim27on26	err_line	first_error	snippet_id	content_hash
part-01-orientation-and-gating/references/01-apple-ai-stack-2026-map.md	113	1-the-one-thing-that-changed	compile:27	VERIFIED	body	-	pass	-	-	-	-	-	snippet-33c055d3b1688872	d63ebfbca31f16bf052324fb447e17d77f55993d836d8d64e75be2a236eab01e
part-01-orientation-and-gating/references/01-apple-ai-stack-2026-map.md	420	31-systemlanguagemodel--260-the-default	illustrative	ILLUSTRATIVE	-	-	-	-	-	-	-	-	snippet-4a54cf4ec15b8703	62587ecb7643853f40af868a8a4a7dd071a9976cf35cc4f0442ef63295178b81
part-01-orientation-and-gating/references/01-apple-ai-stack-2026-map.md	484	32-privatecloudcomputelanguagemodel--270-the-one-with-a-policy-gate	compile:27 imports:FoundationModels	VERIFIED	body	-	pass	-	-	-	-	-	snippet-e00db7a225c64f72	5dd6ab92e9f187d0a255264f46eed569e8aab7a8695b22340f3cf058e6f3970a
part-01-orientation-and-gating/references/01-apple-ai-stack-2026-map.md	855	35-chatcompletionslanguagemodel--the-one-that-works-today	prelude:external-module	PRELUDE-NEEDED	-	-	-	-	-	-	-	-	snippet-4790588bd6f22391	349cd04b2ba931d0c77b987abd516cf4929a214a4f59c6c30c540b816d130ddd
part-01-orientation-and-gating/references/01-apple-ai-stack-2026-map.md	920	36-the-protocol-itself-and-why-it-is-two-types	illustrative	ILLUSTRATIVE	-	-	-	-	-	-	-	-	snippet-b37008e24b0b9d15	4475ad26c4da56df4b416fea12ce4668e7acc95c2e00cd9c72f5047fe1f3c4e6
part-01-orientation-and-gating/references/02-platform-and-version-gating.md	110	264--the-mid-cycle-model-refresh	illustrative	ILLUSTRATIVE	-	-	-	-	-	-	-	-	snippet-be7ae7a2f78f55cd	3e2f08af3a31b88132417ff116d492830d4e0c302c249e5bbd3c96e4df4e04f4
part-01-orientation-and-gating/references/02-platform-and-version-gating.md	286	31-canimportfoundationmodels-_version-2--the-sdk-test	illustrative	ILLUSTRATIVE	-	-	-	-	-	-	-	-	snippet-442e8414cd2f6557	6f78e364bb2527cbeb565d8c42553ad538e43b51d788aae255d61df05c88bf4f
part-01-orientation-and-gating/references/02-platform-and-version-gating.md	323	32-the-alternative-pattern-your-own-define	illustrative	ILLUSTRATIVE	-	-	-	-	-	-	-	-	snippet-42d9944fbd17f921	382f09330d3fe511fb5f3c38828b42ae2803bf492f9f7f035fe99fce23d868b8
part-01-orientation-and-gating/references/02-platform-and-version-gating.md	399	34-️-the-xcode-26--27-rebuild-changes-which-catch-fires	compile:27	VERIFIED	body	-	pass	-	-	-	-	-	snippet-b0a72d650f4fa75e	9b13061bdde64776b63b24a697d2d0c371ca62877250357d089a9cf4159f1c5c
part-01-orientation-and-gating/references/02-platform-and-version-gating.md	427	34-️-the-xcode-26--27-rebuild-changes-which-catch-fires	illustrative	ILLUSTRATIVE	-	-	-	-	-	-	-	-	snippet-60341a63b2a0e78d	7d53d60fffecb628c8a6fa80d527a82e6584b47eb26d04961a4b330849357050
part-01-orientation-and-gating/references/02-platform-and-version-gating.md	733	71-systemlanguagemodelavailability	illustrative	ILLUSTRATIVE	-	-	-	-	-	-	-	-	snippet-f757b0940d3603ea	8a06a2fe98a68a769bba2f35d198fbda65a2ba776778a4084c70bc3c06494d4d
part-01-orientation-and-gating/references/02-platform-and-version-gating.md	746	71-systemlanguagemodelavailability	compile:27	VERIFIED	top	-	pass	-	-	-	-	-	snippet-d31aba14b1b3c41e	576e28254530c94af2f01a80794a963d4ee94c39c020cb65d66d43da41a51e55
part-01-orientation-and-gating/references/02-platform-and-version-gating.md	781	71-systemlanguagemodelavailability	compile:27 imports:FoundationModels	VERIFIED	body	-	pass	-	-	-	-	-	snippet-07e8587b78cde97c	788b0719e92b7a24910c10d41ee20a04f173da024830f3f5dad6081fecdc46dd
part-01-orientation-and-gating/references/02-platform-and-version-gating.md	823	proactive-gating-or-reactive-catching--apples-own-code-switched-sides	prelude:guide-context	PRELUDE-NEEDED	-	-	-	-	-	-	-	-	snippet-93ef1eed633fbfed	e6330d3f9349bb769cefcc667664fb6824f89feeebf8ff810172c3719e6890c8
part-01-orientation-and-gating/references/02-platform-and-version-gating.md	864	72-pcc-has-a-different-reason-set	compile:27 imports:FoundationModels	VERIFIED	body	-	pass	-	-	-	-	-	snippet-fc88e5c9ba10be50	28cea6913942cb62715356b8f9aebad6705aa6eef42710281a16710787159a48
part-01-orientation-and-gating/references/02-platform-and-version-gating.md	905	73-quota-is-orthogonal-to-availability	compile:27	VERIFIED	top	-	pass	-	-	-	-	-	snippet-7529f708f52cc486	93eda94e9fa91f45e08d6c6b92c995ad935991a4f1e0cff7834d80950178dfa1
part-01-orientation-and-gating/references/02-platform-and-version-gating.md	988	75-language-and-locale-gating-follows-siris-language	illustrative	ILLUSTRATIVE	-	-	-	-	-	-	-	-	snippet-b102bc136ce7fa3b	78337dcc28f40266f0fec53334220cd69e7caea0e51614118350736a91219e52
part-01-orientation-and-gating/references/02-platform-and-version-gating.md	1134	83-the-pcc-entitlement-itself	compile:27 imports:FoundationModels	VERIFIED	body	-	pass	-	-	-	-	-	snippet-cadc994c1be7e2c6	1bd1bf5877525149dcbd671468e23269528575a1e92e47c26fd1b63d7d4ea19c
part-01-orientation-and-gating/references/02-platform-and-version-gating.md	1155	83-the-pcc-entitlement-itself	prelude:guide-context	PRELUDE-NEEDED	-	-	-	-	-	-	-	-	snippet-4808589b5794e17f	d511fd1f744cb8ddfa6081e6d9783f08d3d0d42a5c70e93a1ddd1fe265778f21
part-01-orientation-and-gating/references/02-platform-and-version-gating.md	1308	11-a-runnable-preflight-check	compile:26,27 defines:PCC_ENABLED	VERIFIED	top	pass	pass	-	-	-	-	-	snippet-322474cd86038431	77599a9e9662738dcfeb4eef63fcd0f74e47fc68f63cb3a5f3b8cf2047f04469
part-02-foundation-models-everyday-api/references/01-sessions-and-prompting.md	106	1-one-session-many-backends	illustrative	ILLUSTRATIVE	-	-	-	-	-	-	-	-	snippet-d492cdabbae7a64c	fbc2633211b0d50ff60237006105db6bbcd6031ad70a4f65e91e8f776874a6e9
part-02-foundation-models-everyday-api/references/01-sessions-and-prompting.md	150	1-one-session-many-backends	prelude:guide-context	PRELUDE-NEEDED	-	-	-	-	-	-	-	-	snippet-bdd033a864c5cc13	de4c91a5b47376d31a77ab84b92417932b5619649a85d8733c9a9a4c45981a55
part-02-foundation-models-everyday-api/references/01-sessions-and-prompting.md	189	21-the-initializer-declarations-we-have-verbatim	illustrative	ILLUSTRATIVE	-	-	-	-	-	-	-	-	snippet-26ea80abeadceb8b	9bdcf1fb14ddefb38555cf9abb759e88471db368f66bf1768fa2f3dd6a44f517
part-02-foundation-models-everyday-api/references/01-sessions-and-prompting.md	230	21-the-initializer-declarations-we-have-verbatim	illustrative	ILLUSTRATIVE	-	-	-	-	-	-	-	-	snippet-7f5635c9d19bc4fa	defb830ef8afe778baf88560bd5f47e3301205ded61e44511aa4a78e63454865
part-02-foundation-models-everyday-api/references/01-sessions-and-prompting.md	283	22-the-call-forms-you-will-actually-type	prelude:guide-context	PRELUDE-NEEDED	-	-	-	-	-	-	-	-	snippet-ee043433d77831c5	0425b173c8b8973d3419164386104ec8e9f8a4c59d6c0d7d6c2b0b543794d6b8
part-02-foundation-models-everyday-api/references/01-sessions-and-prompting.md	333	22-the-call-forms-you-will-actually-type	compile:27 imports:FoundationModels	VERIFIED	top	-	pass	-	-	-	-	-	snippet-ba6a7d36637aa4de	7f8cda18bcaeca832bc5d8918a2cb7831a88a2d640e9ed0fa0b1425890d52a13
part-02-foundation-models-everyday-api/references/01-sessions-and-prompting.md	371	23-rehydrating-from-a-saved-transcript	compile:27 imports:FoundationModels	VERIFIED	top	-	pass	-	-	-	-	-	snippet-b43be689af908e83	6a8c72b856151b2aa74667b2f6c45adde1827eccc08d09073f74f8e9a5793ccd
part-02-foundation-models-everyday-api/references/01-sessions-and-prompting.md	414	24-initprofilehistory--the-one-line-version	prelude:guide-context	PRELUDE-NEEDED	-	-	-	-	-	-	-	-	snippet-3719effdc4a476dc	df163ba1ecd4d6f9fd4317557ca0b507cb9e283a21f55210dd61318c9c89bb10
part-02-foundation-models-everyday-api/references/01-sessions-and-prompting.md	457	25-seeding-a-session-with-hand-authored-history	prelude:guide-context	PRELUDE-NEEDED	-	-	-	-	-	-	-	-	snippet-e4703b46d9c3f59f	5568409727b6bc0f4b017db77dce3a89c0dd1d937b4c25c512ff137ee248b809
part-02-foundation-models-everyday-api/references/01-sessions-and-prompting.md	558	33-the-concrete-failure	illustrative	ILLUSTRATIVE	-	-	-	-	-	-	-	-	snippet-28de3bfaed000b33	c3a8f25a1fbcce8067af5131325647846ab6645362577301198babac7ff77d19
part-02-foundation-models-everyday-api/references/01-sessions-and-prompting.md	573	33-the-concrete-failure	prelude:guide-context	PRELUDE-NEEDED	-	-	-	-	-	-	-	-	snippet-8f07cc6d946296d5	556aabf45491bf9ae4e0e52f5f39e3cbd2cab4a2dd071eeb72f2ee27a84bc72f
part-02-foundation-models-everyday-api/references/01-sessions-and-prompting.md	659	42-promptbuilder-conditionals-in-a-prompt	prelude:guide-context	PRELUDE-NEEDED	-	-	-	-	-	-	-	-	snippet-925c79a1d40ca748	0d2172a8167816a932459e3f629c76d0780ae59c74ac3970fe4f0ff93f0f74e8
part-02-foundation-models-everyday-api/references/01-sessions-and-prompting.md	681	42-promptbuilder-conditionals-in-a-prompt	illustrative	ILLUSTRATIVE	-	-	-	-	-	-	-	-	snippet-759bd4d7beb913f0	ef56ef48f0c029b5e863e7e5d45f4b2db12a8dff2157ebb4e61a90a170588938
part-02-foundation-models-everyday-api/references/01-sessions-and-prompting.md	728	43-one-shot-prompting-with-a-generable-instance	prelude:guide-context	PRELUDE-NEEDED	-	-	-	-	-	-	-	-	snippet-1bf36f7853630a1a	754390ad0ade533b2219f9fbba2c2760e63f8cc9b3f6f2e8efd78234b17a4628
part-02-foundation-models-everyday-api/references/01-sessions-and-prompting.md	750	43-one-shot-prompting-with-a-generable-instance	prelude:guide-context	PRELUDE-NEEDED	-	-	-	-	-	-	-	-	snippet-4b1fb15d955d96cf	1fc647c39c7613d9936da12650320217082aa36736abe5dfaef1b4cd704c10f8
part-02-foundation-models-everyday-api/references/01-sessions-and-prompting.md	775	44-instructionsbuilder	prelude:guide-context	PRELUDE-NEEDED	-	-	-	-	-	-	-	-	snippet-1b25c48b04a7ec7b	7b05f2723372263d308cbc842f890e5a2155863e2e5f25c033912ac17fd4c288
part-02-foundation-models-everyday-api/references/01-sessions-and-prompting.md	842	51-the-shape-of-the-family	illustrative	ILLUSTRATIVE	-	-	-	-	-	-	-	-	snippet-5dc3e90277c6d772	d06e99c035af2e5d75f7ef1a60c7a4dff8060d47e9205ffe0f682cadfb7edbdc
part-02-foundation-models-everyday-api/references/01-sessions-and-prompting.md	916	52-plain-text	compile:27	VERIFIED	body	-	pass	-	-	-	-	-	snippet-c0f548546c12cb04	2964afc9133c82ebc7075e62f65e7ce369bc6db6a597d9441b768089fb307e0f
part-02-foundation-models-everyday-api/references/01-sessions-and-prompting.md	934	53-guided-generation	prelude:guide-context	PRELUDE-NEEDED	-	-	-	-	-	-	-	-	snippet-883d75fea99eb18b	c49befc324b0863c97a11678de345dcb68de1cc36860b0e127d525376b2f4d4d
part-02-foundation-models-everyday-api/references/01-sessions-and-prompting.md	969	54-what-comes-back	illustrative	ILLUSTRATIVE	-	-	-	-	-	-	-	-	snippet-f6c0313d7b7a3ab9	d37528dd2b6e9022f414cc8e71d68f7ae9fcd72283ca9c74170073ab5ff050a6
part-02-foundation-models-everyday-api/references/01-sessions-and-prompting.md	983	61-the-declaration-and-the-three-surprises	illustrative	ILLUSTRATIVE	-	-	-	-	-	-	-	-	snippet-07ca934d2cbae6e4	2b7b6744d92bfa915dd372f27b9960383c082efeaee3593d28b7144b6ea33897
part-02-foundation-models-everyday-api/references/01-sessions-and-prompting.md	1021	62-the-stream-types	illustrative	ILLUSTRATIVE	-	-	-	-	-	-	-	-	snippet-6cfd2e7c3b6b4115	03b16326f3a4bee5a0a133877fb7f84e5991e96ca8751f9db5ee36afb09d5973
part-02-foundation-models-everyday-api/references/01-sessions-and-prompting.md	1037	63-the-canonical-loop	prelude:guide-context	PRELUDE-NEEDED	-	-	-	-	-	-	-	-	snippet-7ba47d7840c6c264	08898c8a851b202791d37cd409f188426675893fd9ede8731a08726fc29ebc83
part-02-foundation-models-everyday-api/references/01-sessions-and-prompting.md	1074	63-the-canonical-loop	prelude:guide-context	PRELUDE-NEEDED	-	-	-	-	-	-	-	-	snippet-1791e66670917d6b	8f2554f6c42ac3540534a37f35812d322dbd0ce8e960d5f11909620285b5fbb9
part-02-foundation-models-everyday-api/references/01-sessions-and-prompting.md	1096	64-a-stream-can-finish-having-yielded-zero-partials	prelude:guide-context	PRELUDE-NEEDED	-	-	-	-	-	-	-	-	snippet-5801c23903844899	13ac5e406cb2d890619896cd0e68d4359936a445766067b71c83ca5ea3468c68
part-02-foundation-models-everyday-api/references/01-sessions-and-prompting.md	1118	64-a-stream-can-finish-having-yielded-zero-partials	prelude:guide-context	PRELUDE-NEEDED	-	-	-	-	-	-	-	-	snippet-07e866f952f481da	14ad897b20ecade01691ab05adcc28fcba83a76ccb0058c5f26a91d754c89d85
part-02-foundation-models-everyday-api/references/01-sessions-and-prompting.md	1141	7-prewarmpromptprefix	illustrative	ILLUSTRATIVE	-	-	-	-	-	-	-	-	snippet-12460ea41b96a7d6	24a5bd2caa0a848f5efe761c8bd9b1dd2f8654f89288da4a31b89542eee5e0bf
part-02-foundation-models-everyday-api/references/01-sessions-and-prompting.md	1183	72-when-to-call-it	prelude:guide-context	PRELUDE-NEEDED	-	-	-	-	-	-	-	-	snippet-2e26e1489330d3f9	742009f52af59891e25c529b50d66cc31237812017ff86a8a30e7519edba9ac6
part-02-foundation-models-everyday-api/references/01-sessions-and-prompting.md	1218	74-prewarm-on-a-rehydrated-session	illustrative	ILLUSTRATIVE	-	-	-	-	-	-	-	-	snippet-fc0d220518f2ccfc	993646f87ffdb1be3b52262e6e477fa2d55b00487dc56616de59e1e09fbd1c79
part-02-foundation-models-everyday-api/references/01-sessions-and-prompting.md	1256	8-isresponding-and-the-one-request-at-a-time-contract	illustrative	ILLUSTRATIVE	-	-	-	-	-	-	-	-	snippet-213ccc9b6996bd82	fd01d32734f1fbe4ccbacdc6ef038bf3b30dfee77310027a9ce9a1f5cc1d07b6
part-02-foundation-models-everyday-api/references/01-sessions-and-prompting.md	1269	8-isresponding-and-the-one-request-at-a-time-contract	compile:27 imports:FoundationModels,SwiftUI	VERIFIED	top	-	pass	-	-	-	-	-	snippet-56eab245837a0a40	25570f96a92a37c333f33cb0b377fde2dd17f26f2ffc24e3746997ea7c2503c5
part-02-foundation-models-everyday-api/references/01-sessions-and-prompting.md	1295	8-isresponding-and-the-one-request-at-a-time-contract	illustrative	ILLUSTRATIVE	-	-	-	-	-	-	-	-	snippet-0a06e5f3a8123ccc	1077dc2a194eb34723d3c1f635a74071a928912f48f5834ff6c3077638ac30d1
part-02-foundation-models-everyday-api/references/01-sessions-and-prompting.md	1331	91-what-changed	illustrative	ILLUSTRATIVE	-	-	-	-	-	-	-	-	snippet-d3c039bdea75cf95	27a2112df05776b222acc04a6d1777e35edb2621b876bd546a863bfb402f3714
part-02-foundation-models-everyday-api/references/01-sessions-and-prompting.md	1351	91-what-changed	illustrative	ILLUSTRATIVE	-	-	-	-	-	-	-	-	snippet-ebac1d75e5cdefcf	d906f22995cf5c7bcaa15a7fd49e6afb6b251c03cb2e09f4587dbd99c8688a13
part-02-foundation-models-everyday-api/references/01-sessions-and-prompting.md	1390	92-the-rule-only-when-isresponding--false	prelude:guide-context	PRELUDE-NEEDED	-	-	-	-	-	-	-	-	snippet-d54099ddc020e553	490dbc13506f1a1d0b06bc26196ec29b1c523aa4020e26d2c5a31a1d416fac23
part-02-foundation-models-everyday-api/references/01-sessions-and-prompting.md	1472	10-generationoptions-in-full	illustrative	ILLUSTRATIVE	-	-	-	-	-	-	-	-	snippet-af15dc3ef4068fb5	3b68502f692da24a5efc31b833262498ae4c3122b239e31746826e692c8a384e
part-02-foundation-models-everyday-api/references/01-sessions-and-prompting.md	1490	101-initializers-and-a-real-footgun	illustrative	ILLUSTRATIVE	-	-	-	-	-	-	-	-	snippet-a0a6113387cc10f5	d72edec813728f0ddcda3a35339cfcde3a1ac981d027b7a82745771261e157aa
part-02-foundation-models-everyday-api/references/01-sessions-and-prompting.md	1519	101-initializers-and-a-real-footgun	compile:27 imports:FoundationModels	VERIFIED	body	-	pass	-	-	-	-	-	snippet-b8d6df6233a6d690	7a845429235645cd2c99884182289016282b69070ff4d5b39abc71b8c5b88fe2
part-02-foundation-models-everyday-api/references/01-sessions-and-prompting.md	1556	103-samplingmode	illustrative	ILLUSTRATIVE	-	-	-	-	-	-	-	-	snippet-3fe117b66d63d945	ab82f6aa21b5fab9596224809eed1328620594cf804051a9eede7c1ed7b4cf60
part-02-foundation-models-everyday-api/references/01-sessions-and-prompting.md	1581	103-samplingmode	illustrative	ILLUSTRATIVE	-	-	-	-	-	-	-	-	snippet-537809a6b438a2d7	185dda8363a92a6e0c32f364c2ede164f0f4f34061863fd0a105261e3ed69a69
part-02-foundation-models-everyday-api/references/01-sessions-and-prompting.md	1655	105-toolcallingmode-270	illustrative	ILLUSTRATIVE	-	-	-	-	-	-	-	-	snippet-bd1bb255e54b5270	7b0af544319f97ccb40502a0c2e956acd085168bd15039cde7cc00694377379f
part-02-foundation-models-everyday-api/references/01-sessions-and-prompting.md	1665	105-toolcallingmode-270	prelude:guide-context	PRELUDE-NEEDED	-	-	-	-	-	-	-	-	snippet-c4b79a1897bd00a6	c05b98d5e0498f6c81f5c9ad965de843c38e810d17a98e80111797e14e5cef02
part-02-foundation-models-everyday-api/references/01-sessions-and-prompting.md	1737	111-the-type	illustrative	ILLUSTRATIVE	-	-	-	-	-	-	-	-	snippet-bd7f6c3b04f48267	e37edfe8a95e4dcd04e6e9d27cdbde55c1d5f539706f9a1a881731529d645cf4
part-02-foundation-models-everyday-api/references/01-sessions-and-prompting.md	1782	112-where-you-read-it	prelude:guide-context	PRELUDE-NEEDED	-	-	-	-	-	-	-	-	snippet-b046bf6acd7cc68f	317626142bbaa92b967e4bda9033ec4b0874e78a9773ac13fd3aceb2956dfefd
part-02-foundation-models-everyday-api/references/01-sessions-and-prompting.md	1807	113-cache-hit-rate	compile:27 imports:FoundationModels	VERIFIED	top	-	pass	-	-	-	-	-	snippet-4ff4f5159dc47d38	248238d07c72aa67799eef6e155692e52826030c11a8da9517c7a9b4e839a3e3
part-02-foundation-models-everyday-api/references/01-sessions-and-prompting.md	1863	121-six-entry-types	illustrative	ILLUSTRATIVE	-	-	-	-	-	-	-	-	snippet-3a416f1c9b84af3c	da2ba2b1de1faf7170406fb7ddd135206bb8494033ca55765441d41c18f17679
part-02-foundation-models-everyday-api/references/01-sessions-and-prompting.md	1895	122-entry-payloads	illustrative	ILLUSTRATIVE	-	-	-	-	-	-	-	-	snippet-b0d0fa43ea64e086	ccf4f6a8a01c8dde20c6b6a189530d26f5c141416121a957899adb86d776dbb7
part-02-foundation-models-everyday-api/references/01-sessions-and-prompting.md	1950	123-four-segment-types	illustrative	ILLUSTRATIVE	-	-	-	-	-	-	-	-	snippet-2ac20bf69a2bb1d0	ecfe01ea45c5e5dcf203f762cb66565a9b36c7cea229c2a9ae46c9826bb94dbf
part-02-foundation-models-everyday-api/references/01-sessions-and-prompting.md	1971	123-four-segment-types	illustrative	ILLUSTRATIVE	-	-	-	-	-	-	-	-	snippet-e563bc00ac0d0a7b	169f149547a1594d71e4c4566b825613833a6dac8e19948e42de55e6cf7d9c55
part-02-foundation-models-everyday-api/references/01-sessions-and-prompting.md	1996	123-four-segment-types	illustrative	ILLUSTRATIVE	-	-	-	-	-	-	-	-	snippet-4899712c93fb3c0d	c5af77e60911663a788e6e6ea04f0c90cc9ea7f6f93af254aec81a7bc5e381a0
part-02-foundation-models-everyday-api/references/01-sessions-and-prompting.md	2015	123-four-segment-types	prelude:guide-context	PRELUDE-NEEDED	-	-	-	-	-	-	-	-	snippet-7636c0a5545def2c	3cc846cd53c9337d50c8baf59b567a98dc2fc661119646a3929c33965eca3f40
part-02-foundation-models-everyday-api/references/01-sessions-and-prompting.md	2042	124-rendering-a-transcript	prelude:guide-context	PRELUDE-NEEDED	-	-	-	-	-	-	-	-	snippet-d5e25d5e5950ab4e	674acd75f95605aac13c80990753b788541f9d4e8ca82a4605ac0a5a951ce642
part-02-foundation-models-everyday-api/references/01-sessions-and-prompting.md	2076	124-rendering-a-transcript	compile:27 imports:FoundationModels	VERIFIED	top	-	pass	-	-	-	-	-	snippet-259551c4137a92a6	9599611bcfac75b5e93440645153eb70192a04d2cadeab20e3d5daf0966beb84
part-02-foundation-models-everyday-api/references/01-sessions-and-prompting.md	2097	124-rendering-a-transcript	illustrative	ILLUSTRATIVE	-	-	-	-	-	-	-	-	snippet-eddc39522bb13cae	29aea0233ce3bc7b882ddf14ce291d32a0abc80fe663eb94a8e39198a77e4fda
part-02-foundation-models-everyday-api/references/01-sessions-and-prompting.md	2139	13-a-complete-swiftui-example-with-cancellation	compile:27	VERIFIED	top	-	pass	-	-	-	-	-	snippet-215c8ddef0a5b182	344e8aa1a0e94d78b574116114e017bfc1e1b273f9a078b8ddb28a2f0ee33f65
part-02-foundation-models-everyday-api/references/01-sessions-and-prompting.md	2409	132-cancellation-honestly	prelude:guide-context	PRELUDE-NEEDED	-	-	-	-	-	-	-	-	snippet-fd84166dafee95a5	b6e18678c7f8b145bd855d8deb720a1c9ce97bc35f5dc94b6f391ec196cd2d31
part-02-foundation-models-everyday-api/references/01-sessions-and-prompting.md	2478	14-errors-the-three-type-taxonomy	compile:27 imports:FoundationModels	VERIFIED	body	-	pass	-	-	-	-	-	snippet-28f1717d4b8bbf26	26b1953b0f2e7343482bd30f23fc3420b75e6e70647b36c0468e0396956df994
part-02-foundation-models-everyday-api/references/01-sessions-and-prompting.md	2503	14-errors-the-three-type-taxonomy	compile:27 imports:FoundationModels	VERIFIED	top	-	pass	-	-	-	-	-	snippet-526972eb7f863b5a	53a9cc61b7c8f5970c25a677199fd358f2be9935b4c64ce7f9747eaa65f20ce6
part-02-foundation-models-everyday-api/references/02-guided-generation-and-streaming.md	115	21-the-protocol-the-macro-conforms-you-to	illustrative	ILLUSTRATIVE	-	-	-	-	-	-	-	-	snippet-420f61eeac61da28	f6d3fd30856525da10817b2b39bd1189e201512f814782669edc93f099bb439b
part-02-foundation-models-everyday-api/references/02-guided-generation-and-streaming.md	125	21-the-protocol-the-macro-conforms-you-to	illustrative	ILLUSTRATIVE	-	-	-	-	-	-	-	-	snippet-fe31f694794a0ae3	68fa0d2de76b13f206bc9dd43a3c0dc73f0f59afaef7466f1a12a247d341bac9
part-02-foundation-models-everyday-api/references/02-guided-generation-and-streaming.md	141	21-the-protocol-the-macro-conforms-you-to	prelude:guide-context	PRELUDE-NEEDED	-	-	-	-	-	-	-	-	snippet-0597aa75564c05f4	a85e05c74703efc84636c03c4eb903fce4d6487466684773f47c335a1075fa15
part-02-foundation-models-everyday-api/references/02-guided-generation-and-streaming.md	157	22-the-three-macro-spellings	illustrative	ILLUSTRATIVE	-	-	-	-	-	-	-	-	snippet-2d6d8c31f5ad7578	dacd1579d25adc59b832a468e5380dff398782968508f5140ce2e77ee89e8da3
part-02-foundation-models-everyday-api/references/02-guided-generation-and-streaming.md	198	23-the-canonical-shape	xfail:27 imports:FoundationModels	XFAIL-PROVEN	mixed	-	xfail-pass	-	-	-	-	-	snippet-ca7cd10b48aa1d93	67920df0f977855fcc5b055a86345b6dbc623dbd5d580a48af84593140ed8b66
part-02-foundation-models-everyday-api/references/02-guided-generation-and-streaming.md	229	23-the-canonical-shape	compile:27 imports:FoundationModels	VERIFIED	top	-	pass	-	-	-	-	-	snippet-5cfda402c5628122	1b3f2bea83186bc70ca3e2ebe26eb088c6f7613d227f281f61241ff0b62f6ce3
part-02-foundation-models-everyday-api/references/02-guided-generation-and-streaming.md	248	23-the-canonical-shape	illustrative	ILLUSTRATIVE	-	-	-	-	-	-	-	-	snippet-df65f684439dbe8a	857b71b041c5df3fc0cb0dcdc3055dedded947833ef40b286da2dd90c661013d
part-02-foundation-models-everyday-api/references/02-guided-generation-and-streaming.md	281	24-primitives-are-generable-targets-too	compile:27 imports:FoundationModels	VERIFIED	body	-	pass	-	-	-	-	-	snippet-cee6086e3a79d693	84acdfeac47d7e7e9a1659ddaf4d57f95a5a5bded4094ceb6ec920bf5ca24ad3
part-02-foundation-models-everyday-api/references/02-guided-generation-and-streaming.md	299	25-generationid-and-why-you-cannot-use-name-as-an-identity	illustrative	ILLUSTRATIVE	-	-	-	-	-	-	-	-	snippet-0483e1d9b38dcfcf	ea4fb0f9812c38bf57c01974aa6008ed2dc1c72ca12d08478dbd10d7f9589898
part-02-foundation-models-everyday-api/references/02-guided-generation-and-streaming.md	356	27-guided-generation-over-images-attachment--imagereference--attachmentlabel	prelude:guide-context	PRELUDE-NEEDED	-	-	-	-	-	-	-	-	snippet-d13f8f1dccc58f81	d1f739663bf85bdd738119b93aae64c18819d13c444f93d6ad0ba81a5ee93ea0
part-02-foundation-models-everyday-api/references/02-guided-generation-and-streaming.md	378	27-guided-generation-over-images-attachment--imagereference--attachmentlabel	prelude:guide-context	PRELUDE-NEEDED	-	-	-	-	-	-	-	-	snippet-3ec0e7a23b872fc5	ca2ca1239f52f6dc1a8696cf07dd75a29ec0056ed92286a2d96c2f68d53edb09
part-02-foundation-models-everyday-api/references/02-guided-generation-and-streaming.md	394	27-guided-generation-over-images-attachment--imagereference--attachmentlabel	prelude:guide-context	PRELUDE-NEEDED	-	-	-	-	-	-	-	-	snippet-45f29d7b9d0eca5f	96cc032430fa8b292c3d779d2008a450cc6239694bf6d3a06d4a2622a9190055
part-02-foundation-models-everyday-api/references/02-guided-generation-and-streaming.md	408	27-guided-generation-over-images-attachment--imagereference--attachmentlabel	prelude:guide-context	PRELUDE-NEEDED	-	-	-	-	-	-	-	-	snippet-f827cebc57192912	fd2562487c8736202f2c2f6c6591b3b28904a72617b2c47e0da401a6692e596a
part-02-foundation-models-everyday-api/references/02-guided-generation-and-streaming.md	420	27-guided-generation-over-images-attachment--imagereference--attachmentlabel	illustrative	ILLUSTRATIVE	-	-	-	-	-	-	-	-	snippet-cff269f0a21ed750	0ac84a80aa53f258f703a2b40c8192c65d6a172ffc8a4a2553b0cc3d4ab06938
part-02-foundation-models-everyday-api/references/02-guided-generation-and-streaming.md	450	31-the-macro-forms	illustrative	ILLUSTRATIVE	-	-	-	-	-	-	-	-	snippet-e16aecb016ad812e	3988bc829574aabe7af693d3d42677d1cf53182eece1dc90df22b626fa9e10c6
part-02-foundation-models-everyday-api/references/02-guided-generation-and-streaming.md	460	31-the-macro-forms	compile:27 imports:FoundationModels	VERIFIED	top	-	pass	-	-	-	-	-	snippet-6185599a881b4e02	298108ea3210c2d6968f3a0015987ccf16ea96483294dd3817f48a0b1dde6b09
part-02-foundation-models-everyday-api/references/02-guided-generation-and-streaming.md	481	31-the-macro-forms	illustrative	ILLUSTRATIVE	-	-	-	-	-	-	-	-	snippet-411d2e49d16d3e64	3d1d858ad07eaf95aa9b9789cd828c8b3790494b93b3b00d5aa5bacc2c0870a0
part-02-foundation-models-everyday-api/references/02-guided-generation-and-streaming.md	491	32-every-guide-with-apples-own-one-liners	illustrative	ILLUSTRATIVE	-	-	-	-	-	-	-	-	snippet-5eccf366618093ea	85ea18011c98805f39ed83f713231a58b8bf9744a26eca5b88bbaa13534b2ea4
part-02-foundation-models-everyday-api/references/02-guided-generation-and-streaming.md	565	34-what-happens-when-a-guide-is-not-supported	illustrative	ILLUSTRATIVE	-	-	-	-	-	-	-	-	snippet-77b65b58fd6768cf	6b66f54bca5fdef5c8d77366b356a90092ed556a4afcc4bbd3fb670af367f618
part-02-foundation-models-everyday-api/references/02-guided-generation-and-streaming.md	642	41-the-evidence-precisely	prelude:guide-context	PRELUDE-NEEDED	-	-	-	-	-	-	-	-	snippet-222af13a5b91d564	e32cdadf72994ca7307e83c3c49ead19f27d2cadb3032982c8f547321da9df92
part-02-foundation-models-everyday-api/references/02-guided-generation-and-streaming.md	671	42-it-is-not-specific-to-the-macro	prelude:guide-context	PRELUDE-NEEDED	-	-	-	-	-	-	-	-	snippet-cf3d546698015600	33caf781db5eee288807e861456a2b12c0826aab757fb01fe89535d0c365630f
part-02-foundation-models-everyday-api/references/02-guided-generation-and-streaming.md	693	42-it-is-not-specific-to-the-macro	prelude:guide-context	PRELUDE-NEEDED	-	-	-	-	-	-	-	-	snippet-418956dc34981bb9	983951a5b3b814636d86c0b80ef1a0b7a754206dbf927cb09f71bd8afd941dad
part-02-foundation-models-everyday-api/references/02-guided-generation-and-streaming.md	748	44-what-apple-recommends-instead	prelude:guide-context	PRELUDE-NEEDED	-	-	-	-	-	-	-	-	snippet-27ad36c209b2bdfe	037c0c15407046a7448affc130fcf702440fb045bf9e14e68bb17fca7c36aad9
part-02-foundation-models-everyday-api/references/02-guided-generation-and-streaming.md	792	45-what-this-guide-recommends	compile:27 imports:Foundation	VERIFIED	top	-	pass	-	-	-	-	-	snippet-05a114b888ea6b17	e687e7803879ff37be79a1f67e23d23a09a9c85fb3d2eec04862990b90775486
part-02-foundation-models-everyday-api/references/02-guided-generation-and-streaming.md	863	47-apples-own-code-validates-anyof-results	prelude:guide-context	PRELUDE-NEEDED	-	-	-	-	-	-	-	-	snippet-ae91f9739fa6e2b7	68b282f4f6c13caa95f3476fbf67b422ce84ea9c2557acc133ae64b60f8be64c
part-02-foundation-models-everyday-api/references/02-guided-generation-and-streaming.md	883	47-apples-own-code-validates-anyof-results	prelude:guide-context	PRELUDE-NEEDED	-	-	-	-	-	-	-	-	snippet-18b035bb0b0f0915	72c318dc602d09a2cc4c967ac3d012524f1050b61b7b07bbbc8e82956024cc76
part-02-foundation-models-everyday-api/references/02-guided-generation-and-streaming.md	935	48-what-apples-own-2026-sample-apps-do-instead	compile:27 imports:FoundationModels	VERIFIED	top	-	pass	-	-	-	-	-	snippet-89e632cc5cc18e84	6ba48f5ac94a13af5ed5b7cfcb3f16148f871287c75de289172cb33a1cb154e5
part-02-foundation-models-everyday-api/references/02-guided-generation-and-streaming.md	1015	52-the-evidence-both-apple-and-mlx-ship-xgrammar	illustrative	ILLUSTRATIVE	-	-	-	-	-	-	-	-	snippet-4c65e0eda15c0b29	fc98117fcf5233128947d0a059a4f0a6aba85923454c47b44b9c9c26943a8c18
part-02-foundation-models-everyday-api/references/02-guided-generation-and-streaming.md	1062	53-the-actual-api-if-you-want-to-look-at-it	illustrative	ILLUSTRATIVE	-	-	-	-	-	-	-	-	snippet-468c19d00cb910a8	145f25fd8340b9a09c6712c4a9c036663432a518411d13359171a7b500e13e38
part-02-foundation-models-everyday-api/references/02-guided-generation-and-streaming.md	1089	53-the-actual-api-if-you-want-to-look-at-it	prelude:guide-context	PRELUDE-NEEDED	-	-	-	-	-	-	-	-	snippet-e6acadbb9e01930d	42e449f1c831116593e8d84088bbeefdd6f6ce8e15dfed8eb68c91ac53b716e7
part-02-foundation-models-everyday-api/references/02-guided-generation-and-streaming.md	1242	62-why-silent--the-capability-declaration-can-be-optimistic	prelude:guide-context	PRELUDE-NEEDED	-	-	-	-	-	-	-	-	snippet-664390098494271c	4c6d4ef81cee7d68d9f5c84d002be2edcbefda49575f3ae37fb461cc8cccfe54
part-02-foundation-models-everyday-api/references/02-guided-generation-and-streaming.md	1276	63-the-same-shape-on-other-backends	prelude:guide-context	PRELUDE-NEEDED	-	-	-	-	-	-	-	-	snippet-d5f602d7097186c7	38e9a36d8d70c3e0e456827501e2ce00a1e44375be72b355eca139804d4b250d
part-02-foundation-models-everyday-api/references/02-guided-generation-and-streaming.md	1303	63-the-same-shape-on-other-backends	illustrative	ILLUSTRATIVE	-	-	-	-	-	-	-	-	snippet-3b48694a457bc29e	01bbf6cb0391fdfb317d11be30e47916b99dc4aff94082aab52ac40bba919c9d
part-02-foundation-models-everyday-api/references/02-guided-generation-and-streaming.md	1316	63-the-same-shape-on-other-backends	prelude:guide-context	PRELUDE-NEEDED	-	-	-	-	-	-	-	-	snippet-e1657803bb8b3f31	2b209609ca63ad18383d0680694cee4034bad988b4a172b492a4bb3b89895ddc
part-02-foundation-models-everyday-api/references/02-guided-generation-and-streaming.md	1393	71-generationschema--the-finished-immutable-article	illustrative	ILLUSTRATIVE	-	-	-	-	-	-	-	-	snippet-e6d61d255070a7a9	a57c54aa96ca922ba75efad5f98a7192c22c76d167d06a35cf8d11574eaa10f9
part-02-foundation-models-everyday-api/references/02-guided-generation-and-streaming.md	1402	71-generationschema--the-finished-immutable-article	illustrative	ILLUSTRATIVE	-	-	-	-	-	-	-	-	snippet-745995ddf77468cf	b4213e8a81812705e648cc9ea27ca9b4fe1082a2208b90adfbd5cac1285d91ae
part-02-foundation-models-everyday-api/references/02-guided-generation-and-streaming.md	1431	72-dynamicgenerationschema--the-builder	illustrative	ILLUSTRATIVE	-	-	-	-	-	-	-	-	snippet-5dbeaf70b2b6f97a	0706976330f2954c448a61f4eb56806e362a3def844e5aab824b8d1c48e01ef6
part-02-foundation-models-everyday-api/references/02-guided-generation-and-streaming.md	1442	72-dynamicgenerationschema--the-builder	illustrative	ILLUSTRATIVE	-	-	-	-	-	-	-	-	snippet-2cebf257a626841a	a61aa4cc4bec1c1bd9717713c651ff96152daae1fa9603e7cabcf9deaaae7e4e
part-02-foundation-models-everyday-api/references/02-guided-generation-and-streaming.md	1470	73-the-worked-example	compile:27 imports:FoundationModels	VERIFIED	top	-	pass	-	-	-	-	-	snippet-f529252fa2872f32	f80677226844b8eee3b1c43faa7900287b124eef997f15b31616a4572dc00c0e
part-02-foundation-models-everyday-api/references/02-guided-generation-and-streaming.md	1488	73-the-worked-example	prelude:guide-context	PRELUDE-NEEDED	-	-	-	-	-	-	-	-	snippet-0d6e88f231eceb54	3915eb63ed304bbc2473bed9d58e3f54e3f62b16a1a7c02f4c2b46f1ff0164c5
part-02-foundation-models-everyday-api/references/02-guided-generation-and-streaming.md	1522	74-a-runtime-schema-end-to-end	illustrative	ILLUSTRATIVE	-	-	-	-	-	-	-	-	snippet-b38f7b27c2af4352	c55f6f7b401cd39d7f9cbd7917f8caaf1b999780d679a4a529ecd7b4c10f2a46
part-02-foundation-models-everyday-api/references/02-guided-generation-and-streaming.md	1633	75-the-foundation-models-json-schema-dialect	prelude:guide-context	PRELUDE-NEEDED	-	-	-	-	-	-	-	-	snippet-11f8a6b59c06c448	8e4aaf1b9c219e5be27b2e6f49b1ce9a7626fd53fc9dc04b27a3b28951ade455
part-02-foundation-models-everyday-api/references/02-guided-generation-and-streaming.md	1664	8-generatedcontent-the-untyped-door	illustrative	ILLUSTRATIVE	-	-	-	-	-	-	-	-	snippet-613e61103991002f	619087a6e9373e53d406732ef84c4970b2378e50a77aa0c3a378605317f7cbf6
part-02-foundation-models-everyday-api/references/02-guided-generation-and-streaming.md	1680	81-the-surface	illustrative	ILLUSTRATIVE	-	-	-	-	-	-	-	-	snippet-cfc5093a0c43839a	d0ae4b20ca20ff0ad15333a63aa6e63548e13f87577e5bf1bc45ed3325475388
part-02-foundation-models-everyday-api/references/02-guided-generation-and-streaming.md	1701	81-the-surface	illustrative	ILLUSTRATIVE	-	-	-	-	-	-	-	-	snippet-8ed6a191fa6708f7	ed9c071a4ff0830c98b8fe3c6e01b63a1310733d5e41d1ba36b988e1565dff8d
part-02-foundation-models-everyday-api/references/02-guided-generation-and-streaming.md	1726	82-reading-values	prelude:guide-context	PRELUDE-NEEDED	-	-	-	-	-	-	-	-	snippet-0ca5c1b5978cbcd2	50ed3e86e6811c970c90048288ff5ab6933955fb18e39fe8cd6ce7f211074901
part-02-foundation-models-everyday-api/references/02-guided-generation-and-streaming.md	1740	83-generatedcontentparsingerror-as-a-first-class-signal	illustrative	ILLUSTRATIVE	-	-	-	-	-	-	-	-	snippet-742438fd9fcd04fc	84c8339fd34cd02f48d62be15a1ac27965c8e703633647c716cd7362d4d6ca73
part-02-foundation-models-everyday-api/references/02-guided-generation-and-streaming.md	1756	83-generatedcontentparsingerror-as-a-first-class-signal	prelude:guide-context	PRELUDE-NEEDED	-	-	-	-	-	-	-	-	snippet-4378a38e7aebf017	79b838089d7cc2048b08616667c5b8d70ef5d91921a0047ebbb6c2a21149fb6a
part-02-foundation-models-everyday-api/references/02-guided-generation-and-streaming.md	1797	91-respond-vs-streamresponse-exactly	illustrative	ILLUSTRATIVE	-	-	-	-	-	-	-	-	snippet-364d9f0d2b96553a	92b4625258705b40b08328e9f9f5e9436beebc3251e27958248ee291527796cb
part-02-foundation-models-everyday-api/references/02-guided-generation-and-streaming.md	1861	92-tpartiallygenerated	prelude:guide-context	PRELUDE-NEEDED	-	-	-	-	-	-	-	-	snippet-4f01d369acc61636	aeddc782e79a15f0dc2ac0eea11cbcc9a418da0ad9c06541788b281293b2db4c
part-02-foundation-models-everyday-api/references/02-guided-generation-and-streaming.md	1866	92-tpartiallygenerated	illustrative	ILLUSTRATIVE	-	-	-	-	-	-	-	-	snippet-023030160a37b040	eee49c3f4a72353d793682fc48f92b2b134f0f2a49ba6e0afab0ffe43d677fc0
part-02-foundation-models-everyday-api/references/02-guided-generation-and-streaming.md	1895	93-responsestream-snapshot-and-response	illustrative	ILLUSTRATIVE	-	-	-	-	-	-	-	-	snippet-1a59c23f6aa4a703	87bd2d272c25122d484df8d907580538ab16ff962a1f2d8bc6c8249978edf402
part-02-foundation-models-everyday-api/references/02-guided-generation-and-streaming.md	1917	93-responsestream-snapshot-and-response	prelude:guide-context	PRELUDE-NEEDED	-	-	-	-	-	-	-	-	snippet-0603e95b52b9db02	4efc33f21abcaed65a066f9dcc4349daa59fff72f5b5ab6a7e7ee952436780d3
part-02-foundation-models-everyday-api/references/02-guided-generation-and-streaming.md	1941	93-responsestream-snapshot-and-response	illustrative	ILLUSTRATIVE	-	-	-	-	-	-	-	-	snippet-15681af69c12b81b	4f5024eea3a053b9e9655d425d4d040a2ac8bcfdf34daef248858e015c6f2611
part-02-foundation-models-everyday-api/references/02-guided-generation-and-streaming.md	1986	94-a-streaming-view-that-compiles	prelude:guide-context	PRELUDE-NEEDED	-	-	-	-	-	-	-	-	snippet-b3dd3f5c27f8be9f	c0de5931ac9685c2746a320ae9165bd11f7eda36ec42f52230d8d51eec292c35
part-02-foundation-models-everyday-api/references/02-guided-generation-and-streaming.md	2076	94-a-streaming-view-that-compiles	prelude:guide-context	PRELUDE-NEEDED	-	-	-	-	-	-	-	-	snippet-dc4523fb85e3076c	8f2554f6c42ac3540534a37f35812d322dbd0ce8e960d5f11909620285b5fbb9
part-02-foundation-models-everyday-api/references/02-guided-generation-and-streaming.md	2117	96-️-a-stream-can-finish-having-yielded-zero-snapshots	prelude:guide-context	PRELUDE-NEEDED	-	-	-	-	-	-	-	-	snippet-203442a1a87beb2e	13ac5e406cb2d890619896cd0e68d4359936a445766067b71c83ca5ea3468c68
part-02-foundation-models-everyday-api/references/02-guided-generation-and-streaming.md	2138	96-️-a-stream-can-finish-having-yielded-zero-snapshots	prelude:guide-context	PRELUDE-NEEDED	-	-	-	-	-	-	-	-	snippet-8c784181e05ec5c0	7f7ff7e60fc03d818a32b3cf9d2a1e36baa38af348a32e1940769fe84822b245
part-02-foundation-models-everyday-api/references/02-guided-generation-and-streaming.md	2268	102-the-precondition--and-the-silent-failure-if-you-break-it	prelude:guide-context	PRELUDE-NEEDED	-	-	-	-	-	-	-	-	snippet-aeb5dbf2bfabddec	0ac8b4e795893231632b04a03d81e071909b1bbf968da01f0994f08f2838b7bf
part-02-foundation-models-everyday-api/references/02-guided-generation-and-streaming.md	2329	111-the-three-error-ladder	compile:27 imports:FoundationModels	VERIFIED	body	-	pass	-	-	-	-	-	snippet-42b2ff1418fe7a8f	26b1953b0f2e7343482bd30f23fc3420b75e6e70647b36c0468e0396956df994
part-02-foundation-models-everyday-api/references/02-guided-generation-and-streaming.md	2366	111-the-three-error-ladder	compile:27 imports:FoundationModels	VERIFIED	top	-	pass	-	-	-	-	-	snippet-603e187b5b0c0782	53a9cc61b7c8f5970c25a677199fd358f2be9935b4c64ce7f9747eaa65f20ce6
part-02-foundation-models-everyday-api/references/02-guided-generation-and-streaming.md	2447	113-permissivecontenttransformations-and-generable-a-contested-claim	compile:27 imports:FoundationModels	VERIFIED	body	-	pass	-	-	-	-	-	snippet-d13083f32ea44888	2ebda57e904be9baf1067442a100da4b6dcc58869caea125e0e8af4f678d6ff0
part-02-foundation-models-everyday-api/references/02-guided-generation-and-streaming.md	2460	113-permissivecontenttransformations-and-generable-a-contested-claim	prelude:guide-context	PRELUDE-NEEDED	-	-	-	-	-	-	-	-	snippet-cce36a92f6bcddc2	8d8c0c25a31bf6a5b96a0a8612ba4abea2f380a28bed9e024fd84f8eff1e5f27
part-02-foundation-models-everyday-api/references/02-guided-generation-and-streaming.md	2495	114-determinism-when-you-are-testing-structured-output	illustrative	ILLUSTRATIVE	-	-	-	-	-	-	-	-	snippet-6314b2749c6aaa73	3f8c97cc7529aca8172ad74f7751cc2c4631fb20f1a2b68d98a39e0b09f02f8f
part-02-foundation-models-everyday-api/references/03-tools-and-tool-calling.md	188	the-canonical-conformance	compile:27	VERIFIED	top	-	pass	-	-	-	-	-	snippet-0aa2e963b1e10da0	207f807e447cb386181a8dba42ebc6e88622a07fd9a7e96345a5858fadd88a98
part-02-foundation-models-everyday-api/references/03-tools-and-tool-calling.md	213	the-canonical-conformance	prelude:guide-context	PRELUDE-NEEDED	-	-	-	-	-	-	-	-	snippet-c5552cbccf028c8a	2477fbe50525faabec682b1a19d1764f77cdeebb862b726d410f5484d5aa3ec1
part-02-foundation-models-everyday-api/references/03-tools-and-tool-calling.md	330	structs-classes-and-state	illustrative	ILLUSTRATIVE	-	-	-	-	-	-	-	-	snippet-19d23ec3ea0fc492	5411ea91f46edd611c769b770ecfe0c1ba05528ff8b48b9e42a14c87da8ab977
part-02-foundation-models-everyday-api/references/03-tools-and-tool-calling.md	338	structs-classes-and-state	illustrative	ILLUSTRATIVE	-	-	-	-	-	-	-	-	snippet-3cf630eb81dd3f99	53112c3dfc42c0874393889c24786a2d890ee9c395676e51bc53d557bbae7f63
part-02-foundation-models-everyday-api/references/03-tools-and-tool-calling.md	391	toolsessionproperty--reading-shared-session-state-from-inside-a-tool	compile:27 imports:FoundationModels	VERIFIED	top	-	pass	-	-	-	-	-	snippet-16efb5013a02fbab	4a0d5552f1e12d15f8e6a5621a30ccba6273468f5d98573d189c4d7ee31588a2
part-02-foundation-models-everyday-api/references/03-tools-and-tool-calling.md	468	31-optional-arguments-let-the-model-choose-which-filters-to-apply	prelude:guide-context	PRELUDE-NEEDED	-	-	-	-	-	-	-	-	snippet-865ccf7155e1f759	d9d2a45d2bbad23e5ebcfb828476e5b829fabff25e888216ee13f9424be21a99
part-02-foundation-models-everyday-api/references/03-tools-and-tool-calling.md	506	31-optional-arguments-let-the-model-choose-which-filters-to-apply	compile:27	VERIFIED	top	-	pass	-	-	-	-	-	snippet-d6007128c7be08b6	175837da62f7ef6daef613af22ac388bc95286dcfa20e92ba7ec6fba23e5e882
part-02-foundation-models-everyday-api/references/03-tools-and-tool-calling.md	561	32-runtime-schemas-and-the-trap-under-them	prelude:guide-context	PRELUDE-NEEDED	-	-	-	-	-	-	-	-	snippet-b07d8e8c519452f6	ef5498c4ce75bf79996c1480281042bceba0fe65bc610599fcfdb11801797139
part-02-foundation-models-everyday-api/references/03-tools-and-tool-calling.md	598	32-runtime-schemas-and-the-trap-under-them	prelude:guide-context	PRELUDE-NEEDED	-	-	-	-	-	-	-	-	snippet-2b6accea32d711b7	05b5212c63ddb583d4dcb686a3adb08e3fdd5b2f6b0b60d958beb171e31d968d
part-02-foundation-models-everyday-api/references/03-tools-and-tool-calling.md	695	41-a-good-description-says-when-not-what	illustrative	ILLUSTRATIVE	-	-	-	-	-	-	-	-	snippet-8971719d17ec0dae	4a2dbc834de73375ab1c78af4312b223d125ebf9ee7969a8afd21385d28fe7ad
part-02-foundation-models-everyday-api/references/03-tools-and-tool-calling.md	729	42-the-description-is-not-enough--you-must-also-instruct	prelude:guide-context	PRELUDE-NEEDED	-	-	-	-	-	-	-	-	snippet-3d0da69ea5ddf3b0	6e8feb216461e6c778c8361c31fb220aa351a6ad68ffd080ec26a43ff6ace857
part-02-foundation-models-everyday-api/references/03-tools-and-tool-calling.md	750	42-the-description-is-not-enough--you-must-also-instruct	illustrative	ILLUSTRATIVE	-	-	-	-	-	-	-	-	snippet-1383edb499692f39	15db23055ae205001d7596f0bc3bde291a4ced75316d20634f837f21ca7c6ffb
part-02-foundation-models-everyday-api/references/03-tools-and-tool-calling.md	779	42-the-description-is-not-enough--you-must-also-instruct	prelude:guide-context	PRELUDE-NEEDED	-	-	-	-	-	-	-	-	snippet-6d1901e5d8ee9bbf	4dca8752e21af0adea0151df69e53bb1a876fdfcae2f2132fde2aaeb5781469f
part-02-foundation-models-everyday-api/references/03-tools-and-tool-calling.md	872	52-the-four-tool-shaped-types	illustrative	ILLUSTRATIVE	-	-	-	-	-	-	-	-	snippet-6fd8f5cdcc51b4d0	71a0fcc7fa81b6db86bcd5549d063e73c86e0e37ce3514afe0ea8b84ab42a9d3
part-02-foundation-models-everyday-api/references/03-tools-and-tool-calling.md	989	54-rendering-it	prelude:guide-context	PRELUDE-NEEDED	-	-	-	-	-	-	-	-	snippet-1f960aeac6430b8d	b00a295476b0e1a600768ac964d3d65e970e57989e3bbf0ab514825c6d3f379e
part-02-foundation-models-everyday-api/references/03-tools-and-tool-calling.md	1145	62-setting-it-without-a-profile-generationoptions	prelude:guide-context	PRELUDE-NEEDED	-	-	-	-	-	-	-	-	snippet-fcc875b699e70ba2	b74934efcd9b8264e8fc22a520fbeb32654891515cda14eec09fef5dd68353ea
part-02-foundation-models-everyday-api/references/03-tools-and-tool-calling.md	1298	71-exit-a--conditionalise-the-mode-on-state-the-tool-moves	prelude:guide-context	PRELUDE-NEEDED	-	-	-	-	-	-	-	-	snippet-93f9d8eecc72fc22	2a680f9b195b115d6f34f22e80e0cb131b09daaea73349a349ca62881ed1e3a8
part-02-foundation-models-everyday-api/references/03-tools-and-tool-calling.md	1322	71-exit-a--conditionalise-the-mode-on-state-the-tool-moves	prelude:guide-context	PRELUDE-NEEDED	-	-	-	-	-	-	-	-	snippet-e97b3b56ae250797	8f8c782beef8728d9a9d28c96982481c54ea0459a994ea65c7b386fc23e6dd0f
part-02-foundation-models-everyday-api/references/03-tools-and-tool-calling.md	1341	71-exit-a--conditionalise-the-mode-on-state-the-tool-moves	illustrative	ILLUSTRATIVE	-	-	-	-	-	-	-	-	snippet-4cc8809ec550a32a	23a88601c5a2a1417c8d06750d7d44b23321ac872b78fa70c48018b772959794
part-02-foundation-models-everyday-api/references/03-tools-and-tool-calling.md	1377	71-exit-a--conditionalise-the-mode-on-state-the-tool-moves	compile:27 imports:FoundationModels	VERIFIED	top	-	pass	-	-	-	-	-	snippet-f17a84fb7fc9a5e0	f335470a8953606ded6db7e6fa00eb92cc9a2baacd22440ed707ad20579f9a29
part-02-foundation-models-everyday-api/references/03-tools-and-tool-calling.md	1387	71-exit-a--conditionalise-the-mode-on-state-the-tool-moves	prelude:guide-context	PRELUDE-NEEDED	-	-	-	-	-	-	-	-	snippet-fc8446cc94b6e953	a16852db0fbe1e14b207d2b40e42cbc7f94e621fca34d28d4a126d824f19410c
part-02-foundation-models-everyday-api/references/03-tools-and-tool-calling.md	1418	72-exit-b--a-final-answer-tool-that-throws	compile:27	VERIFIED	top	-	pass	-	-	-	-	-	snippet-e7beced86f9e86a9	7976f112af5757ffc2d8d07f24b711a970b9c4973a0e7cabdd00569129499087
part-02-foundation-models-everyday-api/references/03-tools-and-tool-calling.md	1447	72-exit-b--a-final-answer-tool-that-throws	prelude:guide-context	PRELUDE-NEEDED	-	-	-	-	-	-	-	-	snippet-415f774ed3899403	b32c1030e4988400d35ac3d47a799978b7123e806fc43cf0934be3c70c0749c7
part-02-foundation-models-everyday-api/references/03-tools-and-tool-calling.md	1512	73-the-default-a-thrown-tool-error-rolls-the-transcript-back	prelude:guide-context	PRELUDE-NEEDED	-	-	-	-	-	-	-	-	snippet-1ccef528f20fdf8d	1e45a32feaecafb0e7f5c3c941494e217dbe34e057d62144975944efb66a646f
part-02-foundation-models-everyday-api/references/03-tools-and-tool-calling.md	1546	73-the-default-a-thrown-tool-error-rolls-the-transcript-back	prelude:guide-context	PRELUDE-NEEDED	-	-	-	-	-	-	-	-	snippet-3c80c76d4252bbae	bba7657b65f8eb5bd79265d92dce7b206d9acfe5c19436585c6ee89d7e82962a
part-02-foundation-models-everyday-api/references/03-tools-and-tool-calling.md	1612	82-what-the-code-looked-like	illustrative	ILLUSTRATIVE	-	-	-	-	-	-	-	-	snippet-f01f1ff95976f908	d77041d9d8909933d5864fde2c628ea4feda092599ecbb9094bae4662a6f6a79
part-02-foundation-models-everyday-api/references/03-tools-and-tool-calling.md	1704	84-how-to-spot-it	prelude:guide-context	PRELUDE-NEEDED	-	-	-	-	-	-	-	-	snippet-a0be2af27a795114	d7e1b70f9e9993f159a6f726ddaff868b15dbe6940ea371c8ec14b96c0bcb8ae
part-02-foundation-models-everyday-api/references/03-tools-and-tool-calling.md	1718	84-how-to-spot-it	prelude:guide-context	PRELUDE-NEEDED	-	-	-	-	-	-	-	-	snippet-91fe479677d748e2	e3e93e98fea436f0c21a058ebaea33561933f77674d60c89798068686d6ce0c1
part-02-foundation-models-everyday-api/references/03-tools-and-tool-calling.md	1725	84-how-to-spot-it	prelude:guide-context	PRELUDE-NEEDED	-	-	-	-	-	-	-	-	snippet-802c4055bd677d49	17b19e2f8011e5e252cbfd262a762a8ed62df52943db8b57c6bf90c7bd714b3a
part-02-foundation-models-everyday-api/references/03-tools-and-tool-calling.md	1762	91-languagemodelsessiontoolcallerror	prelude:guide-context	PRELUDE-NEEDED	-	-	-	-	-	-	-	-	snippet-f205e3a211eef171	e1c2f276e03767ff4fbd478d95594ad640db38ca63259fe1f4dcc4eed28ffe43
part-02-foundation-models-everyday-api/references/03-tools-and-tool-calling.md	1808	93-ontoolcall-as-an-approval-gate	prelude:guide-context	PRELUDE-NEEDED	-	-	-	-	-	-	-	-	snippet-f753e3c120009e2e	d0a421f962c6d1d388fb8cedb416e0047ce9dd2e8b05b05a3cdf16372b5bffe5
part-02-foundation-models-everyday-api/references/03-tools-and-tool-calling.md	1845	93-ontoolcall-as-an-approval-gate	prelude:guide-context	PRELUDE-NEEDED	-	-	-	-	-	-	-	-	snippet-a50f862d847cf5fc	d6071a1695d26a877ee859a0043aa0ef961d820e034411233b279a4b361fb6cc
part-02-foundation-models-everyday-api/references/03-tools-and-tool-calling.md	1896	94-the-tool-as-a-request-for-consent	prelude:guide-context	PRELUDE-NEEDED	-	-	-	-	-	-	-	-	snippet-be38dfdc75393573	300ab1721ea498731b0597e87acbcbacc926f311655675de28c1553e08fc779f
part-02-foundation-models-everyday-api/references/03-tools-and-tool-calling.md	1994	10-built-in-system-tools-ocrtool-and-barcodereadertool	compile:27	VERIFIED	top	-	pass	-	-	-	-	-	snippet-53ea3fe5a32a98c7	61112d5f96fbdceee13f8981627f631865c5ac964470122da7ae45b77fbe6978
part-02-foundation-models-everyday-api/references/03-tools-and-tool-calling.md	2294	121-make-invocation-deterministic	prelude:guide-context	PRELUDE-NEEDED	-	-	-	-	-	-	-	-	snippet-5fcf8262677601c5	f536ca21cacfe5114801a9a29b800acac03725cc122a5bfd81dc333e087f7f00
part-02-foundation-models-everyday-api/references/03-tools-and-tool-calling.md	2313	122-test-the-tool-without-a-model	prelude:external-module	PRELUDE-NEEDED	-	-	-	-	-	-	-	-	snippet-aae037a50033d3b3	1fce0d1b6f1c3e2efa6cb54e5950ea5d54138fa67649526bcebb72e713e47765
part-02-foundation-models-everyday-api/references/03-tools-and-tool-calling.md	2332	123-assert-on-the-transcript	prelude:guide-context	PRELUDE-NEEDED	-	-	-	-	-	-	-	-	snippet-1c1596ca5ce6cfc5	b287feb9e714e43fa66d0d119cdff415dd7e065953a93db39bdf84abc6b121a1
part-02-foundation-models-everyday-api/references/04-spotlight-rag-and-system-tools.md	160	21-the-cssearchableindex-path	compile:27	VERIFIED	top	-	pass	-	-	-	-	-	snippet-4802430c27ab2560	7bc72986659ea0de9bab0ace423e4c54b332ace18ab934b5b2f0403cb1a66adc
part-02-foundation-models-everyday-api/references/04-spotlight-rag-and-system-tools.md	256	22-the-app-intents-path	prelude:guide-context	PRELUDE-NEEDED	-	-	-	-	-	-	-	-	snippet-02151f64d9f3f403	07cf3cf3ffc37773f295475aadc0a0612e857902a37de2e29db5d20a18bc1809
part-02-foundation-models-everyday-api/references/04-spotlight-rag-and-system-tools.md	371	3-the-cross-import-overlay-and-the-two-line-version	compile:27	VERIFIED	body	-	pass	-	-	-	-	-	snippet-8c34f38de6f6b467	f50f6016811ef0cf81d7fa948f00a59e4e6f97f5584e300f87eb74d5f605ae0f
part-02-foundation-models-everyday-api/references/04-spotlight-rag-and-system-tools.md	388	3-the-cross-import-overlay-and-the-two-line-version	prelude:guide-context	PRELUDE-NEEDED	-	-	-	-	-	-	-	-	snippet-ca9adbd15c427c2d	ca132ba8627fc1c19c629e0eb0742ce53e9f3d78109f6fafce984b035b9a2110
part-02-foundation-models-everyday-api/references/04-spotlight-rag-and-system-tools.md	579	5-configuration-sources-guide-and-the-two-members-apple-never-uses	illustrative	ILLUSTRATIVE	-	-	-	-	-	-	-	-	snippet-d25c79e537fd0210	fabd960b69e73d9e8f5a8337db5703951ad3b24567f4fcd730ad57e395aa52e2
part-02-foundation-models-everyday-api/references/04-spotlight-rag-and-system-tools.md	671	52-fetchattributes-and-searchableitemattribute	illustrative	ILLUSTRATIVE	-	-	-	-	-	-	-	-	snippet-de90bc439a34df1b	7fd24c5cfe37f56a0e38d64e6cdf15e22e1a24bf5b58206a7e05ed4a22b45254
part-02-foundation-models-everyday-api/references/04-spotlight-rag-and-system-tools.md	801	63-a-test-that-catches-it	prelude:guide-context	PRELUDE-NEEDED	-	-	-	-	-	-	-	-	snippet-c2bb4a5dea4293e4	5cef6137031063086ad73e39ca5a5dafae9643fa5608e94fd7df5e03be305d71
part-02-foundation-models-everyday-api/references/04-spotlight-rag-and-system-tools.md	893	7-searchableitemsforidentifierssearchableitemshandler--the-intended-fix-and-the-conflict	prelude:guide-context	PRELUDE-NEEDED	-	-	-	-	-	-	-	-	snippet-c32f4ba0a13fa1a7	f8b3a2f00178a9a5cb16beb15a238eda627c261437556600603f81dd9f58e4fa
part-02-foundation-models-everyday-api/references/04-spotlight-rag-and-system-tools.md	940	7-searchableitemsforidentifierssearchableitemshandler--the-intended-fix-and-the-conflict	prelude:guide-context	PRELUDE-NEEDED	-	-	-	-	-	-	-	-	snippet-33f922f55850e4a8	ab15eab8675235e7c6e416ce4739793802761b284aa5e7778e59a78667b10d8c
part-02-foundation-models-everyday-api/references/04-spotlight-rag-and-system-tools.md	1020	8-the-retrieve-then-hydrate-pattern-that-works-today	prelude:guide-context	PRELUDE-NEEDED	-	-	-	-	-	-	-	-	snippet-c7429b237bcf1f78	202e49e540d3109da61bdb1bb036c310a0f94fa27bac89156a3e08a22a9c3a79
part-02-foundation-models-everyday-api/references/04-spotlight-rag-and-system-tools.md	1231	93-consuming-the-stream	compile:27	VERIFIED	top	-	pass	-	-	-	-	-	snippet-79aa7420aba40663	385794350c7537f99d2e89fef01c59e502f34a9f388730d8735e4ff8c9e9b765
part-02-foundation-models-everyday-api/references/04-spotlight-rag-and-system-tools.md	1269	93-consuming-the-stream	prelude:guide-context	PRELUDE-NEEDED	-	-	-	-	-	-	-	-	snippet-5d29f356edc0a312	f9a145dfd93d696faf0070ae13912ff1584b2357ccc28222794d4883eff2ecd1
part-02-foundation-models-everyday-api/references/04-spotlight-rag-and-system-tools.md	1390	102-the-guide-values	illustrative	ILLUSTRATIVE	-	-	-	-	-	-	-	-	snippet-e00064e4e0c892af	20150ac7aa4698468ae635be06de5273404ac7415fee96ca83cf82d55455a583
part-02-foundation-models-everyday-api/references/04-spotlight-rag-and-system-tools.md	1451	103-guidanceprofile--surgical-scoping	prelude:guide-context	PRELUDE-NEEDED	-	-	-	-	-	-	-	-	snippet-60ed342b2ca02064	64f42c7c59c51ae06f67ffc7bea1dfe7b473dffa3cedcac3c5b2798df46ecb19
part-02-foundation-models-everyday-api/references/04-spotlight-rag-and-system-tools.md	1542	11-reference-resolution-and-the-contact-resolver	prelude:guide-context	PRELUDE-NEEDED	-	-	-	-	-	-	-	-	snippet-da754c6ce2ebb397	8caf6e0042fc101c478ba29c30b648d017fc2ad65cbc9f17a928784e60ef131b
part-02-foundation-models-everyday-api/references/04-spotlight-rag-and-system-tools.md	1666	122-registering-your-own	prelude:guide-context	PRELUDE-NEEDED	-	-	-	-	-	-	-	-	snippet-f840e44f88f6b216	25f58f860d86c38c2a69c7afa0cfc4985d2ae3b094d1d8014f41f5a286c61e25
part-02-foundation-models-everyday-api/references/04-spotlight-rag-and-system-tools.md	1738	123-stage-output-can-come-back-to-your-ui	prelude:guide-context	PRELUDE-NEEDED	-	-	-	-	-	-	-	-	snippet-41c4255edc160052	7269e283e884f9806ab6345c7e240a30e17c9190faa9a8e47afc1e730a97fb8c
part-02-foundation-models-everyday-api/references/04-spotlight-rag-and-system-tools.md	1807	13-custom-attributes-indexedentity-and-dynamic-guidance	prelude:guide-context	PRELUDE-NEEDED	-	-	-	-	-	-	-	-	snippet-f238cac2b889ab7b	e6fe18b3f01babf5b5b1396628cc43c4bed31842069b87d60800adbfd75e2734
part-02-foundation-models-everyday-api/references/04-spotlight-rag-and-system-tools.md	1823	13-custom-attributes-indexedentity-and-dynamic-guidance	prelude:guide-context	PRELUDE-NEEDED	-	-	-	-	-	-	-	-	snippet-8f8d34153962280b	31c7f5ec16cec1868c3af620b36725acabf7a35d524b7add91105f9513439524
part-02-foundation-models-everyday-api/references/04-spotlight-rag-and-system-tools.md	2138	16-evaluating-a-spotlight-grounded-feature	prelude:guide-context	PRELUDE-NEEDED	-	-	-	-	-	-	-	-	snippet-16d9a337c2c93029	be444410d26817372e48f92432ff0579650876d0f057eff8ff5202bf686728b8
part-02-foundation-models-everyday-api/references/04-spotlight-rag-and-system-tools.md	2165	16-evaluating-a-spotlight-grounded-feature	prelude:guide-context	PRELUDE-NEEDED	-	-	-	-	-	-	-	-	snippet-96add312706cebc0	b16e618da3d9ef116032b2c1fd142fb8b19f13e73631fb4a4c2e5cc74e930467
part-02-foundation-models-everyday-api/references/04-spotlight-rag-and-system-tools.md	2219	17-ocrtool-and-barcodereadertool	compile:27 imports:FoundationModels,Vision	VERIFIED	top	-	pass	-	-	-	-	-	snippet-f67c5f05d9777cdc	9f4d7519ca063b39b07b02538650d37e6502e9e84c1a3591374b75463681c546
part-02-foundation-models-everyday-api/references/05-image-input-and-attachments.md	101	1-the-symbol-inventory-and-where-each-one-came-from	prelude:guide-context	PRELUDE-NEEDED	-	-	-	-	-	-	-	-	snippet-8b08c0b3f55794a0	6101980dca02a1859dfa00fa9149dff05fcda1a133a314742c3341d05cd7be86
part-02-foundation-models-everyday-api/references/05-image-input-and-attachments.md	136	2-the-five-minute-version	compile:27	VERIFIED	top	-	pass	-	-	-	-	-	snippet-1b01f03b3ddb21f7	b1325a64656e52a8defc850f48092f610dd1a4b6be6f6ca406d59610921f0284
part-02-foundation-models-everyday-api/references/05-image-input-and-attachments.md	162	2-the-five-minute-version	prelude:guide-context	PRELUDE-NEEDED	-	-	-	-	-	-	-	-	snippet-6a5fb3b067378e21	ced0043060a44f77331080cb8b8645a94e2be8f6d06bee3750f386198eff8c17
part-02-foundation-models-everyday-api/references/05-image-input-and-attachments.md	175	2-the-five-minute-version	compile:27 imports:FoundationModels,CoreGraphics	VERIFIED	top	-	pass	-	-	-	-	-	snippet-0882f8c82523072d	1b9cb40f697db631976a54816dc687ef9028c9b145ec8f9422cc3e7283afe08c
part-02-foundation-models-everyday-api/references/05-image-input-and-attachments.md	218	31-the-two-initializers	illustrative	ILLUSTRATIVE	-	-	-	-	-	-	-	-	snippet-958648ca2dd4cac7	352b447967e800a97756103990ab36bb28a488d8b7b5e081d308e5f57b93a677
part-02-foundation-models-everyday-api/references/05-image-input-and-attachments.md	265	32-what-you-can-hand-it	prelude:guide-context	PRELUDE-NEEDED	-	-	-	-	-	-	-	-	snippet-af8180608c04bcc0	e56c614c0fd9bac7f601ed71021b55711464d4eb8ecaf6ec58a93f2f574b9fdc
part-02-foundation-models-everyday-api/references/05-image-input-and-attachments.md	304	32-what-you-can-hand-it	illustrative	ILLUSTRATIVE	-	-	-	-	-	-	-	-	snippet-3fa394644562fce2	5a1482dc0191bff434919eee1d98531feca1a8726fc26266c21d1300b5387444
part-02-foundation-models-everyday-api/references/05-image-input-and-attachments.md	326	32-what-you-can-hand-it	prelude:guide-context	PRELUDE-NEEDED	-	-	-	-	-	-	-	-	snippet-f01d7445e66f604d	2f4adc1d542da0d4a7448e038667c2b732c0cdcc30dfa6052794ac94555f7632
part-02-foundation-models-everyday-api/references/05-image-input-and-attachments.md	351	33-the-file-url-path	prelude:guide-context	PRELUDE-NEEDED	-	-	-	-	-	-	-	-	snippet-6fc370c5d91d60cd	062cd297d316cea42ad944e3d5079aa4d8db5f1df3a56bdfd55930f5936d7d8b
part-02-foundation-models-everyday-api/references/05-image-input-and-attachments.md	358	33-the-file-url-path	prelude:guide-context	PRELUDE-NEEDED	-	-	-	-	-	-	-	-	snippet-1492f0904ada22f0	14a44bf69441013273d384a251a25be7c1172dac7d572bb97da146ea307618a5
part-02-foundation-models-everyday-api/references/05-image-input-and-attachments.md	516	51-the-parameter	prelude:guide-context	PRELUDE-NEEDED	-	-	-	-	-	-	-	-	snippet-86fce1922e1a977c	a4e4562ab861514618c960ebf74d93547fe555dbbcf8f038ada4b20050298cf1
part-02-foundation-models-everyday-api/references/05-image-input-and-attachments.md	591	53-the-rule	prelude:guide-context	PRELUDE-NEEDED	-	-	-	-	-	-	-	-	snippet-696655c9f5ea18a8	ef7829d0293936b331bdc5ff4151af20596e89d3716fb9b5bf7325945504ccf5
part-02-foundation-models-everyday-api/references/05-image-input-and-attachments.md	622	62-the-mechanism-end-to-end	prelude:guide-context	PRELUDE-NEEDED	-	-	-	-	-	-	-	-	snippet-d6ae0764fe5c724e	c47881288e1e7a788403cda563f13a4073fe4f40ea534002dd442883318e0e72
part-02-foundation-models-everyday-api/references/05-image-input-and-attachments.md	635	62-the-mechanism-end-to-end	prelude:guide-context	PRELUDE-NEEDED	-	-	-	-	-	-	-	-	snippet-ae920f80fd59287f	e56c614c0fd9bac7f601ed71021b55711464d4eb8ecaf6ec58a93f2f574b9fdc
part-02-foundation-models-everyday-api/references/05-image-input-and-attachments.md	659	62-the-mechanism-end-to-end	compile:27 imports:FoundationModels	VERIFIED	top	-	pass	-	-	-	-	-	snippet-c420a844b2cb85d6	c94d9c4dcf6d1790df485b571853d55090b9bb7338c8b7a06a572efacb1cf2a2
part-02-foundation-models-everyday-api/references/05-image-input-and-attachments.md	687	62-the-mechanism-end-to-end	prelude:guide-context	PRELUDE-NEEDED	-	-	-	-	-	-	-	-	snippet-0038fb25647dd06c	b43fa696a1c9e3adc4f7e01a3af8638855af1ec32d74d90bcfe7a83897611b3e
part-02-foundation-models-everyday-api/references/05-image-input-and-attachments.md	703	62-the-mechanism-end-to-end	illustrative	ILLUSTRATIVE	-	-	-	-	-	-	-	-	snippet-e89aa96ee999a8d9	359e1771c0d8638d3b77c40f1f1bbf6b2134891465c2963483af5d272e00b519
part-02-foundation-models-everyday-api/references/05-image-input-and-attachments.md	742	63-imagereference-in-tool-arguments	illustrative	ILLUSTRATIVE	-	-	-	-	-	-	-	-	snippet-df2b0d9bb3bd22f3	2e305563e0e085957d38af916b4a056bcd67c601aa5f9eb3e8ba6a657e924378
part-02-foundation-models-everyday-api/references/05-image-input-and-attachments.md	768	63-imagereference-in-tool-arguments	prelude:guide-context	PRELUDE-NEEDED	-	-	-	-	-	-	-	-	snippet-3de941e18d6d6aac	3e0e9c65d8df07da0b4229ccfc5a4e3dfc154ca205f4b8c9ddb1a68c7c78265b
part-02-foundation-models-everyday-api/references/05-image-input-and-attachments.md	801	63-imagereference-in-tool-arguments	prelude:guide-context	PRELUDE-NEEDED	-	-	-	-	-	-	-	-	snippet-12115a885e4916ea	5ce812d5c224c1ba74991e617d0a4a78c5d4cec6e53962ef11bbbd7761c3abaa
part-02-foundation-models-everyday-api/references/05-image-input-and-attachments.md	888	71-the-types	illustrative	ILLUSTRATIVE	-	-	-	-	-	-	-	-	snippet-11ee83cbadc06df8	981afb4a96ca56582c7d86733ac3a743666380747a62ab82f25ae03b398954aa
part-02-foundation-models-everyday-api/references/05-image-input-and-attachments.md	988	74-the-migration-footgun	prelude:guide-context	PRELUDE-NEEDED	-	-	-	-	-	-	-	-	snippet-58e10db28f1c083b	674acd75f95605aac13c80990753b788541f9d4e8ca82a4605ac0a5a951ce642
part-02-foundation-models-everyday-api/references/05-image-input-and-attachments.md	1026	81-classification-with-greedy-sampling	compile:27 imports:FoundationModels,CoreGraphics	VERIFIED	top	-	pass	-	-	-	-	-	snippet-54eb9dfcfdb1e4ae	19df08f83669a36e6b8c35f2bc54bfff2dbfcbdb3486c103647a3eb889e3788b
part-02-foundation-models-everyday-api/references/05-image-input-and-attachments.md	1096	83-ocrtool-and-barcodereadertool	compile:27 imports:FoundationModels,Vision	VERIFIED	top	-	pass	-	-	-	-	-	snippet-88013f2d66520b53	9f4d7519ca063b39b07b02538650d37e6502e9e84c1a3591374b75463681c546
part-02-foundation-models-everyday-api/references/05-image-input-and-attachments.md	1168	91-the-finding	prelude:guide-context	PRELUDE-NEEDED	-	-	-	-	-	-	-	-	snippet-e00f4934b93edca9	43d601b97eb22bb3b099a90ad4ca2d1afd2485e4cd65af7185e884b549a91c8c
part-02-foundation-models-everyday-api/references/05-image-input-and-attachments.md	1273	94-the-core-ai-route-real-detection-and-real-segmentation	prelude:external-module	PRELUDE-NEEDED	-	-	-	-	-	-	-	-	snippet-cccc1c287632bbf3	bb9fe55e41bac4f9f873600a3f7f5019758d161e57a6b225ab548324ccf694eb
part-02-foundation-models-everyday-api/references/05-image-input-and-attachments.md	1301	94-the-core-ai-route-real-detection-and-real-segmentation	illustrative	ILLUSTRATIVE	-	-	-	-	-	-	-	-	snippet-5ed090d4eb112874	e640883aa5e01e6c292ff55652097be788acb8199fe55bef8a7596bccbdc7afd
part-02-foundation-models-everyday-api/references/05-image-input-and-attachments.md	1355	95-a-worked-right-tool-composition	illustrative	ILLUSTRATIVE	-	-	-	-	-	-	-	-	snippet-8d31ab14982ba782	b99eba87eae9f55d874d74d760b08185455f6e4a38ed6b7af3cc0733dfae2888
part-02-foundation-models-everyday-api/references/05-image-input-and-attachments.md	1397	101-the-capability-gate	illustrative	ILLUSTRATIVE	-	-	-	-	-	-	-	-	snippet-e8b088f83ab5c73e	39a8e9bdbf2ecbe5415de0d75f2f53577e0f7f118b0404890fe130adbae15624
part-02-foundation-models-everyday-api/references/05-image-input-and-attachments.md	1422	101-the-capability-gate	prelude:guide-context	PRELUDE-NEEDED	-	-	-	-	-	-	-	-	snippet-8c209f0fd7698ad1	083087f03c6db9e3655b59081a609651acf89a6cef63e351a1f05dbcb4e43309
part-02-foundation-models-everyday-api/references/05-image-input-and-attachments.md	1447	102-the-platform-asymmetry--in-memory-images-are-apple-only	illustrative	ILLUSTRATIVE	-	-	-	-	-	-	-	-	snippet-4ad964ad19727ea7	051d1ccf323de7ed8dd92702e9fe28654c52d9103c8e1ba043d5662696096369
part-02-foundation-models-everyday-api/references/05-image-input-and-attachments.md	1453	102-the-platform-asymmetry--in-memory-images-are-apple-only	prelude:guide-context	PRELUDE-NEEDED	-	-	-	-	-	-	-	-	snippet-a64326347f9d1392	f46aecbedaa9f35926696d2e80a28df972e5ad5428a22c9fb34855097a418a1a
part-02-foundation-models-everyday-api/references/05-image-input-and-attachments.md	1506	103-core-ai-and-mlx	prelude:guide-context	PRELUDE-NEEDED	-	-	-	-	-	-	-	-	snippet-a0b92de3603fb424	19ac73ccfdfe0cd70010afbbd072928bc96e0646ae123a638baacc1eafab63d7
part-02-foundation-models-everyday-api/references/06-availability-errors-and-guardrails.md	95	21-systemlanguagemodelavailability-every-case	illustrative	ILLUSTRATIVE	-	-	-	-	-	-	-	-	snippet-6793aa93fb52115e	8a06a2fe98a68a769bba2f35d198fbda65a2ba776778a4084c70bc3c06494d4d
part-02-foundation-models-everyday-api/references/06-availability-errors-and-guardrails.md	116	21-systemlanguagemodelavailability-every-case	illustrative	ILLUSTRATIVE	-	-	-	-	-	-	-	-	snippet-d687744bc4a47d14	49ef5b9db18c620eabfab6f4d8f41b78bf5da9a11a5e456563f0a0010254206c
part-02-foundation-models-everyday-api/references/06-availability-errors-and-guardrails.md	206	22-which-availability-api-answers-which-question	illustrative	ILLUSTRATIVE	-	-	-	-	-	-	-	-	snippet-49c44735b4cbb08f	cd70d63226608ae62963d65f3544dcae0686baa479908b6c09a9c011226d5d1f
part-02-foundation-models-everyday-api/references/06-availability-errors-and-guardrails.md	410	26-pcc-availability-is-a-different-enum-with-a-case-you-have-never-seen	illustrative	ILLUSTRATIVE	-	-	-	-	-	-	-	-	snippet-5db048e341f1dd64	a537cd543a5af5b00fae056fc2ae684799835ca132b69380692dfc5f1295db50
part-02-foundation-models-everyday-api/references/06-availability-errors-and-guardrails.md	701	the-payload-fields	illustrative	ILLUSTRATIVE	-	-	-	-	-	-	-	-	snippet-192a520dd43ad8e9	22357f324bb8925a61632d188bd22f8d3e348ea20aa6b97fd4a4fb6b08a90f60
part-02-foundation-models-everyday-api/references/06-availability-errors-and-guardrails.md	757	33-languagemodelsessionerror--this-one-is-your-bug	illustrative	ILLUSTRATIVE	-	-	-	-	-	-	-	-	snippet-35222186348f9d15	63c40c69b7701a9da9364073e660b8a17f0f484b8614f68f04c82dda064e43c0
part-02-foundation-models-everyday-api/references/06-availability-errors-and-guardrails.md	774	33-languagemodelsessionerror--this-one-is-your-bug	compile:27 imports:FoundationModels,SwiftUI	VERIFIED	top	-	pass	-	-	-	-	-	snippet-f55e9383235b4ee3	25570f96a92a37c333f33cb0b377fde2dd17f26f2ffc24e3746997ea7c2503c5
part-02-foundation-models-everyday-api/references/06-availability-errors-and-guardrails.md	811	34-systemlanguagemodelerror--one-case-and-it-is-not-on-watchos	illustrative	ILLUSTRATIVE	-	-	-	-	-	-	-	-	snippet-124b0d1da3928d81	4da7f566b957dcfb58bf6a276be89542a456fdf6f850fcc7c6812f7995c6bb0e
part-02-foundation-models-everyday-api/references/06-availability-errors-and-guardrails.md	946	37-catch-order-and-the-pattern-matching-bug	compile:27 imports:FoundationModels	VERIFIED	body	-	pass	-	-	-	-	-	snippet-016e6d9ef7d9c82b	26b1953b0f2e7343482bd30f23fc3420b75e6e70647b36c0468e0396956df994
part-02-foundation-models-everyday-api/references/06-availability-errors-and-guardrails.md	1111	42-what-a-guardrail-violation-looks-like	illustrative	ILLUSTRATIVE	-	-	-	-	-	-	-	-	snippet-e2ec42b1859ab3eb	6c8a700ce883d4794f5f6785f65aeab2323aa00ee5086a5954405e3f4c00a76b
part-02-foundation-models-everyday-api/references/06-availability-errors-and-guardrails.md	1212	44-what-a-thrown-refusal-looks-like	compile:27 imports:FoundationModels	VERIFIED	body	-	pass	-	-	-	-	-	snippet-86c87e417698024c	f7f5284cd3bb257641bcbaf66614eacc6b4a2cc6832ea2c10174c10521c0671e
part-02-foundation-models-everyday-api/references/06-availability-errors-and-guardrails.md	1366	51-the-api	illustrative	ILLUSTRATIVE	-	-	-	-	-	-	-	-	snippet-514af949bb3e784b	9abe298bf9082253ee378c97e6fbc8d3880206094e9909cb0dbde9c3c0c7b0ac
part-02-foundation-models-everyday-api/references/06-availability-errors-and-guardrails.md	1374	51-the-api	illustrative	ILLUSTRATIVE	-	-	-	-	-	-	-	-	snippet-9add8a8f8e1ac98f	74ddf2dced3c7c490727a5ddbdd12459634ac7af381b1e53a9c5de6241160702
part-02-foundation-models-everyday-api/references/06-availability-errors-and-guardrails.md	1411	51-the-api	compile:27 imports:FoundationModels	VERIFIED	top	-	pass	-	-	-	-	-	snippet-b39834b007af4db7	7f8cda18bcaeca832bc5d8918a2cb7831a88a2d640e9ed0fa0b1425890d52a13
part-02-foundation-models-everyday-api/references/06-availability-errors-and-guardrails.md	1605	54-what-actually-reduces-refusals-when-no-knob-applies	compile:27	VERIFIED	top	-	pass	-	-	-	-	-	snippet-46ae48681e9236e8	8614f3692299a5c2cd4c7d8bf64daf928251cdd1aaa76b667ec54185787f144c
part-02-foundation-models-everyday-api/references/06-availability-errors-and-guardrails.md	1621	54-what-actually-reduces-refusals-when-no-knob-applies	compile:27 imports:FoundationModels	VERIFIED	mixed	-	pass	-	-	-	-	-	snippet-7a70806b20ab675a	bf8d23c41eb1ebf06419c9a056c8d29482d8ccd15112df3a3c21d39b3923661e
part-02-foundation-models-everyday-api/references/06-availability-errors-and-guardrails.md	1637	54-what-actually-reduces-refusals-when-no-knob-applies	illustrative	ILLUSTRATIVE	-	-	-	-	-	-	-	-	snippet-f571deda00b1f38d	de20556b64be55fc2bcf1c2f0b8b90b717f35aa7e33662a6df17c56925927877
part-02-foundation-models-everyday-api/references/06-availability-errors-and-guardrails.md	1733	61-the-error-and-the-budget-it-refers-to	prelude:guide-context	PRELUDE-NEEDED	-	-	-	-	-	-	-	-	snippet-64be8a7d3e6f22c5	e82ddc33ca3ee34aeccf3ae925db7a419f64d5591de96d5947f5ca4fd074dfb3
part-02-foundation-models-everyday-api/references/06-availability-errors-and-guardrails.md	1820	62-the-ios-26-recovery-pattern-and-apples-original-advice	compile:27 imports:FoundationModels	VERIFIED	top	-	pass	-	-	-	-	-	snippet-c447e29e7288afe4	3e78c66e360d385bf80c79a706929d4bcd381b09e231cba9467ef491f1779fd6
part-02-foundation-models-everyday-api/references/06-availability-errors-and-guardrails.md	2260	82-the-quotausage-api	prelude:guide-context	PRELUDE-NEEDED	-	-	-	-	-	-	-	-	snippet-93f099d393f368b2	0c89963ff1d1ab3beabf958c1c5843a79d388da29dc0646ef86fb62ba5a14b73
part-02-foundation-models-everyday-api/references/06-availability-errors-and-guardrails.md	2496	92-languagemodelfeedback-and-logfeedbackattachment	prelude:guide-context	PRELUDE-NEEDED	-	-	-	-	-	-	-	-	snippet-43803fa5abbc564e	2dba972f1ee874aad7518ccdafe4ade5bbd6c0f4ea6411ad7707feb260620ff0
part-02-foundation-models-everyday-api/references/06-availability-errors-and-guardrails.md	2514	92-languagemodelfeedback-and-logfeedbackattachment	compile:27 imports:FoundationModels	VERIFIED	top	-	pass	-	-	-	-	-	snippet-398549015544eaea	d2e66dd8eccebc3354a20cdae443594a21aaef668ff86010fd61369dec766565
part-02-foundation-models-everyday-api/references/06-availability-errors-and-guardrails.md	2523	92-languagemodelfeedback-and-logfeedbackattachment	prelude:guide-context	PRELUDE-NEEDED	-	-	-	-	-	-	-	-	snippet-a2d180e341d782e9	3962f117cab9f2ab07afb9bebb0e12854284943998b69793827217c3bfef1737
part-02-foundation-models-everyday-api/references/06-availability-errors-and-guardrails.md	2533	92-languagemodelfeedback-and-logfeedbackattachment	prelude:guide-context	PRELUDE-NEEDED	-	-	-	-	-	-	-	-	snippet-e6e5eba29585b57c	411859949d260c116f3a3095a26a1a1f03f2ffd6245232a77fff7123aced7bea
part-02-foundation-models-everyday-api/references/06-availability-errors-and-guardrails.md	2600	101-the-outcome-type	compile:27	VERIFIED	top	-	pass	-	-	-	-	-	snippet-c71b52e80f81819f	dddb911b0ed8930693752989a93ca189a1d2ff208807d72ce05c2611369a12bc
part-02-foundation-models-everyday-api/references/06-availability-errors-and-guardrails.md	2671	102-the-availability-gate	prelude:guide-context	PRELUDE-NEEDED	-	-	-	-	-	-	-	-	snippet-8c3be601ab67e7bd	34765573410a5083dc0d4977459e5d2e0d2fb44e9de8c240bf6f69e018a16377
part-02-foundation-models-everyday-api/references/06-availability-errors-and-guardrails.md	2745	103-the-classifier-one-error-one-outcome	prelude:guide-context	PRELUDE-NEEDED	-	-	-	-	-	-	-	-	snippet-1f7e1e0a6305e500	3723a268463fe33de67e3285c8b0c426c4bc9cae46896871c6de2d7e4629ac1d
part-02-foundation-models-everyday-api/references/06-availability-errors-and-guardrails.md	2904	104-the-generator-gate-attempt-recover-degrade	prelude:guide-context	PRELUDE-NEEDED	-	-	-	-	-	-	-	-	snippet-b8d0f6b7aaf5c3c2	5d22d25b2bc09147a6c72eeb60f8c36996c8469e528492357572e3dbd4f7aff5
part-02-foundation-models-everyday-api/references/06-availability-errors-and-guardrails.md	3036	105-adding-the-pcc-tier	compile:27 imports:Foundation,FoundationModels	VERIFIED	top	-	pass	-	-	-	-	-	snippet-a3935f3fef7d9b5c	24d511d462468a6adb21ae9425000fcece12441561227139893918f6821080a7
part-02-foundation-models-everyday-api/references/06-availability-errors-and-guardrails.md	3086	105-adding-the-pcc-tier	illustrative	ILLUSTRATIVE	-	-	-	-	-	-	-	-	snippet-c076c981919a0bee	4b4b5451021af456b7749926cf2a21e59b8ceea85d04891d487dcca78b65d274
part-03-context-profiles-agentic/references/01-context-window-and-kv-cache.md	637	34-the-rule-read-it-dont-hardcode-it	compile:27	VERIFIED	top	-	pass	-	-	-	-	-	snippet-068a8faa586406ce	1e8fa815406e5014fb979a3a6c7efd9a186f46610160638ff7387b7cd823d5b4
part-03-context-profiles-agentic/references/01-context-window-and-kv-cache.md	787	43-using-it	compile:27	VERIFIED	top	-	pass	-	-	-	-	-	snippet-d91d6d9cb1ef7cdd	880a390a7204e4d09f32d09a802af489049f6c5c9f7d001c36b63fc03f0c4e4f
part-03-context-profiles-agentic/references/01-context-window-and-kv-cache.md	888	51-the-cache-hit-rate	compile:27	VERIFIED	top	-	pass	-	-	-	-	-	snippet-eac9b8c8193e3ddc	4873e4153dcd235bc694fe7c7af0cbd0da9e598dc37b58f722adcc4746984987
part-03-context-profiles-agentic/references/01-context-window-and-kv-cache.md	1132	64-the-pattern-developers-hand-rolled	compile:26	VERIFIED	top	pass	-	-	-	-	-	-	snippet-55bc0192de603fe7	eab105c1f7b914e9461693dc041e3189e83f3726484e94bd282e94cfdea24b9c
part-03-context-profiles-agentic/references/01-context-window-and-kv-cache.md	1537	76-️-silent-failure--the-composed-example-in-apples-readme-can-never-fire	prelude:guide-context	PRELUDE-NEEDED	-	-	-	-	-	-	-	-	snippet-a9981efeacd99275	6e20004711eacfa6743159b50ce811cc84303b1f96485b58dd207195a22a9aa4
part-03-context-profiles-agentic/references/01-context-window-and-kv-cache.md	1602	77-droppingcompletedtoolcalls--the-one-that-is-straightforwardly-good	prelude:guide-context	PRELUDE-NEEDED	-	-	-	-	-	-	-	-	snippet-38f5764153ddd1f0	7656e05c8f350434c551099589333bdb795b47830d7e320ff7e4d141ed323cc7
part-03-context-profiles-agentic/references/01-context-window-and-kv-cache.md	1790	86-the-ordering-rule-for-dynamicinstructions--the-most-actionable-item-in-this-section	prelude:guide-context	PRELUDE-NEEDED	-	-	-	-	-	-	-	-	snippet-855502bfae51842b	a60eaf5524430e984fc922089260b5714b3131b79dfcbc0dce3d69a9ccad8e7a
part-03-context-profiles-agentic/references/01-context-window-and-kv-cache.md	2492	121-step-1--establish-the-ceiling-at-runtime	compile:27 imports:FoundationModels	VERIFIED	top	-	pass	-	-	-	-	-	snippet-c41132575737c3a1	a90ffce1ae02f4d7a01a2ec4b548bc3cabf70e1e1afadd7c44a48aff4b4703af
part-03-context-profiles-agentic/references/01-context-window-and-kv-cache.md	2505	122-step-2--price-the-fixed-costs-once	compile:27 imports:FoundationModels	VERIFIED	top	-	pass	-	-	-	-	-	snippet-bef1704311e033dc	262382f409fa2d552cd8115879a4e6c38c2d931e9074fff68012828a5fcc0f90
part-03-context-profiles-agentic/references/01-context-window-and-kv-cache.md	2553	125-step-5--wire-the-alarms	illustrative	ILLUSTRATIVE	-	-	-	-	-	-	-	-	snippet-443f5912d672e29e	55478ac7b3296922f950c1cb17b03ebf06150a01c7f01a4dae9dfee3220a68ff
part-03-context-profiles-agentic/references/01-context-window-and-kv-cache.md	2666	134-overflow-catch-ladder-270	illustrative	ILLUSTRATIVE	-	-	-	-	-	-	-	-	snippet-785c66cf405a71e3	04ce8bb03f44b3d08bcd73269091bf310698c14a6ec8348d659ad90e373a06d1
part-03-context-profiles-agentic/references/02-dynamic-profiles-and-session-state.md	462	33-one-more-model-spelling-note	prelude:guide-context	PRELUDE-NEEDED	-	-	-	-	-	-	-	-	snippet-0935600f41809008	d511fd1f744cb8ddfa6081e6d9783f08d3d0d42a5c70e93a1ddd1fe265778f21
part-03-context-profiles-agentic/references/02-dynamic-profiles-and-session-state.md	574	42-conditionals-a-bare-if-is-legal-here	prelude:guide-context	PRELUDE-NEEDED	-	-	-	-	-	-	-	-	snippet-e4d24fb291e03598	cc3d56374f397a169714c5e32f22b8b933b1c3b37880a935e78e32475eafbe2f
part-03-context-profiles-agentic/references/02-dynamic-profiles-and-session-state.md	1073	62-️-the-body-must-be-pure--it-runs-more-than-once-per-turn	illustrative	ILLUSTRATIVE	-	-	-	-	-	-	-	-	snippet-fbe0fb793fc81f03	774a0472d4eb02f4c518e4db0892af8a7b501c80712d67061d0fb462b30b335a
part-03-context-profiles-agentic/references/02-dynamic-profiles-and-session-state.md	1110	63-exactly-one-active-profile	illustrative	ILLUSTRATIVE	-	-	-	-	-	-	-	-	snippet-081c601f30a43629	e03c8188da951419b74b32d9d0c49052a9f507f20c1a198ace5b009e11171ff5
part-03-context-profiles-agentic/references/02-dynamic-profiles-and-session-state.md	1305	74-restoring-a-saved-conversation	prelude:guide-context	PRELUDE-NEEDED	-	-	-	-	-	-	-	-	snippet-3db26d4c3cb9895f	ceaf5d38c12cf3c1bb1ce55f4513c9029c93ab04a619458c26a9ac8ac44d4b39
part-03-context-profiles-agentic/references/02-dynamic-profiles-and-session-state.md	1327	75-saving-one-and-the-best-debugging-aid-in-the-corpus	compile:27 defines:DEBUG	VERIFIED	top	-	pass	-	-	-	-	-	snippet-9f2c5fda051c3361	715b66beb82b7792eaee6235d2283a9f329e6e731196d537de565a267122c02c
part-03-context-profiles-agentic/references/02-dynamic-profiles-and-session-state.md	1432	82-call-site-options-still-win	prelude:guide-context	PRELUDE-NEEDED	-	-	-	-	-	-	-	-	snippet-e1ee029568d05a31	59c5fafadc1648494557f429b5d8b4741fdf797bcb2d2f1954b25b62b4cc4a6f
part-03-context-profiles-agentic/references/02-dynamic-profiles-and-session-state.md	1734	102-a-modifier-you-will-actually-want	compile:27	VERIFIED	top	-	pass	-	-	-	-	-	snippet-913908742e476b00	c923edae3227593995738ceff50f5f9ef5a4c16f7849c3268c712d3ee5232d6a
part-03-context-profiles-agentic/references/02-dynamic-profiles-and-session-state.md	1766	102-a-modifier-you-will-actually-want	prelude:guide-context	PRELUDE-NEEDED	-	-	-	-	-	-	-	-	snippet-8dcc72ccb5bcd7fb	187482652782dba7ec5adc864032dd98e8d42cf7ef3d5c70da70c0c751010f3b
part-03-context-profiles-agentic/references/02-dynamic-profiles-and-session-state.md	2096	124-a-function-reference-is-a-legal-transform	prelude:guide-context	PRELUDE-NEEDED	-	-	-	-	-	-	-	-	snippet-7d7de82ac9ad6e4a	a69fcb96245c9ae02123094d6d980fbff59c0fe51c8f8f91ebca424778e3ff75
part-03-context-profiles-agentic/references/02-dynamic-profiles-and-session-state.md	2378	135-️-the-composition-rule--and-why-apples-own-examples-never-fire	prelude:guide-context	PRELUDE-NEEDED	-	-	-	-	-	-	-	-	snippet-ab3512fa78096cc3	cad365621afe6790207c703dfd23a3c49641106b154acbe7431c61e576f27f72
part-03-context-profiles-agentic/references/02-dynamic-profiles-and-session-state.md	2458	142-the-type-is-a-struct-with-static-members-not-an-enum	prelude:guide-context	PRELUDE-NEEDED	-	-	-	-	-	-	-	-	snippet-1ade1a7046761252	0643732ef1a1fddb07b30073f13a1275dfb424deb388ed15a03b2a6ac19ac1ab
part-03-context-profiles-agentic/references/02-dynamic-profiles-and-session-state.md	2536	145-a-safe-repair-helper	compile:27	VERIFIED	top	-	pass	-	-	-	-	-	snippet-454ef30b903e6d1d	e4acded077975bc6757930f0ce50adad9bc936580821d6ac0a9a19fcab5e082a
part-03-context-profiles-agentic/references/02-dynamic-profiles-and-session-state.md	2576	145-a-safe-repair-helper	compile:27 imports:FoundationModels	VERIFIED	top	-	pass	-	-	-	-	-	snippet-f7b8d01224bece7a	5905efc496abb71cccf84c9b8045a4a3f836df7b4ba8485271e0a88ee0192111
part-03-context-profiles-agentic/references/02-dynamic-profiles-and-session-state.md	2632	151-the-state-machine	prelude:guide-context	PRELUDE-NEEDED	-	-	-	-	-	-	-	-	snippet-7c1dc0109300fcf9	1759d77acac7f9b40110640a6798aa1c2484957ee6b3ad825fab57b5d3aa2148
part-03-context-profiles-agentic/references/02-dynamic-profiles-and-session-state.md	2680	152-session-properties	compile:27	VERIFIED	top	-	pass	-	-	-	-	-	snippet-2bd237fc9b822a3a	daa0ef79638a9d6fe51eadd78204e53c79d9ba2d74b4f1b79ffe3ad053346240
part-03-context-profiles-agentic/references/02-dynamic-profiles-and-session-state.md	2699	153-reusable-instruction-components	prelude:guide-context	PRELUDE-NEEDED	-	-	-	-	-	-	-	-	snippet-5b644875ad0f2e7a	a57cbb6d77b22b5512ea4cd7636fc95e4124838dc7fac601cdc028b0d0fb99ac
part-03-context-profiles-agentic/references/02-dynamic-profiles-and-session-state.md	2774	154-the-profile	illustrative	ILLUSTRATIVE	-	-	-	-	-	-	-	-	snippet-006bc0e6b33eb4e9	8afb114c6d44d1856d50a7d20a0d913fb19ea8a3a60c342f38b3fbd66b1b852e
part-03-context-profiles-agentic/references/02-dynamic-profiles-and-session-state.md	2841	155-the-custom-modifier	compile:27	VERIFIED	top	-	pass	-	-	-	-	-	snippet-41db29cbe731e4a5	447211fa7ebfa047f8443dc2bb377e37ed4f9457d98fd69540f55070421d281c
part-03-context-profiles-agentic/references/02-dynamic-profiles-and-session-state.md	2877	156-a-tool-that-moves-the-state-machine	prelude:guide-context	PRELUDE-NEEDED	-	-	-	-	-	-	-	-	snippet-6e78ba7045efa619	6eb27024b959e6475af9c67ee0caaf086b0ea7175c36060cf50d4ae1d6e0d909
part-03-context-profiles-agentic/references/02-dynamic-profiles-and-session-state.md	2906	157-wiring-it-up	prelude:guide-context	PRELUDE-NEEDED	-	-	-	-	-	-	-	-	snippet-d8bb205e5b82a61e	1eb50c008d205664a9dc25a28bbd9587f85273135da13db0f98d01a09208429e
part-03-context-profiles-agentic/references/03-skills-and-history-modifiers.md	165	11-the-dependency-line-in-the-readme-does-not-work	illustrative	ILLUSTRATIVE	-	-	-	-	-	-	-	-	snippet-bfc04f1b783d6d89	16bc7329ca3ed9b5cbedc9e237b3fa7c32058ee66544e312c52532181d7fe90a
part-03-context-profiles-agentic/references/03-skills-and-history-modifiers.md	189	11-the-dependency-line-in-the-readme-does-not-work	prelude:guide-context	PRELUDE-NEEDED	-	-	-	-	-	-	-	-	snippet-d1a7e6202d274e55	c7925dd720ebcbdb33a0ecb62b88265242f87b052879ccb270e20372612e2af8
part-03-context-profiles-agentic/references/03-skills-and-history-modifiers.md	363	31-droppingcompletedtoolcalls--evict-everything-but-the-live-exchange	prelude:guide-context	PRELUDE-NEEDED	-	-	-	-	-	-	-	-	snippet-b1b765613c3cade9	bd58122fa7beba45a14176a921b118d7a78b4b76dae277d41dce127019714a61
part-03-context-profiles-agentic/references/03-skills-and-history-modifiers.md	420	32-rollingwindowentries--suffixn-and-nothing-more	prelude:guide-context	PRELUDE-NEEDED	-	-	-	-	-	-	-	-	snippet-d433cc47adc21482	ba67c73bc6d25ef782051899169b23fdf016d8a62cc029a14c53c23c07793afe
part-03-context-profiles-agentic/references/03-skills-and-history-modifiers.md	440	33-summarizehistory--the-nuclear-option	prelude:guide-context	PRELUDE-NEEDED	-	-	-	-	-	-	-	-	snippet-75be318c2072852e	452ddeefe2fda3991f03862cabeab12afcf73dd8fa9e3f46dcee91089aa8f49b
part-03-context-profiles-agentic/references/03-skills-and-history-modifiers.md	572	34-the-model-you-pass-matters-more-than-it-looks	prelude:guide-context	PRELUDE-NEEDED	-	-	-	-	-	-	-	-	snippet-8f4cbe426b5fb5b3	805a56149b4b07881d0d862a0ddf2b068d490e670420d6377cfd0a4ddb0a9442
part-03-context-profiles-agentic/references/03-skills-and-history-modifiers.md	688	5-️-every-composed-example-in-the-repository-is-inert	prelude:guide-context	PRELUDE-NEEDED	-	-	-	-	-	-	-	-	snippet-23f81483b3d85e3e	fb4ffb687166b0816675d0249196cf790a5323178f19ed15649156ab35cbca47
part-03-context-profiles-agentic/references/03-skills-and-history-modifiers.md	729	the-correct-relationship	prelude:guide-context	PRELUDE-NEEDED	-	-	-	-	-	-	-	-	snippet-f80e38cd24342eef	6b4539ccaa5ee4b33d1bfd78fd83a82733a7c41f0010519e747fc82118e018aa
part-03-context-profiles-agentic/references/03-skills-and-history-modifiers.md	748	or-dont-compose-them-at-all	prelude:guide-context	PRELUDE-NEEDED	-	-	-	-	-	-	-	-	snippet-2d5e0d65419858a4	124efedba4c4d040988ee3a2d7ff304ccea4a699e3e035f890a8d131f19941d2
part-03-context-profiles-agentic/references/03-skills-and-history-modifiers.md	1021	the-conflict-stated-plainly	prelude:guide-context	PRELUDE-NEEDED	-	-	-	-	-	-	-	-	snippet-1fc99decbfd68345	390950006de73e33a1ad08c90794e1f7c140714746d7fa1ba4d69d4c901d6fa8
part-03-context-profiles-agentic/references/03-skills-and-history-modifiers.md	1051	the-conflict-stated-plainly	prelude:guide-context	PRELUDE-NEEDED	-	-	-	-	-	-	-	-	snippet-2cd245d030e1db5e	a71090f57aa0879518f89687a24642ea99f5d46b28a108d58c98c3dcf64e2497
part-03-context-profiles-agentic/references/03-skills-and-history-modifiers.md	1089	9-writing-your-own-history-modifier	compile:27	VERIFIED	top	-	pass	-	-	-	-	-	snippet-be8e66575b036a84	0e28e6c704fcb58533da436ad7550972ecdc69218ec62275fc2f93a4f4cb9eb8
part-03-context-profiles-agentic/references/03-skills-and-history-modifiers.md	1323	111-skill--two-storages-behind-one-type	illustrative	ILLUSTRATIVE	-	-	-	-	-	-	-	-	snippet-ad78181f912f060c	70ba15c515811786795eb4894b80f70517ac197543e275f950712af306f1ca16
part-03-context-profiles-agentic/references/03-skills-and-history-modifiers.md	1351	111-skill--two-storages-behind-one-type	compile:27 imports:FoundationModels	VERIFIED	top	-	pass	-	-	-	-	-	snippet-5ecee173837b1143	7148ce8484be0d360140e743af97f84391ccd28d12724df63cb6607df64e526b
part-03-context-profiles-agentic/references/03-skills-and-history-modifiers.md	1388	112-the-four-skill-initializers	illustrative	ILLUSTRATIVE	-	-	-	-	-	-	-	-	snippet-326b33036d2d0903	f31bff2f73b5e4a7bc218c55c3e61cc3328adcae3c959e0d395839861053b177
part-03-context-profiles-agentic/references/03-skills-and-history-modifiers.md	1440	113-skills--a-dynamicinstructions-you-put-in-a-profile	illustrative	ILLUSTRATIVE	-	-	-	-	-	-	-	-	snippet-98b0c2552782adf7	133cf2abcc3f914260c0ffac2dace4aa44754dd4c0e6a74254882483e958417a
part-03-context-profiles-agentic/references/03-skills-and-history-modifiers.md	1454	113-skills--a-dynamicinstructions-you-put-in-a-profile	illustrative	ILLUSTRATIVE	-	-	-	-	-	-	-	-	snippet-a7929b328cd12432	5e65738756a3c1d249617642f92c1d24f84621c87e434d26a7558530c9edc501
part-03-context-profiles-agentic/references/03-skills-and-history-modifiers.md	1490	114-skillsbuilder--six-methods-and-one-if-you-cannot-write	prelude:guide-context	PRELUDE-NEEDED	-	-	-	-	-	-	-	-	snippet-19f840dff1cfc770	02b24d99946a5271f68426bed53007edd3be3b8f7edd414e5d19c2bf96707fe4
part-03-context-profiles-agentic/references/03-skills-and-history-modifiers.md	1511	114-skillsbuilder--six-methods-and-one-if-you-cannot-write	illustrative	ILLUSTRATIVE	-	-	-	-	-	-	-	-	snippet-568faa064c72f68f	d6a09c4f46c6fef800eb9c2abb88fd30e74e29b8c4bd9ea2189c2b1d4a7f84dc
part-03-context-profiles-agentic/references/03-skills-and-history-modifiers.md	1844	14-the-synthesized-tool-naming-schema-descriptions-and-an-inverted-verb	prelude:guide-context	PRELUDE-NEEDED	-	-	-	-	-	-	-	-	snippet-4a78e9205ba366c7	878077d2a51711f1f37a09f8e5452a41eced0a5ffde073e21a3797c989df1e84
part-03-context-profiles-agentic/references/03-skills-and-history-modifiers.md	1948	143-defer--oncallskill---why-the-verb-reads-backwards	illustrative	ILLUSTRATIVE	-	-	-	-	-	-	-	-	snippet-25d257158db51b03	22766160bf437a8a609f5056cadd4fe9d6ae32e55ebf10ca924f9cb5bdcf34b4
part-03-context-profiles-agentic/references/03-skills-and-history-modifiers.md	1975	143-defer--oncallskill---why-the-verb-reads-backwards	prelude:guide-context	PRELUDE-NEEDED	-	-	-	-	-	-	-	-	snippet-cec1014678d0d443	4e992c0fe16ad2d272592b603aa7b782e8a5ad46056bfbb26b0a91a3d478febf
part-03-context-profiles-agentic/references/03-skills-and-history-modifiers.md	1994	143-defer--oncallskill---why-the-verb-reads-backwards	illustrative	ILLUSTRATIVE	-	-	-	-	-	-	-	-	snippet-1fa5a9ffd58b2a4b	99809a52dc0dad9cad952e2ce83e30d615be55fe2e20ad1e7355e4d7ede85bdf
part-03-context-profiles-agentic/references/03-skills-and-history-modifiers.md	2111	151-the-complete-type	prelude:guide-context	PRELUDE-NEEDED	-	-	-	-	-	-	-	-	snippet-f45a168229b150e4	a61400fb3c9828d7089b10a2fb9b3fdddb087debc6f711bf1c6f041985b981db
part-03-context-profiles-agentic/references/03-skills-and-history-modifiers.md	2292	16-skills-that-carry-tools	prelude:guide-context	PRELUDE-NEEDED	-	-	-	-	-	-	-	-	snippet-f24dcf88fa1b1b5a	6d12eb4d800f2fc3324cab55bcdf52941646a4145563667c51aa5c436d24c485
part-03-context-profiles-agentic/references/03-skills-and-history-modifiers.md	2384	17-choosing-prompt-skill-instructions-skill-or-neither	illustrative	ILLUSTRATIVE	-	-	-	-	-	-	-	-	snippet-22cf3289100ea467	f704da1a8d2a014c89aaa5675ce87bacaa74bc7c7cec95428cacb4c9bcd9f9a9
part-03-context-profiles-agentic/references/03-skills-and-history-modifiers.md	2424	18-a-complete-worked-example	prelude:external-module	PRELUDE-NEEDED	-	-	-	-	-	-	-	-	snippet-814de488dd71a34a	83c32ce0c98c0b42d2d98aae13f056fd8a6921c0579fff07e62eb10a96a4c9f3
part-03-context-profiles-agentic/references/03-skills-and-history-modifiers.md	2782	213-copy-paste-starters	prelude:guide-context	PRELUDE-NEEDED	-	-	-	-	-	-	-	-	snippet-e17e835289940ef7	a4f2480d27e8f8ba5e97407aec7ceeb98249b8b25195fdb47822cd7cf012f070
part-03-context-profiles-agentic/references/03-skills-and-history-modifiers.md	2787	213-copy-paste-starters	prelude:guide-context	PRELUDE-NEEDED	-	-	-	-	-	-	-	-	snippet-1b5468e4efbb4238	ea599769b50ecbe7ad26dc3de104cc8916b69185bc5ffa2efe753daf6a34391a
part-03-context-profiles-agentic/references/03-skills-and-history-modifiers.md	2794	213-copy-paste-starters	prelude:guide-context	PRELUDE-NEEDED	-	-	-	-	-	-	-	-	snippet-8770c87a17ba0c28	9f679e85f9cf68b0b8a9a11d449505d13bc9fdb4566321a52b17739a7bdbd1ec
part-03-context-profiles-agentic/references/03-skills-and-history-modifiers.md	2799	213-copy-paste-starters	prelude:guide-context	PRELUDE-NEEDED	-	-	-	-	-	-	-	-	snippet-0cb55910727f6564	558bf6e403c2dcef02ef54e1e0e215867bbfb1e44fb5f171001c2b855bd33456
part-03-context-profiles-agentic/references/03-skills-and-history-modifiers.md	2808	213-copy-paste-starters	prelude:guide-context	PRELUDE-NEEDED	-	-	-	-	-	-	-	-	snippet-13b275362fdbbd05	5cbbbbe99453b1e321aaa0d73f99409023eb1ea21c835444d1c0ae49fa240492
part-03-context-profiles-agentic/references/04-agentic-orchestration.md	214	23-what-apples-shipping-code-actually-does	prelude:guide-context	PRELUDE-NEEDED	-	-	-	-	-	-	-	-	snippet-ce755f56cc0b786b	11e662ed69a810bd75753a36355a7372082f76eb976beb2492ab08b30fd6d0fc
part-03-context-profiles-agentic/references/04-agentic-orchestration.md	350	24-the-tool-that-passes-the-baton	compile:27	VERIFIED	top	-	pass	-	-	-	-	-	snippet-731456df4e1e6f41	021c5613f5c4e8c0e6d398ab673da67c930c9cdf785a01bb6cbc44165dab9a49
part-03-context-profiles-agentic/references/04-agentic-orchestration.md	401	24-the-tool-that-passes-the-baton	prelude:guide-context	PRELUDE-NEEDED	-	-	-	-	-	-	-	-	snippet-15d70cdf7acf4de7	2f1f98bb1e3e7ba1e12143d63fca51bb224a9921049146a805dc83323ab012fc
part-03-context-profiles-agentic/references/04-agentic-orchestration.md	585	27-️-silent-failure--the-baton-tool-you-named-but-never-registered	prelude:guide-context	PRELUDE-NEEDED	-	-	-	-	-	-	-	-	snippet-dd2db2284c8b83be	25058bd6d7337a656c559a0508f68a955f5edb5f26b18a775f460b2144cf4b6b
part-03-context-profiles-agentic/references/04-agentic-orchestration.md	600	27-️-silent-failure--the-baton-tool-you-named-but-never-registered	prelude:guide-context	PRELUDE-NEEDED	-	-	-	-	-	-	-	-	snippet-a81eed88e549953e	c7620dfe1546add88d3a2787bd81aacf1dc1399fb9f4aff19f3ff4330fc78ea9
part-03-context-profiles-agentic/references/04-agentic-orchestration.md	607	27-️-silent-failure--the-baton-tool-you-named-but-never-registered	prelude:guide-context	PRELUDE-NEEDED	-	-	-	-	-	-	-	-	snippet-6344add74c52c3c3	a524d4b7b61709d0ea30b3e91925531dfad4adaf94fc8758ae55af78c234967b
part-03-context-profiles-agentic/references/04-agentic-orchestration.md	654	28-passing-the-baton-to-a-different-model	compile:27 imports:FoundationModels	VERIFIED	top	-	pass	-	-	-	-	-	snippet-b7f5fa10f6f987e8	665cb0de33a46b36b3afdd11d8362c62cfb4e4dacd282469db7d6ca721c1d76d
part-03-context-profiles-agentic/references/04-agentic-orchestration.md	725	32-the-code	compile:27	VERIFIED	top	-	pass	-	-	-	-	-	snippet-07a3ed058356fbe0	4208bd3c5e7f9c98735daa2f9877075a7da73de1294ab9f1805ed7fd529fa55a
part-03-context-profiles-agentic/references/04-agentic-orchestration.md	821	34-a-child-session-with-its-own-profile	prelude:guide-context	PRELUDE-NEEDED	-	-	-	-	-	-	-	-	snippet-9117fff42ba00fc9	7c2ce7062091857e22488545888c3922080d75f533b20d9a5e4738c5e56d5589
part-03-context-profiles-agentic/references/04-agentic-orchestration.md	865	35-the-closest-thing-apple-actually-ships	prelude:guide-context	PRELUDE-NEEDED	-	-	-	-	-	-	-	-	snippet-e8939ebe2c350127	68415df032361bac10f93a82082b15a783f0af6f7cd08c09e411da77267977d9
part-03-context-profiles-agentic/references/04-agentic-orchestration.md	946	36-️-silent-failure--the-consultation-that-quietly-returns-nonsense	prelude:guide-context	PRELUDE-NEEDED	-	-	-	-	-	-	-	-	snippet-9232b605ac28fcf2	cb84a4b4d91ef4364ce84f308ae01da3b1e127f60bb7da70ce5778422171006c
part-03-context-profiles-agentic/references/04-agentic-orchestration.md	1050	43-they-compose-and-the-composition-is-the-common-case	prelude:guide-context	PRELUDE-NEEDED	-	-	-	-	-	-	-	-	snippet-09b487aa28231d3c	c2029acc708ee1d65a3a6d576677b685ad88f5aadfe86907d2d18ba234e31127
part-03-context-profiles-agentic/references/04-agentic-orchestration.md	1200	52-two-places-to-set-it-one-precedence-rule	prelude:guide-context	PRELUDE-NEEDED	-	-	-	-	-	-	-	-	snippet-c9b5c197799ce45e	03d2a81d6745be80b6e43a455e9d0736d7fbd0bb13c3cfbefedd2e0ce41adaeb
part-03-context-profiles-agentic/references/04-agentic-orchestration.md	1337	61-exit-a--conditionalise-the-mode-on-a-variable-the-loop-moves	prelude:guide-context	PRELUDE-NEEDED	-	-	-	-	-	-	-	-	snippet-ecd544902251579b	2a680f9b195b115d6f34f22e80e0cb131b09daaea73349a349ca62881ed1e3a8
part-03-context-profiles-agentic/references/04-agentic-orchestration.md	1361	61-exit-a--conditionalise-the-mode-on-a-variable-the-loop-moves	prelude:guide-context	PRELUDE-NEEDED	-	-	-	-	-	-	-	-	snippet-c58b35cf031f2434	8f8c782beef8728d9a9d28c96982481c54ea0459a994ea65c7b386fc23e6dd0f
part-03-context-profiles-agentic/references/04-agentic-orchestration.md	1384	61-exit-a--conditionalise-the-mode-on-a-variable-the-loop-moves	illustrative	ILLUSTRATIVE	-	-	-	-	-	-	-	-	snippet-24b1025d00812178	23a88601c5a2a1417c8d06750d7d44b23321ac872b78fa70c48018b772959794
part-03-context-profiles-agentic/references/04-agentic-orchestration.md	1420	61-exit-a--conditionalise-the-mode-on-a-variable-the-loop-moves	compile:27 imports:FoundationModels	VERIFIED	top	-	pass	-	-	-	-	-	snippet-1665d8c656c0ee65	f335470a8953606ded6db7e6fa00eb92cc9a2baacd22440ed707ad20579f9a29
part-03-context-profiles-agentic/references/04-agentic-orchestration.md	1430	61-exit-a--conditionalise-the-mode-on-a-variable-the-loop-moves	prelude:guide-context	PRELUDE-NEEDED	-	-	-	-	-	-	-	-	snippet-5987b9ccfe83ce5d	a16852db0fbe1e14b207d2b40e42cbc7f94e621fca34d28d4a126d824f19410c
part-03-context-profiles-agentic/references/04-agentic-orchestration.md	1472	62-exit-b--a-final-answer-tool-that-throws	compile:27	VERIFIED	top	-	pass	-	-	-	-	-	snippet-30da0415f3d0f7ee	e96ffb2863e7c6c9b3518926e08686abcdf1463709f6cbdc346c07736200ece9
part-03-context-profiles-agentic/references/04-agentic-orchestration.md	1501	62-exit-b--a-final-answer-tool-that-throws	prelude:guide-context	PRELUDE-NEEDED	-	-	-	-	-	-	-	-	snippet-1092a93bae4ff1c8	b32c1030e4988400d35ac3d47a799978b7123e806fc43cf0934be3c70c0749c7
part-03-context-profiles-agentic/references/04-agentic-orchestration.md	1562	63-the-transcript-consequence-of-exit-b	prelude:guide-context	PRELUDE-NEEDED	-	-	-	-	-	-	-	-	snippet-7573ff67a7f43d1c	1e45a32feaecafb0e7f5c3c941494e217dbe34e057d62144975944efb66a646f
part-03-context-profiles-agentic/references/04-agentic-orchestration.md	1597	63-the-transcript-consequence-of-exit-b	prelude:guide-context	PRELUDE-NEEDED	-	-	-	-	-	-	-	-	snippet-6c3ce1a006c493dc	bba7657b65f8eb5bd79265d92dce7b206d9acfe5c19436585c6ee89d7e82962a
part-03-context-profiles-agentic/references/04-agentic-orchestration.md	1620	64-compose-both-and-add-a-fuse	prelude:guide-context	PRELUDE-NEEDED	-	-	-	-	-	-	-	-	snippet-72504eb34eb19ebd	9152d2c5b91b6e508d05b549ce391569c465f633b4bcb4a75886b4159b589a73
part-03-context-profiles-agentic/references/04-agentic-orchestration.md	1717	71-the-tool	prelude:guide-context	PRELUDE-NEEDED	-	-	-	-	-	-	-	-	snippet-86c1ca38386f0bb8	d560c758509d234c45e92763ef2ce0b8621864a809ff488d3609e307d314257f
part-03-context-profiles-agentic/references/04-agentic-orchestration.md	1768	71-the-tool	illustrative	ILLUSTRATIVE	-	-	-	-	-	-	-	-	snippet-9eca8e1c3b81546f	1a24e69b5ab26e02675c9f6ac92788c60a916d695b4f9167a25bebd5d69c118f
part-03-context-profiles-agentic/references/04-agentic-orchestration.md	1805	72-the-proposal	prelude:guide-context	PRELUDE-NEEDED	-	-	-	-	-	-	-	-	snippet-1cd28dcd89605d3c	05c58ed04811fd34b89447d0503c272d3d3c15a86b020f70656f2157be710449
part-03-context-profiles-agentic/references/04-agentic-orchestration.md	1823	73-the-ui-branch	prelude:guide-context	PRELUDE-NEEDED	-	-	-	-	-	-	-	-	snippet-4b279aed845a3c63	36ad9167ac610f878a475b5fa57f73e35d4395485fb56a2d11053f561ba8cea2
part-03-context-profiles-agentic/references/04-agentic-orchestration.md	1839	73-the-ui-branch	prelude:guide-context	PRELUDE-NEEDED	-	-	-	-	-	-	-	-	snippet-248429c9bb0d155b	3c3f8844afe801035062a7c4b8f2f96b99174521accd605993f04f13c5fdf4bd
part-03-context-profiles-agentic/references/04-agentic-orchestration.md	1865	74-yes--the-synthesized-follow-up-turn	prelude:guide-context	PRELUDE-NEEDED	-	-	-	-	-	-	-	-	snippet-3c0c365775d768d6	23a8f3de77847abe4595c76b5409f5d048a5cf02b158e4501c9876f39b7c4e4a
part-03-context-profiles-agentic/references/04-agentic-orchestration.md	1973	75-no--the-decline-is-also-a-turn	prelude:guide-context	PRELUDE-NEEDED	-	-	-	-	-	-	-	-	snippet-6053ab4c52bcef7f	2c176781f4971b8645edf2338d6f65129cc8acf9b27f92f83a408ae1a403fab6
part-03-context-profiles-agentic/references/04-agentic-orchestration.md	2061	77-️-silent-failure--the-consent-nobody-answers	prelude:guide-context	PRELUDE-NEEDED	-	-	-	-	-	-	-	-	snippet-ee718bc1486d6ba3	befe751f25f3fb349febf1c42580932393541416c33be1d674e6b12107e6fae9
part-03-context-profiles-agentic/references/04-agentic-orchestration.md	2070	77-️-silent-failure--the-consent-nobody-answers	prelude:guide-context	PRELUDE-NEEDED	-	-	-	-	-	-	-	-	snippet-71f98ea14fcef184	a06c876b0c41f87316cafb4152024a9205cc6e826d604899c98983555ec911fb
part-03-context-profiles-agentic/references/04-agentic-orchestration.md	2081	77-️-silent-failure--the-consent-nobody-answers	illustrative	ILLUSTRATIVE	-	-	-	-	-	-	-	-	snippet-823bd8c3639e4957	05c6c436e770c8f833afdb07b75ef73204f0b1ae1d737d7c32e70055eaca4e79
part-03-context-profiles-agentic/references/04-agentic-orchestration.md	2430	86-pccs-operational-gates	prelude:guide-context	PRELUDE-NEEDED	-	-	-	-	-	-	-	-	snippet-0d2dbc7b303bf4e1	17f5a1e29b841684d639784327ab15459f2df89a9795f77bbad8b702b1010ea4
part-03-context-profiles-agentic/references/04-agentic-orchestration.md	2689	102-the-api-as-it-actually-compiles	illustrative	ILLUSTRATIVE	-	-	-	-	-	-	-	-	snippet-08566ad966e1ff06	8b8791861a2337230cab1bcef2a62a582d49272d4e7b5643c7a89c2970c99661
part-03-context-profiles-agentic/references/04-agentic-orchestration.md	2747	102-the-api-as-it-actually-compiles	illustrative	ILLUSTRATIVE	-	-	-	-	-	-	-	-	snippet-6a82e895b26a3fb0	f76242a0ea012aaa5fec053d74e472b74dcc904454d494be87b630440359b767
part-03-context-profiles-agentic/references/04-agentic-orchestration.md	2797	103-evaluating-a-handoff	prelude:guide-context	PRELUDE-NEEDED	-	-	-	-	-	-	-	-	snippet-69df6aabb3b6d33c	c5b7b53d581736e2b774b1d12095b9d4230d3216f5ce9ee2de613a411c050c13
part-04-beyond-the-built-in-model/references/01-private-cloud-compute.md	496	33-contextsize-and-the-version-trap-inside-it	compile:27	VERIFIED	top	-	pass	-	-	-	-	-	snippet-4ef57736e9f86b9b	1896ea8cd53ba638098d992552a7b7158a6b59af26dbd0cf8c5e0e08709853a2
part-04-beyond-the-built-in-model/references/01-private-cloud-compute.md	628	41-the-claim	xfail:26 compile:27	MIGRATION-PROVEN	mixed	xfail-pass	pass	-	-	-	-	-	snippet-bb710c8cec2c82af	43a26489e4c1f98b4c4d10e0f2c13822bcaf8b0e7d4f62995c26b9996a4ec970
part-04-beyond-the-built-in-model/references/01-private-cloud-compute.md	717	44-where-the-model-belongs-in-your-code	prelude:guide-context	PRELUDE-NEEDED	-	-	-	-	-	-	-	-	snippet-d707fdbd2a407f50	b54ccfb0c10c00e9ffb2eb11394adb046f2071b4bd0871b582c8c9a7e002fa21
part-04-beyond-the-built-in-model/references/01-private-cloud-compute.md	1183	64-️-silent-failure--reasoning-spends-your-context-invisibly	compile:27	VERIFIED	top	-	pass	-	-	-	-	-	snippet-809de79fc3631e1d	b71c5dc79b51879322fd75e00cd0b7062fd250368dd03c9f985957791befcfcd
part-04-beyond-the-built-in-model/references/01-private-cloud-compute.md	1267	65-the-reasoning-segment-and-using-it-for-progress-ui	illustrative	ILLUSTRATIVE	-	-	-	-	-	-	-	-	snippet-8f3437582078f7b6	c2ed5e7ae057b726eeef72bc235b34fbdd69291b55d32307dd284feff5007b49
part-04-beyond-the-built-in-model/references/01-private-cloud-compute.md	1566	74-a-complete-implementation	compile:27	VERIFIED	top	-	pass	-	-	-	-	-	snippet-279f996b280e6840	4fbacf029ff8868104f068e6ef154b9888201cc1d4fe269c4660a3b2cd921e47
part-04-beyond-the-built-in-model/references/01-private-cloud-compute.md	1790	76-️-you-cannot-build-a-usage-meter	prelude:guide-context	PRELUDE-NEEDED	-	-	-	-	-	-	-	-	snippet-a1f11efb72a6125b	b47228cd82eb1570afea5e2d7be5a5cab1c576ab21985d0e01064d6a3b8ed0dc
part-04-beyond-the-built-in-model/references/01-private-cloud-compute.md	1976	92-the-full-catch-ladder	prelude:guide-context	PRELUDE-NEEDED	-	-	-	-	-	-	-	-	snippet-a30a2fdb1bb236bd	7cb60aead8e656ddfdfb5984de6fda2966d351be4f38e1c09fc29e7c20425299
part-04-beyond-the-built-in-model/references/01-private-cloud-compute.md	2379	124-the-architecture-the-community-converged-on	prelude:guide-context	PRELUDE-NEEDED	-	-	-	-	-	-	-	-	snippet-62c0c7e2a3e7934c	16847965ead18183164c86b16338395155d9296499f2571a74a76f70085c124c
part-04-beyond-the-built-in-model/references/01-private-cloud-compute.md	2421	131--image-input-is-supported-operating-limits-remain-open	prelude:guide-context	PRELUDE-NEEDED	-	-	-	-	-	-	-	-	snippet-15cbf62b2a3d3bb1	9c5c92984dc7b781aad4ce46cf90c248a57743449b06668ab9dcefb627f64ff1
part-04-beyond-the-built-in-model/references/01-private-cloud-compute.md	2499	142-api-surface	illustrative	ILLUSTRATIVE	-	-	-	-	-	-	-	-	snippet-f9f72b2e3fb1a261	0736c559e0fb94fef054dad0f82be3908578818a49bb877a4c526c9ecbb2984c
part-04-beyond-the-built-in-model/references/02-bring-your-own-model.md	119	1-what-behind-the-session-actually-means	illustrative	ILLUSTRATIVE	-	-	-	-	-	-	-	-	snippet-a730f9c64b2993f3	283af7e642193fa773aa0044cf385d12c06678bcb541be419104e3628e1518af
part-04-beyond-the-built-in-model/references/02-bring-your-own-model.md	248	21-adding-the-package-and-the-dependency-line-that-resolves-to-nothing	prelude:external-module	PRELUDE-NEEDED	-	-	-	-	-	-	-	-	snippet-8a41d1ff70694dbd	bcfb9c7459c651e6c2eb0875e22f4b22e7114faabc19d2472486b456ea466aca
part-04-beyond-the-built-in-model/references/02-bring-your-own-model.md	339	23-pointing-it-at-a-local-server	prelude:external-module	PRELUDE-NEEDED	-	-	-	-	-	-	-	-	snippet-4384640abd001586	8f608f1a5fbc2797289c6e5b7bed7523fc27d02a0a8dad221bb2f3f3a7725f34
part-04-beyond-the-built-in-model/references/02-bring-your-own-model.md	543	25-supportsguidedgeneration-is-a-promise-you-are-making-for-the-server	prelude:external-module	PRELUDE-NEEDED	-	-	-	-	-	-	-	-	snippet-21f742769f2d7bc9	d6d7c63854e0db49a1094f953f35bafa4f9fb2afc6f302a2a07cbc4262f4ef5b
part-04-beyond-the-built-in-model/references/02-bring-your-own-model.md	726	27-the-errors-you-will-actually-see	prelude:external-module	PRELUDE-NEEDED	-	-	-	-	-	-	-	-	snippet-f5abea5d505d8472	79a6c13176f52d5f2da62e106819fdfab9f0217f83e7d517838e0ffb99a52c73
part-04-beyond-the-built-in-model/references/02-bring-your-own-model.md	773	28-transport-timeouts-and-the-executor-cache-wrinkle	prelude:guide-context	PRELUDE-NEEDED	-	-	-	-	-	-	-	-	snippet-d71f681f39a1aef1	655807eceaf615bcc1cab5cdebcb96cff73cb8286481cc34cff10b21f7a70624
part-04-beyond-the-built-in-model/references/02-bring-your-own-model.md	939	32-️-the-double-gate-and-the-empty-library	illustrative	ILLUSTRATIVE	-	-	-	-	-	-	-	-	snippet-2a7ec9e29133f608	faa24758fe7c5ff54916e33e4f8371c84da2324dcefe10195110742e978ef01b
part-04-beyond-the-built-in-model/references/02-bring-your-own-model.md	998	33-a-consumer-packageswift-that-works	illustrative	ILLUSTRATIVE	-	-	-	-	-	-	-	-	snippet-a2ec1727fa042a84	a12c5560ced97db5f2d60790753703b105f14ee285ff5a4a90ef249aa057cacf
part-04-beyond-the-built-in-model/references/02-bring-your-own-model.md	1080	34-the-macro-path-huggingfacelanguagemodel	prelude:external-module	PRELUDE-NEEDED	-	-	-	-	-	-	-	-	snippet-50324ff83290e059	1b9959fd13922d4900217634c6f22164f92b087cb4783eb7bcfd75eb7275443e
part-04-beyond-the-built-in-model/references/02-bring-your-own-model.md	1209	36-capabilities-is-routing-not-documentation	prelude:guide-context	PRELUDE-NEEDED	-	-	-	-	-	-	-	-	snippet-3f21cf63903fd828	7dd991d90f744a6f00eec853b7fcfe4084d54fc7a8eee8a5c22e7551a6fff746
part-04-beyond-the-built-in-model/references/02-bring-your-own-model.md	1217	36-capabilities-is-routing-not-documentation	prelude:guide-context	PRELUDE-NEEDED	-	-	-	-	-	-	-	-	snippet-8485d61dc629e26d	1dd6346d929ffcefeb59dfd0eaeb856ee29f25504caa3caa45d61f1b663e4ea6
part-04-beyond-the-built-in-model/references/02-bring-your-own-model.md	1312	38-weights-caching-eviction-and-warm-up	prelude:guide-context	PRELUDE-NEEDED	-	-	-	-	-	-	-	-	snippet-c1dd93c0463cb1a3	b2e335d9f5cba757aa4f5dd6ee88bdc6310eb0b500159c2b11ffcfb45aac1ae7
part-04-beyond-the-built-in-model/references/02-bring-your-own-model.md	1769	55-what-to-do-about-it	prelude:guide-context	PRELUDE-NEEDED	-	-	-	-	-	-	-	-	snippet-f2e38a218d048a73	fb799e34115913ae1809a43a31c6fdd2353aeffeb945f0c1f6a0d01d294b2992
part-04-beyond-the-built-in-model/references/02-bring-your-own-model.md	1847	62-under-declaring-is-the-safe-failure	compile:27	VERIFIED	top	-	pass	-	-	-	-	-	snippet-4c1f9a22b4204fc5	1826e40771d59282d8f9691e538f743e72d9f0a751884e5c364d4906236d991b
part-04-beyond-the-built-in-model/references/02-bring-your-own-model.md	2069	91-store-the-model-as-one-property	compile:27	VERIFIED	top	-	pass	-	-	-	-	-	snippet-01024a6d79c3442b	c0a2f3dd214e7e318e51b1855ffddb8f859771f95aed5e670087789a287d37a8
part-04-beyond-the-built-in-model/references/02-bring-your-own-model.md	2107	92-branch-on-capabilities-not-on-type	prelude:guide-context	PRELUDE-NEEDED	-	-	-	-	-	-	-	-	snippet-4e3f9fe4f0811f78	9ab6994a1ebc766054552ee9bd997033088a4f221752338b13a2073ef0e99c1a
part-04-beyond-the-built-in-model/references/02-bring-your-own-model.md	2143	93-the-split-backend-pattern	prelude:guide-context	PRELUDE-NEEDED	-	-	-	-	-	-	-	-	snippet-1613315ed7666ee6	8c3d098a29b3aa971463d1e517f3636c4ec5355c2d267ace2840055d7f2ea836
part-04-beyond-the-built-in-model/references/02-bring-your-own-model.md	2180	94-switching-backends-inside-one-conversation	prelude:guide-context	PRELUDE-NEEDED	-	-	-	-	-	-	-	-	snippet-5758dbd2fd6cb0e4	f80c8c9dc7d4d16461040412cd7ea7a2f6c0f8be7a70a55f6caa281f168cbfff
part-04-beyond-the-built-in-model/references/02-bring-your-own-model.md	2251	101-the-three-initializers	illustrative	ILLUSTRATIVE	-	-	-	-	-	-	-	-	snippet-8e7a76542b5035ad	5345b9f858511fc89f7bb2db568dac6c7b2bb2ea6db343d24adb2481e704072a
part-04-beyond-the-built-in-model/references/03-authoring-a-languagemodel-provider.md	22	what-this-covers	illustrative	ILLUSTRATIVE	-	-	-	-	-	-	-	-	snippet-a0145988ae5d0899	4bc3530e6ba642e826a2f9940a7adc49290e3199cc0ebc035524b6326d761f2f
part-04-beyond-the-built-in-model/references/03-authoring-a-languagemodel-provider.md	139	1-what-you-are-actually-building	illustrative	ILLUSTRATIVE	-	-	-	-	-	-	-	-	snippet-b4fcec68207d24f3	46a41f7dbb73d4f10149affec96b0b4125cb54ace6f912d938649a012ef398bd
part-04-beyond-the-built-in-model/references/03-authoring-a-languagemodel-provider.md	241	21-swiftpm-and-the-shape-apple-recommends	prelude:external-module	PRELUDE-NEEDED	-	-	-	-	-	-	-	-	snippet-54f0aaf69e4a5e32	95b83f45bb97a670cc105d5fe0c85e5a20a9cbd86971ad620518829fcb5de472
part-04-beyond-the-built-in-model/references/03-authoring-a-languagemodel-provider.md	348	22-should-you-support-linux	compile:27	VERIFIED	top	-	pass	-	-	-	-	-	snippet-429aeb94c0d1d54f	c60cb2eacd1d4218c996a0f7b06572a6aacfe0cd6391e2ce85d56e10b3584a45
part-04-beyond-the-built-in-model/references/03-authoring-a-languagemodel-provider.md	590	3-step-2--the-two-protocols-verbatim	illustrative	ILLUSTRATIVE	-	-	-	-	-	-	-	-	snippet-74df22aaa455cd56	9e1eecae1b1d4c995f368030caa4d6d3194aaaa5736616de0577661478fc6cf0
part-04-beyond-the-built-in-model/references/03-authoring-a-languagemodel-provider.md	749	32-configuration-is-a-cache-key-and-that-is-a-design-constraint	compile:27	VERIFIED	top	-	pass	-	-	-	-	-	snippet-c0340c093927431d	eee95cbafe8d9a895e5dd919d409c3711fcfdbe62dd37c98995425e444738852
part-04-beyond-the-built-in-model/references/03-authoring-a-languagemodel-provider.md	793	34-initconfiguration-throws--and-the-non-throwing-witness	prelude:guide-context	PRELUDE-NEEDED	-	-	-	-	-	-	-	-	snippet-47369b58eb224e2c	97d4a2810438ca4b0657ad796f1f9af22b6d6b535aed46a219d2bbdd74ee9237
part-04-beyond-the-built-in-model/references/03-authoring-a-languagemodel-provider.md	919	4-the-minimum-viable-conformance--40-lines-apples-own	compile:27	VERIFIED	top	-	pass	-	-	-	-	-	snippet-9679bd8a89713d4f	b42984f603b77f01039a91ed7c78b8c5b97c6f898540ec8ff78b1919cb9de0be
part-04-beyond-the-built-in-model/references/03-authoring-a-languagemodel-provider.md	1052	5-capabilities-four-flags-that-route-requests	illustrative	ILLUSTRATIVE	-	-	-	-	-	-	-	-	snippet-431d498fada7105c	f465b7bbad931ed9b12ec9a83bb066b05f811390d7fedc975f436d19d7b7a79a
part-04-beyond-the-built-in-model/references/03-authoring-a-languagemodel-provider.md	1128	52-declare-them-conditionally-when-they-are-conditional	prelude:guide-context	PRELUDE-NEEDED	-	-	-	-	-	-	-	-	snippet-6abb438a8f23e449	b53f0e1b6b8db391140938ede59324dfcdfbdab02dc7bc4fae0f25ca0b174833
part-04-beyond-the-built-in-model/references/03-authoring-a-languagemodel-provider.md	1295	61-reading-the-enum-like-option-structs-the-kind-projection	prelude:guide-context	PRELUDE-NEEDED	-	-	-	-	-	-	-	-	snippet-da2647dbb253a1cb	99ac979b7922ca46e21196c7bf55d12c2c2c3411d769778569f3aec2a228d195
part-04-beyond-the-built-in-model/references/03-authoring-a-languagemodel-provider.md	1332	61-reading-the-enum-like-option-structs-the-kind-projection	illustrative	ILLUSTRATIVE	-	-	-	-	-	-	-	-	snippet-4563ad61021ec3b0	e74eadd60f9e173ff64dcde5ac2d2e311bf6e9bb51f144755e349176ddee44a2
part-04-beyond-the-built-in-model/references/03-authoring-a-languagemodel-provider.md	1360	62-generationschema-is-codable--do-not-hand-translate-json-schema	illustrative	ILLUSTRATIVE	-	-	-	-	-	-	-	-	snippet-fef6951142d9b0a2	848d7071fcf90a54e45f0e316f1c4259b74fd0489936ca6fd327276414884b1a
part-04-beyond-the-built-in-model/references/03-authoring-a-languagemodel-provider.md	1373	62-generationschema-is-codable--do-not-hand-translate-json-schema	illustrative	ILLUSTRATIVE	-	-	-	-	-	-	-	-	snippet-f5abd35586bb53df	eb762ae6b3536b987a215a61d7332178b91818ba630ed0767c7b75ac55dfbbba
part-04-beyond-the-built-in-model/references/03-authoring-a-languagemodel-provider.md	1557	83-worked-translator-1--chatcompletionslanguagemodel	prelude:guide-context	PRELUDE-NEEDED	-	-	-	-	-	-	-	-	snippet-01327c2737c3cb1d	3c5f78bd4f62191bcabb25006428999a834333739ad7daa3945061953f611b9a
part-04-beyond-the-built-in-model/references/03-authoring-a-languagemodel-provider.md	1673	83-worked-translator-1--chatcompletionslanguagemodel	illustrative	ILLUSTRATIVE	-	-	-	-	-	-	-	-	snippet-c743270a16f317d1	c7046b077a4c4a8d50195c1379d1e93cd7218824c0cb3ccdedd084c95783aa0b
part-04-beyond-the-built-in-model/references/03-authoring-a-languagemodel-provider.md	2017	92-the-complete-emission-skeleton	illustrative	ILLUSTRATIVE	-	-	-	-	-	-	-	-	snippet-ef4033a47f1baf9c	3b515a8059f24cd7088c3bd76a49f350f295633a9dfdbe5b2c669722a22890ed
part-04-beyond-the-built-in-model/references/03-authoring-a-languagemodel-provider.md	2210	95-two-smaller-channel-rules-both-from-apples-pitfall-list	illustrative	ILLUSTRATIVE	-	-	-	-	-	-	-	-	snippet-c458f65cc3b2a569	3a300ca19206bf75deccf235185b919360508b7a1e583d514f4ac4a854a5d4d2
part-04-beyond-the-built-in-model/references/03-authoring-a-languagemodel-provider.md	2338	101-what-apple-recommends-and-the-reasoning	prelude:guide-context	PRELUDE-NEEDED	-	-	-	-	-	-	-	-	snippet-323693698fc53b16	7990815ac5601a26faa0ddce81db46d1f8c8706e5cc5002b8e7ae3ea0f4774aa
part-04-beyond-the-built-in-model/references/03-authoring-a-languagemodel-provider.md	2452	112-all-nine-cases	compile:27 imports:Foundation	VERIFIED	body	-	pass	-	-	-	-	-	snippet-7a5472d89269840d	b3a8fcad7c7d57cb6aa96e1d986f47f4578734a8bc75e05beecbbf0a9448a6cd
part-04-beyond-the-built-in-model/references/03-authoring-a-languagemodel-provider.md	2488	112-all-nine-cases	prelude:guide-context	PRELUDE-NEEDED	-	-	-	-	-	-	-	-	snippet-1b54b0535c6bfef1	1072034603103ff22fb7a896e5a8a0e9671c8cf9d53da9f1b7ee215eeb643343
part-04-beyond-the-built-in-model/references/03-authoring-a-languagemodel-provider.md	2619	121-why-initapikey-string-is-the-wrong-primary-path	prelude:guide-context	PRELUDE-NEEDED	-	-	-	-	-	-	-	-	snippet-e31c0d9d8d5be639	599e20f6d060d1e284323a8881be4c87fd9964abb613427ddf88448c1f79aebe
part-04-beyond-the-built-in-model/references/03-authoring-a-languagemodel-provider.md	2749	131-response-metadata--the-lightweight-option	prelude:guide-context	PRELUDE-NEEDED	-	-	-	-	-	-	-	-	snippet-e548f80c2383e950	9d1a142abd6d1a3a1abf662d9d53122d1ef30fc0ea77c1f5e114a3ba529b2759
part-04-beyond-the-built-in-model/references/03-authoring-a-languagemodel-provider.md	2853	132-custom-segments--the-extension-point-for-new-modalities	illustrative	ILLUSTRATIVE	-	-	-	-	-	-	-	-	snippet-804c00b32ec7d0ed	cae6eeb7ed45ab14330ae3a3d28957656803377ea7e7d3f4e68225b3cbb5267c
part-04-beyond-the-built-in-model/references/03-authoring-a-languagemodel-provider.md	2929	133-attachment-segments--non-text-output-today	prelude:guide-context	PRELUDE-NEEDED	-	-	-	-	-	-	-	-	snippet-d4e0dc4d626b0913	9b284d24467569b92ed81a90438e76245a402a2a608ccc0ae2706faad182c9a4
part-04-beyond-the-built-in-model/references/03-authoring-a-languagemodel-provider.md	3032	14-testing-a-provider-package	prelude:external-module	PRELUDE-NEEDED	-	-	-	-	-	-	-	-	snippet-6934607bf31f65ac	7f19b421ee8f5d57998bfc0c28aef478a194f439ea51a8d91b318adcd166837e
part-04-beyond-the-built-in-model/references/03-authoring-a-languagemodel-provider.md	3084	14-testing-a-provider-package	prelude:guide-context	PRELUDE-NEEDED	-	-	-	-	-	-	-	-	snippet-9cb9a06d5681416c	262565814081b57d9aca9e11f33066693f6f3afc8e84a32b6e8fd5d3e09fd909
part-04-beyond-the-built-in-model/references/03-authoring-a-languagemodel-provider.md	3124	15-quick-reference	illustrative	ILLUSTRATIVE	-	-	-	-	-	-	-	-	snippet-eb6c0c5fa7bcf62c	4f09c89292fff592207b06fa74d0181e0d478797370bce3c0c2c8b1612a4d1a5
part-04-beyond-the-built-in-model/references/04-executor-lifecycle-and-kv-reuse.md	293	22-the-manual-hash-escape-hatch	prelude:guide-context	PRELUDE-NEEDED	-	-	-	-	-	-	-	-	snippet-dcc7e6643e3f5625	e4fd475b530bf8b9382b5b361a163fc7e50f5b0f492047d169ebac8b0ce00c91
part-04-beyond-the-built-in-model/references/04-executor-lifecycle-and-kv-reuse.md	481	32-what-actually-happens	prelude:external-module	PRELUDE-NEEDED	-	-	-	-	-	-	-	-	snippet-0df9bf27cc622795	595d0752caec6a2853146c584a046155525811460f78d1eaba74a7cace466770
part-04-beyond-the-built-in-model/references/04-executor-lifecycle-and-kv-reuse.md	525	33-the-fix-and-what-to-do-today	compile:27	VERIFIED	top	-	pass	-	-	-	-	-	snippet-a575bbf0963a6219	825da3da96c350af628f605c7e137426e3be629099cfd3251157f8f8025d10a6
part-04-beyond-the-built-in-model/references/04-executor-lifecycle-and-kv-reuse.md	575	33-the-fix-and-what-to-do-today	prelude:guide-context	PRELUDE-NEEDED	-	-	-	-	-	-	-	-	snippet-456d90a3fea5948b	ac3a4724b24717676e2c260c6c60f97f4140c989411216b2f46dfb8f35bb73b8
part-04-beyond-the-built-in-model/references/04-executor-lifecycle-and-kv-reuse.md	783	53-the-pattern-in-your-own-executor	prelude:guide-context	PRELUDE-NEEDED	-	-	-	-	-	-	-	-	snippet-40a680e03edfb9bd	701015492b0c07d7c19746045a2775bb29fcbfb8975e8e190130e6c371eec38c
part-04-beyond-the-built-in-model/references/04-executor-lifecycle-and-kv-reuse.md	871	61-the-signature-is-synchronous-and-non-throwing	prelude:guide-context	PRELUDE-NEEDED	-	-	-	-	-	-	-	-	snippet-341515a871723102	ac9ae0e1064a153846fc5cd8ae48a31cfb168f40929fc6bef88c88a6fa184113
part-04-beyond-the-built-in-model/references/04-executor-lifecycle-and-kv-reuse.md	953	62-️-the-near-miss-signature-that-binds-the-default	prelude:guide-context	PRELUDE-NEEDED	-	-	-	-	-	-	-	-	snippet-09e4bfebb65c92c6	86cb27e5fec19b40e2fa97aab88039bf3eb10c719bc36f15fb2ab675786eb6ed
part-04-beyond-the-built-in-model/references/04-executor-lifecycle-and-kv-reuse.md	977	62-️-the-near-miss-signature-that-binds-the-default	prelude:guide-context	PRELUDE-NEEDED	-	-	-	-	-	-	-	-	snippet-6abb1383a192d758	348976e672e1da34dc7553b40dc092d3588ae803cbc068b642a34f6bc2cbf0fa
part-04-beyond-the-built-in-model/references/04-executor-lifecycle-and-kv-reuse.md	1063	65-the-load-once-helper-written-out	prelude:guide-context	PRELUDE-NEEDED	-	-	-	-	-	-	-	-	snippet-51f01eb27eb02f3f	87e40f177ceb1b6805a3fe585693d1b9177bccf30c1a17ba553c8d121d309d78
part-04-beyond-the-built-in-model/references/04-executor-lifecycle-and-kv-reuse.md	1316	83-invalidate-back-to-where-the-transcripts-diverge	compile:27	VERIFIED	top	-	pass	-	-	-	-	-	snippet-429a256f83cfb950	544fd1c7934cdd273ebbe7f04f9412aa971ae7c2ef1a10c49cab03873f798fbd
part-04-beyond-the-built-in-model/references/04-executor-lifecycle-and-kv-reuse.md	1806	10-a-worked-executor-skeleton	prelude:guide-context	PRELUDE-NEEDED	-	-	-	-	-	-	-	-	snippet-41e8439529991d95	cad7f210a808b8a19f057125c544f48170186a09c2565b1b13fb6f3d0e97a293
part-05-prototyping-profiling-non-swift/references/01-playground-and-instruments.md	214	22-multiple-blocks-become-tabs	prelude:guide-context	PRELUDE-NEEDED	-	-	-	-	-	-	-	-	snippet-4b42ea3d86addd84	88ecffba861e0139be7e2d9ac1cb2fa5bd89222dc5f98cdeec3f2250b510a2bc
part-05-prototyping-profiling-non-swift/references/01-playground-and-instruments.md	259	24-what-apple-ships-in-a-playground-block	prelude:guide-context	PRELUDE-NEEDED	-	-	-	-	-	-	-	-	snippet-895319355a50ea56	b11ce954944cae65d41dde6273c40d312c72c9a926f54a97f68a67e356e45e27
part-05-prototyping-profiling-non-swift/references/01-playground-and-instruments.md	551	31-the-programmatic-path-languagemodelfeedback	compile:27	VERIFIED	top	-	pass	-	-	-	-	-	snippet-5b547b95fec1e9b4	9d1fb3e24a17b23f7859981741262e47dbd1668ee77314b0137007bae46f2f2c
part-05-prototyping-profiling-non-swift/references/01-playground-and-instruments.md	683	42-the-availability-branches-it-lets-you-reach	compile:27	VERIFIED	body	-	pass	-	-	-	-	-	snippet-4e35543ac1af6998	c61d6dff704d8e588273496f693c4cf3fced3fdfdf16ef7dfdbe774d0ed02e99
part-05-prototyping-profiling-non-swift/references/01-playground-and-instruments.md	1338	85-the-fix	prelude:guide-context	PRELUDE-NEEDED	-	-	-	-	-	-	-	-	snippet-cbf1cdd4734b27d7	5a4d957033001a2f6de07bdb7674cba0380fc3e48a110542912582663df2175f
part-05-prototyping-profiling-non-swift/references/01-playground-and-instruments.md	1487	87-preventing-it-since-the-compiler-will-not	prelude:guide-context	PRELUDE-NEEDED	-	-	-	-	-	-	-	-	snippet-460867851fb3fc93	541cc98e53aea2848d24e0e6da6df41ffbb02e9da5e7d76dfbd661bce00c50ea
part-05-prototyping-profiling-non-swift/references/01-playground-and-instruments.md	1524	87-preventing-it-since-the-compiler-will-not	prelude:guide-context	PRELUDE-NEEDED	-	-	-	-	-	-	-	-	snippet-9303e9d2b58bca54	17e3378a6fa36555219404a0587ab7936954f7d7606e2a901bf7d2d69f9d2434
part-05-prototyping-profiling-non-swift/references/01-playground-and-instruments.md	1717	93-the-programmatic-equivalents	compile:27 imports:FoundationModels	VERIFIED	top	-	pass	-	-	-	-	-	snippet-56da8ca6fe503fbc	45b5813c960c370e8e7faeee9c4b86d500b6d6814d37e41dd6e5ff8a2a38be1a
part-06-evaluations/references/01-foundations-and-hill-climbing.md	474	4-step-1--subjectfrom-the-code-under-measurement	illustrative	ILLUSTRATIVE	-	-	-	-	-	-	-	-	snippet-cd0e2a3f146acbbf	fe03ac4aafac2ae8637dfb62fdef3b446022a0755dfb87ffe6cb2491e653a62f
part-06-evaluations/references/01-foundations-and-hill-climbing.md	1198	84-reading-values-back-out-aggregatevalue_	prelude:guide-context	PRELUDE-NEEDED	-	-	-	-	-	-	-	-	snippet-903116270df0d25a	7ede379c3c36ec28059e1cce5dade510ff0c2464f170f4eb109625b8e2af3d82
part-06-evaluations/references/01-foundations-and-hill-climbing.md	1256	85-info-is-what-makes-runs-diffable	illustrative	ILLUSTRATIVE	-	-	-	-	-	-	-	-	snippet-2b9c36659b535a57	e3e3a84756e5a117b58b29a0185a1ce8f33b7e96481e2fc0c389e99f8e2dc50c
part-06-evaluations/references/01-foundations-and-hill-climbing.md	1299	9-the-whole-thing-in-one-file	compile:27	VERIFIED	top	-	pass	-	-	-	-	-	snippet-d7f1b21346f1f7b0	25df4a5e6b3f8ada34fa001215d5a806030472062a6a288d82752281c506cd7d
part-06-evaluations/references/01-foundations-and-hill-climbing.md	1352	9-the-whole-thing-in-one-file	prelude:external-module	PRELUDE-NEEDED	-	-	-	-	-	-	-	-	snippet-60fe52c206c29685	096af578c3fd859ffea302d61914de2621b4049f768595df9f9fa4b3de1dba7a
part-06-evaluations/references/01-foundations-and-hill-climbing.md	1457	9-the-whole-thing-in-one-file	prelude:external-module	PRELUDE-NEEDED	-	-	-	-	-	-	-	-	snippet-993a7ddcfcb1a75b	db031702bbaf15f06506952ca69d9d43f321c1a35694073ab8101e49640222dc
part-06-evaluations/references/01-foundations-and-hill-climbing.md	1727	the-on-disk-format	prelude:guide-context	PRELUDE-NEEDED	-	-	-	-	-	-	-	-	snippet-c20d99a7e8ed2712	f6af73f383219873def99a9a9ac7e55b54abdb6745c28a74a9c0dd9c62154098
part-06-evaluations/references/01-foundations-and-hill-climbing.md	1799	doing-it-without-the-cli	prelude:guide-context	PRELUDE-NEEDED	-	-	-	-	-	-	-	-	snippet-4e8dd1435367ae29	b208d66cc62b7ceffe3774ca2a4a53a01b0186bd0a99d35429cc343dd2235f94
part-06-evaluations/references/01-foundations-and-hill-climbing.md	1933	14-control-experimental-one-variable-backport	illustrative	ILLUSTRATIVE	-	-	-	-	-	-	-	-	snippet-c7e488218a4e865a	ea160997b85e58f46f84d3e12958b46f340050a970a3efb50d8a95b559f44ea2
part-06-evaluations/references/01-foundations-and-hill-climbing.md	2065	the-api-design-move	prelude:guide-context	PRELUDE-NEEDED	-	-	-	-	-	-	-	-	snippet-c66d0155acf8c311	71dbbb418086dc4fd6fa060ce0e374069f87c4195f6c6e6724bf93cd5857a1ab
part-06-evaluations/references/01-foundations-and-hill-climbing.md	2106	the-api-design-move	illustrative	ILLUSTRATIVE	-	-	-	-	-	-	-	-	snippet-21505e8473ea0626	b0bdedcd1847c087832ba3241bd13cea162830d82804c1baf2f679012dc668dd
part-06-evaluations/references/01-foundations-and-hill-climbing.md	2255	171-a-corrupt-dataset-shrinks-your-evaluation-instead-of-failing-it	prelude:guide-context	PRELUDE-NEEDED	-	-	-	-	-	-	-	-	snippet-ef1ca652393d7e50	48f52d6c132c443eb89af9f14b0db61b184cd2699157a9fb5b3e7844045fdd83
part-06-evaluations/references/01-foundations-and-hill-climbing.md	2373	the-pattern-behind-all-seven	prelude:guide-context	PRELUDE-NEEDED	-	-	-	-	-	-	-	-	snippet-db0e6adfd1f7b123	e591628ad5b629c675776b5a2c8662042482836a3439183b443b7a72a2b98456
part-06-evaluations/references/01-foundations-and-hill-climbing.md	2466	what-apple-offers-instead-of-pinning	illustrative	ILLUSTRATIVE	-	-	-	-	-	-	-	-	snippet-b65feac56cff2c9b	db668aff61e9efdaefbe04211efcc751d1955727cefaf3c9670fd57c92ad534e
part-06-evaluations/references/01-foundations-and-hill-climbing.md	2500	the-whole-protocol-on-one-screen	illustrative	ILLUSTRATIVE	-	-	-	-	-	-	-	-	snippet-67e2d0fc27d2bd2e	20f8f97013fc2f37c174dfdd028337356a9d31b3322e01c794c80b2849512001
part-06-evaluations/references/01-foundations-and-hill-climbing.md	2600	checks-to-put-in-every-test-body	prelude:guide-context	PRELUDE-NEEDED	-	-	-	-	-	-	-	-	snippet-bec59f00266eda54	7d5e0fde94ec4f0ee13ae567730a19685d21d86fece6f5642bd9091ade761327
part-06-evaluations/references/02-model-judges-and-alignment.md	237	2-a-judge-is-just-another-evaluator	prelude:external-module	PRELUDE-NEEDED	-	-	-	-	-	-	-	-	snippet-807b8bd58ef43221	fe70fb23b07ac39386a6ef5a1058331f79a0710627c9f86fec19a60b6aa4c1ef
part-06-evaluations/references/02-model-judges-and-alignment.md	576	5-scoringscale-numeric-passfail-custom	prelude:guide-context	PRELUDE-NEEDED	-	-	-	-	-	-	-	-	snippet-df31ca963182fd01	41ab212ab77aeb3671ee4d71f0f04c55ac5e22cf60c837a3715858db7a6e86fc
part-06-evaluations/references/02-model-judges-and-alignment.md	673	52-anchors-must-describe-observable-features	prelude:guide-context	PRELUDE-NEEDED	-	-	-	-	-	-	-	-	snippet-bbe1b33a3dda5144	9d964b75ee69b78098a878c882c6fc472b07645f3d485100faed5fe1e99304a1
part-06-evaluations/references/02-model-judges-and-alignment.md	815	73-the-fix-and-why-it-works	prelude:guide-context	PRELUDE-NEEDED	-	-	-	-	-	-	-	-	snippet-6d3991a75fcd2218	9a0eee0c86fa19727698bd092d728b6fd23c36b474fa546e4a3c78ef1e8cfad6
part-06-evaluations/references/02-model-judges-and-alignment.md	952	82-the-worked-example	prelude:guide-context	PRELUDE-NEEDED	-	-	-	-	-	-	-	-	snippet-d859c416217fdb6e	ddcbca8bb0c67d7849f4694141310d0cf7616a7a06174780571e672cdf40f1a6
part-06-evaluations/references/02-model-judges-and-alignment.md	999	82-the-worked-example	illustrative	ILLUSTRATIVE	-	-	-	-	-	-	-	-	snippet-dada025cc01ca8cf	f019e6cfe9d414b6a715adc4b7f38107632766c32005db0264ee638eeb76d6ba
part-06-evaluations/references/02-model-judges-and-alignment.md	1024	83-what-good-instructions-contain	prelude:guide-context	PRELUDE-NEEDED	-	-	-	-	-	-	-	-	snippet-fc6174dd9fcc69ba	7540987e9d1a120fd06a56af40554d1d1928f070dd7e83e7bc96787214614aa7
part-06-evaluations/references/02-model-judges-and-alignment.md	1114	91-where-the-rationales-are	illustrative	ILLUSTRATIVE	-	-	-	-	-	-	-	-	snippet-9684b06d550c7c1b	ba96540b2be5910ce6ec09ab47a92d5b3ffc62b8b0e79e9c3fd340278811ff53
part-06-evaluations/references/02-model-judges-and-alignment.md	1188	10-pairwise-judging	prelude:guide-context	PRELUDE-NEEDED	-	-	-	-	-	-	-	-	snippet-7f0e09949fdfd532	e5266300988dfe140295f1b571e92a675f5d8d5d1f55646a085f694e876fc363
part-06-evaluations/references/02-model-judges-and-alignment.md	1260	11-mixing-judges-and-code-evaluators	illustrative	ILLUSTRATIVE	-	-	-	-	-	-	-	-	snippet-46e7bd642a70986f	0ba27f0c240dd8c4b3cf270439627490f33ef02f397a021d61d02e9e6c21f8e1
part-06-evaluations/references/02-model-judges-and-alignment.md	1643	152-a-complete-implementation	compile:27	VERIFIED	top	-	pass	-	-	-	-	-	snippet-eb02b4441a2e5944	5bdd3522df00788849a53079b18388098e9e3a52e2a9bacf8b2a6f67eda0f490
part-06-evaluations/references/02-model-judges-and-alignment.md	1714	153-the-weighted-variant-if-you-want-the-extra-signal	prelude:guide-context	PRELUDE-NEEDED	-	-	-	-	-	-	-	-	snippet-d4a76e6360b3e79f	53ba93589af346789164bf6f0302863d15743419dcd11ef10144f0a05b49c0f8
part-06-evaluations/references/02-model-judges-and-alignment.md	1788	154-wiring-it-into-the-aggregator	illustrative	ILLUSTRATIVE	-	-	-	-	-	-	-	-	snippet-0bc192a25de4321a	1df772c48edb30821863118305be582fab6d0b3ce6821c7dbe35f78fcf16f5bd
part-06-evaluations/references/02-model-judges-and-alignment.md	1902	161-step-1--get-the-data-out-of-xcode	prelude:guide-context	PRELUDE-NEEDED	-	-	-	-	-	-	-	-	snippet-5bc2dce795b2e669	01bdcbdb312e1bfeb48b0e402e2f5994330cda5520e0918d24cebbf3a4a57230
part-06-evaluations/references/02-model-judges-and-alignment.md	1972	163-step-3--the-frozen-subject	compile:27	VERIFIED	top	-	pass	-	-	-	-	-	snippet-f7e428fc5e477634	73094c4597c6ca93844184cafeb6ce9e70adb6d239971cb2acaed86cad5b49cb
part-06-evaluations/references/02-model-judges-and-alignment.md	2003	164-step-4--the-whole-evaluation	prelude:external-module	PRELUDE-NEEDED	-	-	-	-	-	-	-	-	snippet-b633c48abcca3fca	80ac17fa89f23c633a1242818783bc8aa6afcbb38acefa5ba686a159fe9f7c1d
part-06-evaluations/references/02-model-judges-and-alignment.md	2152	170-the-scientific-frame	prelude:guide-context	PRELUDE-NEEDED	-	-	-	-	-	-	-	-	snippet-e3c65db9b152cfbf	d518a01c4a439358f5434e17b51bce9d6d29ae9d89c73bdfc4cac80988775e24
part-06-evaluations/references/02-model-judges-and-alignment.md	2308	174-iteration-3--a-few-worked-examples	illustrative	ILLUSTRATIVE	-	-	-	-	-	-	-	-	snippet-afd76f2ac92ba31d	ae76965fcc7df57fe5833610be327ba9638529dd9a64bad3ae02141805e79d98
part-06-evaluations/references/02-model-judges-and-alignment.md	2438	181-what-to-do-instead	prelude:guide-context	PRELUDE-NEEDED	-	-	-	-	-	-	-	-	snippet-833c3de6b994b286	5a7641e9fb2e965f2ff30baf1472919a04ff6b7161dcf992c9b2b52e671bbfa2
part-06-evaluations/references/02-model-judges-and-alignment.md	2490	191-️-the-positional-join-which-nothing-validates	prelude:guide-context	PRELUDE-NEEDED	-	-	-	-	-	-	-	-	snippet-7b45efd3bd308db5	152ad9cd0242212b086d91f7718d546c243ab396fcd121d0243a83d43fa8bfc4
part-06-evaluations/references/02-model-judges-and-alignment.md	2519	191-️-the-positional-join-which-nothing-validates	prelude:guide-context	PRELUDE-NEEDED	-	-	-	-	-	-	-	-	snippet-c0a72cce6e1ccccb	d67857eaa07b6f3501c85082c6d48bf72a94e91bb170935acf6a4e6b99b2f141
part-06-evaluations/references/02-model-judges-and-alignment.md	2553	192-️--00-turns-a-missing-expert-score-into-a-rating-of-zero	prelude:guide-context	PRELUDE-NEEDED	-	-	-	-	-	-	-	-	snippet-6fc1d97d632db561	60ae473ad8839c1f92822035dc286c45a592270aef02e0278038d8a0d3ba796e
part-06-evaluations/references/02-model-judges-and-alignment.md	2571	192-️--00-turns-a-missing-expert-score-into-a-rating-of-zero	illustrative	ILLUSTRATIVE	-	-	-	-	-	-	-	-	snippet-7c7ac3dc2a815638	c019a1fa5f5fbd3910f354fd425060015609db5bea50bc6eb680729a5f639799
part-06-evaluations/references/02-model-judges-and-alignment.md	2614	193-️-an-undefined-κ-reports-as-no-agreement	prelude:guide-context	PRELUDE-NEEDED	-	-	-	-	-	-	-	-	snippet-d83ac19327e83185	368d83220d4adf0fa5962d2b8d5a1ed634359f5be1ebb52413eb9d6facc84ba1
part-06-evaluations/references/02-model-judges-and-alignment.md	2651	196-️-a-custom-label-typo-tests-nothing	compile:27	VERIFIED	top	-	pass	-	-	-	-	-	snippet-7269dd9f2d99a840	d83d42c5502ae85cc49db865c1a75d44d1006cd32f11228739766bd12a8c0e72
part-06-evaluations/references/02-model-judges-and-alignment.md	2779	211-the-judge-api-in-one-place	illustrative	ILLUSTRATIVE	-	-	-	-	-	-	-	-	snippet-8ad898530e11eee4	dbccd365590debd7ac70a83e1de3f889b896d1b734aee6b51bc1f1b73e1ac6a9
part-06-evaluations/references/03-synthetic-data-and-tool-trajectories.md	181	2-two-doors-into-synthetic-data	prelude:guide-context	PRELUDE-NEEDED	-	-	-	-	-	-	-	-	snippet-3b36996eef70063f	cfaf7c13eace47b3ae0c67516c1bb1118a34786c67b2230d44accfd5d7bdbca5
part-06-evaluations/references/03-synthetic-data-and-tool-trajectories.md	266	3-️-targetcount-counts-the-samples-you-already-have	prelude:guide-context	PRELUDE-NEEDED	-	-	-	-	-	-	-	-	snippet-4f362419ae22e765	5eae5d9ee948b433a5194330a190c0d620293a7f333f0fddc7b4b2a4fb2df0d2
part-06-evaluations/references/03-synthetic-data-and-tool-trajectories.md	304	4-samplegenerator-parameter-by-parameter	illustrative	ILLUSTRATIVE	-	-	-	-	-	-	-	-	snippet-3d8e0b300e075e0a	48a99ed67bd8e189ac78956529550c16c9dc0271e53e2816d1cdaf62c84f5787
part-06-evaluations/references/03-synthetic-data-and-tool-trajectories.md	484	5-️-sessionprovider-is-a-factory-and-it-may-be-called-twice	prelude:guide-context	PRELUDE-NEEDED	-	-	-	-	-	-	-	-	snippet-447615552cca1aa7	259b3714367ce613e3d35160f52b96a5e696ef232a8df8816e5df20628e507f6
part-06-evaluations/references/03-synthetic-data-and-tool-trajectories.md	537	5-️-sessionprovider-is-a-factory-and-it-may-be-called-twice	prelude:guide-context	PRELUDE-NEEDED	-	-	-	-	-	-	-	-	snippet-0e95cb9100d57fba	639e66d91d9ebffcfbf79569dd8c74337be596d27a0410b34b1540aeacfa685f
part-06-evaluations/references/03-synthetic-data-and-tool-trajectories.md	638	62-pcc-quota-is-per-user-and-generation-is-not-free	compile:27 imports:Foundation,FoundationModels	VERIFIED	body	-	pass	-	-	-	-	-	snippet-15b116356436065d	d6c5beb3917186a3ec519c2bc833a60722d0794b42011bcbc7535e11644d2b0d
part-06-evaluations/references/03-synthetic-data-and-tool-trajectories.md	835	82-the-validator-you-should-write	prelude:guide-context	PRELUDE-NEEDED	-	-	-	-	-	-	-	-	snippet-76f82a977dd35fc5	2058a77e7c68b4bc41a3b2f1092c9b0385b1ce3f3dcf699bfe731249eb58ae3d
part-06-evaluations/references/03-synthetic-data-and-tool-trajectories.md	873	83-corpus-rules-go-in-a-post-run-audit	prelude:guide-context	PRELUDE-NEEDED	-	-	-	-	-	-	-	-	snippet-2eb60b44f8ec0321	bac966d6a24a3ab9101e07d89f1469abada8f8e73537997f30fc40f11002b946
part-06-evaluations/references/03-synthetic-data-and-tool-trajectories.md	946	91-invalidsamples-is-a-debugging-surface-not-a-bin	prelude:guide-context	PRELUDE-NEEDED	-	-	-	-	-	-	-	-	snippet-fae762560da239c0	35e20540785537f613bfada8658b1c0fb2129d88df38d34369538eb9316b7eb9
part-06-evaluations/references/03-synthetic-data-and-tool-trajectories.md	967	92-writing-the-dataset-out	prelude:guide-context	PRELUDE-NEEDED	-	-	-	-	-	-	-	-	snippet-ff238ec992e91b44	d52e5bcf7462e095c8d440e3923054c311c040dddc3222f382ce176aef5e1d34
part-06-evaluations/references/03-synthetic-data-and-tool-trajectories.md	987	93-reading-it-back--and-the-loader-that-swallows-your-data	prelude:guide-context	PRELUDE-NEEDED	-	-	-	-	-	-	-	-	snippet-c1ff7114e9bd9b91	f1d158512591af67af135471b9c7aefe8f6da69de31f68a490b442686dd90d5d
part-06-evaluations/references/03-synthetic-data-and-tool-trajectories.md	1127	101-what-a-drop-can-mean--the-four-hypotheses	illustrative	ILLUSTRATIVE	-	-	-	-	-	-	-	-	snippet-295cca18e82bc0ce	170a90c910ddc4dcc91e4e7b42d9ff4902aaac6e5798a8a1dc587b72bcd442d6
part-06-evaluations/references/03-synthetic-data-and-tool-trajectories.md	1183	103-running-the-comparison-properly	prelude:guide-context	PRELUDE-NEEDED	-	-	-	-	-	-	-	-	snippet-1c483fa8a4da72fa	c33d17e2749ae7e8f97cceb6834cb5e76f05d61dc64006285968787cb112479d
part-06-evaluations/references/03-synthetic-data-and-tool-trajectories.md	1294	112-turn-the-dimensions-into-a-matrix-then-generate-per-cell	prelude:guide-context	PRELUDE-NEEDED	-	-	-	-	-	-	-	-	snippet-ba258298813e7b53	06336b06aab3a6524af9854e6d124da2769dd14a5f0250daf0a2b037ad090e1e
part-06-evaluations/references/03-synthetic-data-and-tool-trajectories.md	1520	132-unordered--it-happened-i-dont-care-when	illustrative	ILLUSTRATIVE	-	-	-	-	-	-	-	-	snippet-e09f8724d5beaaf9	8b8791861a2337230cab1bcef2a62a582d49272d4e7b5643c7a89c2970c99661
part-06-evaluations/references/03-synthetic-data-and-tool-trajectories.md	1553	133-ordered--first-this-then-that	illustrative	ILLUSTRATIVE	-	-	-	-	-	-	-	-	snippet-dc98600ca31742bd	ce718c78bf22b0091691ff7916f45ff7a4f428a46ceb06beb524d97b25266928
part-06-evaluations/references/03-synthetic-data-and-tool-trajectories.md	1701	142-allowsadditionaltoolcalls	prelude:guide-context	PRELUDE-NEEDED	-	-	-	-	-	-	-	-	snippet-64f329f0837dc822	1ffdc17a032d07f69e600bafdb35c5c6b6c3d924be012248fa6ebcaa0803729f
part-06-evaluations/references/03-synthetic-data-and-tool-trajectories.md	1777	151-naturallanguage--a-judge-inside-your-assertion	illustrative	ILLUSTRATIVE	-	-	-	-	-	-	-	-	snippet-c8c7071ca3bf90e0	e5908b1c30bde6c73920fa5623301b3a72db46903028f9eb920c3a6ac71172a2
part-06-evaluations/references/03-synthetic-data-and-tool-trajectories.md	1865	16-disallowed-evaluating-what-the-model-must-not-do	illustrative	ILLUSTRATIVE	-	-	-	-	-	-	-	-	snippet-36e43501c390abbd	b5ebe4d9e64ca5c27b6a3b9e47e04017e22df865feba8f76e540f670e6c86363
part-06-evaluations/references/03-synthetic-data-and-tool-trajectories.md	1938	17-️-wiring-it-up-toolcallevaluator-and-the-transcript-you-must-remember-to-pass	illustrative	ILLUSTRATIVE	-	-	-	-	-	-	-	-	snippet-4a83c462446df39e	f76242a0ea012aaa5fec053d74e472b74dcc904454d494be87b630440359b767
part-06-evaluations/references/03-synthetic-data-and-tool-trajectories.md	2008	171-two-metrics-because-did-it-pass-is-not-one-question	prelude:guide-context	PRELUDE-NEEDED	-	-	-	-	-	-	-	-	snippet-ef26637a7ed41743	cbc65c32ac1505b4691779b6f34cc27ac6aca11a78e6747939bb71a28cf09c48
part-06-evaluations/references/03-synthetic-data-and-tool-trajectories.md	2083	173-construct-the-model-the-way-your-feature-does	illustrative	ILLUSTRATIVE	-	-	-	-	-	-	-	-	snippet-8ba6c1f99c5b631f	8f4f8b954d829c7e654682e254ff36605e52bf5a753f5d1eeff80b83101cdecf
part-06-evaluations/references/03-synthetic-data-and-tool-trajectories.md	2156	181-️-the-generating-model-has-never-heard-of-your-tools	compile:27	VERIFIED	top	-	pass	-	-	-	-	-	snippet-47dbd5734e17a1ee	8b99e6f8518c1333061288b947d15f53277fcde5549c62309e42ebc900a941e6
part-06-evaluations/references/03-synthetic-data-and-tool-trajectories.md	2208	182-the-three-validators	compile:27	VERIFIED	top	-	pass	-	-	-	-	-	snippet-2a7267bac1f9350e	4ad1b9663da7521585c468298acf26b7586c90439a31ff54c42ae2ab3d0d3443
part-06-evaluations/references/03-synthetic-data-and-tool-trajectories.md	2262	183-converting-plans-into-samples	prelude:guide-context	PRELUDE-NEEDED	-	-	-	-	-	-	-	-	snippet-2593e13843448b3b	cb7ef475f5d7f42df145bc231286de01d59661830247ce47dbbd66c6007fde48
part-06-evaluations/references/03-synthetic-data-and-tool-trajectories.md	2295	183-converting-plans-into-samples	prelude:guide-context	PRELUDE-NEEDED	-	-	-	-	-	-	-	-	snippet-64da4ecbd5578cf7	0408ef6e22670fe55732fd4cb46f5211ef63290a0651cb61ee916dc27c8b475f
part-07-coreai-swift-runtime/references/01-runtime-and-ndarray.md	486	33-the-load-ladder-in-the-order-you-should-write-it	illustrative	ILLUSTRATIVE	-	-	-	-	-	-	-	-	snippet-7d210fd985785d1d	d1a01c5d27906139abfbee51650f1ebcb5429b309c8b84e86c70af81ff3f823d
part-07-coreai-swift-runtime/references/01-runtime-and-ndarray.md	582	41-the-distinction-stated-by-apple	illustrative	ILLUSTRATIVE	-	-	-	-	-	-	-	-	snippet-489b7959609ad92c	2ba9c3a4ea4de4cbdd00e4f56c095da62e4e7da134631068e77285fe4d5e2267
part-07-coreai-swift-runtime/references/01-runtime-and-ndarray.md	617	41-the-distinction-stated-by-apple	compile:27 imports:CoreAI	VERIFIED	top	-	pass	-	-	-	-	-	snippet-12e6957c1a9f2f2c	6df1e56e60d8672d63a0d2ec7756a76917e17be80dcc6eb45f285790d6e017d0
part-07-coreai-swift-runtime/references/01-runtime-and-ndarray.md	662	42-functiondescriptorfor-is-the-pre-flight-check	prelude:guide-context	PRELUDE-NEEDED	-	-	-	-	-	-	-	-	snippet-d7103725bb25ef93	df18553e5a9b2eb26868fd51c8e2ed1a3acb17ee5fb88f52c98103452131e55b
part-07-coreai-swift-runtime/references/01-runtime-and-ndarray.md	748	51-the-guarantee	prelude:guide-context	PRELUDE-NEEDED	-	-	-	-	-	-	-	-	snippet-c1dd72c01eee6660	bebbb428e7675f1cbeb8442b2794d6b1160abda66ee6a3e8f34c709eb3c5843d
part-07-coreai-swift-runtime/references/01-runtime-and-ndarray.md	1013	65-a-reusable-validator	compile:27	VERIFIED	top	-	pass	-	-	-	-	-	snippet-fda6144c562c88af	b827c91d9ac8606bcb39811e86da23695d136fb4b45ec536f096ac75338901c6
part-07-coreai-swift-runtime/references/01-runtime-and-ndarray.md	1150	72-read-only-by-default	illustrative	ILLUSTRATIVE	-	-	-	-	-	-	-	-	snippet-9e963a89689f77d7	370c38d8173842485482509dcd88dee3d7147c20f32150b8b92fbc4aae92141c
part-07-coreai-swift-runtime/references/01-runtime-and-ndarray.md	1160	72-read-only-by-default	xfail:27 imports:CoreAI	XFAIL-PROVEN	mixed	-	xfail-pass	-	-	-	-	-	snippet-c078cd0027589dc5	ab4b58430cc2c5a0645639b583c8ac857bbaeb929950c2998ab5ce0a0cb7d213
part-07-coreai-swift-runtime/references/01-runtime-and-ndarray.md	1703	83-a-stride-respecting-writer-you-can-actually-reuse	compile:27	VERIFIED	top	-	pass	-	-	-	-	-	snippet-8ee56aad593a827b	f202b2ce612c9e19037c0905c62296540ea926ff607ce2aa301c1bf48077488a
part-07-coreai-swift-runtime/references/01-runtime-and-ndarray.md	1873	92-️-inferencevaluendarray-is-a-consuming-read-wearing-a-getters-clothes	illustrative	ILLUSTRATIVE	-	-	-	-	-	-	-	-	snippet-4ba7f53ba110d7d0	00be730f146d4104b409cfa80bdedc5c082f24f96f03fefc08c70d324d51e2b0
part-07-coreai-swift-runtime/references/01-runtime-and-ndarray.md	1888	92-️-inferencevaluendarray-is-a-consuming-read-wearing-a-getters-clothes	illustrative	ILLUSTRATIVE	-	-	-	-	-	-	-	-	snippet-382985f584b61d3e	f771e67f980e60ef0083dd378123c0fa6b9b0b9f9576e9060db9942b0b01c85b
part-07-coreai-swift-runtime/references/01-runtime-and-ndarray.md	1897	92-️-inferencevaluendarray-is-a-consuming-read-wearing-a-getters-clothes	illustrative	ILLUSTRATIVE	-	-	-	-	-	-	-	-	snippet-fa43d64d45d86d3b	e96963f4db9a9813cb835d98d7ac3b73f7bfc0e5148d623016a09c4ee23123ba
part-07-coreai-swift-runtime/references/01-runtime-and-ndarray.md	2050	103-️-you-must-supply-a-view-for-every-state	prelude:guide-context	PRELUDE-NEEDED	-	-	-	-	-	-	-	-	snippet-fc3a270c8dbfa61c	713f3f4f616c9972a16e4c364c9060908cf6f6855e474ea746acee1ceace2457
part-07-coreai-swift-runtime/references/01-runtime-and-ndarray.md	2067	103-️-you-must-supply-a-view-for-every-state	prelude:guide-context	PRELUDE-NEEDED	-	-	-	-	-	-	-	-	snippet-047fb1cebe338ff4	9628a6610e962ba2bb0e81c800fc030904583755dba379e31e17752dbe231490
part-07-coreai-swift-runtime/references/01-runtime-and-ndarray.md	2594	121-the-type-system	illustrative	ILLUSTRATIVE	-	-	-	-	-	-	-	-	snippet-3241adff73b60ee1	5ba2c2730f56dadd1647a3abd3130520a99a5d1633136ddc46fba1bfca779623
part-07-coreai-swift-runtime/references/01-runtime-and-ndarray.md	2696	123-the-cgimage--tensor-recipe-from-apples-package	prelude:guide-context	PRELUDE-NEEDED	-	-	-	-	-	-	-	-	snippet-fc4a60f8dc976511	032177a7882e087523540f9f162c85cec5be13c7741272b378e8076b3efcc102
part-07-coreai-swift-runtime/references/01-runtime-and-ndarray.md	2907	132-the-practice-catch-asseterror-then-catch-broadly-log-richly-degrade	compile:27	VERIFIED	top	-	pass	-	-	-	-	-	snippet-6a26720e0b8c5369	7a54dcee699adf5ca3c1759eb3c219fb1991dc3ae96172d59fe63597e06f57b9
part-07-coreai-swift-runtime/references/01-runtime-and-ndarray.md	2949	132-the-practice-catch-asseterror-then-catch-broadly-log-richly-degrade	illustrative	ILLUSTRATIVE	-	-	-	-	-	-	-	-	snippet-08af4792ad50990f	5014ad468b0afab250eb0a4bdfb23312766827a8236bc23fd59da859c37ec0eb
part-07-coreai-swift-runtime/references/01-runtime-and-ndarray.md	3063	14-a-complete-runner-you-can-paste	compile:27	VERIFIED	top	-	pass	-	-	-	-	-	snippet-1b98190b23f93fc3	8857b353a7de80f955b768cb79c395a6203f8057529eef9428d169dc1fa616a4
part-07-coreai-swift-runtime/references/01-runtime-and-ndarray.md	3371	141-using-it	prelude:guide-context	PRELUDE-NEEDED	-	-	-	-	-	-	-	-	snippet-bc1f4d81c9a55d9d	bd66d91d57069a7bae9ecddd7971039fbadae3bd61961eb8c03a93cbad7b9c03
part-07-coreai-swift-runtime/references/01-runtime-and-ndarray.md	3412	151-the-whole-runtime-api-on-one-screen	illustrative	ILLUSTRATIVE	-	-	-	-	-	-	-	-	snippet-168d63272516bbb0	e2b3bd6d2ccd6fda7ef3be3e8b08f2008cf7cd3dde82f95005c2c7586e2b5433
part-07-coreai-swift-runtime/references/02-specialization-caching-and-aot.md	206	two-names-for-two-objects	prelude:guide-context	PRELUDE-NEEDED	-	-	-	-	-	-	-	-	snippet-68ab62bda6babc49	586cd5299ca5519a9a5157f4f12c324cb31b00f90008fd0d800dd84d619fb361
part-07-coreai-swift-runtime/references/02-specialization-caching-and-aot.md	245	2-the-default-path-and-exactly-where-it-stalls	illustrative	ILLUSTRATIVE	-	-	-	-	-	-	-	-	snippet-2926ca24125bf787	da9b16e821b3a8afb0fe72d3734f79ea420c6feae577a958be56f29518d6a5a3
part-07-coreai-swift-runtime/references/02-specialization-caching-and-aot.md	259	2-the-default-path-and-exactly-where-it-stalls	illustrative	ILLUSTRATIVE	-	-	-	-	-	-	-	-	snippet-cdfbc088b7268ceb	930c935edf85efb8d144dc0079f9b6b12c7f10cd20fea81f230d23eccf53fb94
part-07-coreai-swift-runtime/references/02-specialization-caching-and-aot.md	364	3-the-cache-and-the-gating-primitive	illustrative	ILLUSTRATIVE	-	-	-	-	-	-	-	-	snippet-004ea0035a3811bb	cf032d492478192e0a3244e2b9ca5655ecb9bf8164a53de80ecc8e543d5d69a5
part-07-coreai-swift-runtime/references/02-specialization-caching-and-aot.md	391	the-one-method-that-matters-most	illustrative	ILLUSTRATIVE	-	-	-	-	-	-	-	-	snippet-33a877280fd8db98	cb0fa9824c9e7030f96bd24a3100762d565c1ffb41064a4be4878c8f1c20a541
part-07-coreai-swift-runtime/references/02-specialization-caching-and-aot.md	414	the-one-method-that-matters-most	illustrative	ILLUSTRATIVE	-	-	-	-	-	-	-	-	snippet-26b76ccc1ac5f72a	9e468f6ad25cb722024a088d5fbc9a9c4bcb363f00ee164a943085b34129da9e
part-07-coreai-swift-runtime/references/02-specialization-caching-and-aot.md	448	a-production-shaped-version	compile:27 imports:SwiftUI	VERIFIED	top	-	pass	-	-	-	-	-	snippet-0436de0572948f2c	d6c3c7d07f0fb6bfb32591b96747edbd6422669cb72384cacae3c06b09ca7998
part-07-coreai-swift-runtime/references/02-specialization-caching-and-aot.md	549	4-the-cache-key-and-how-to-double-your-disk-usage-by-accident	prelude:guide-context	PRELUDE-NEEDED	-	-	-	-	-	-	-	-	snippet-90980acb28130655	5807ddd9f9737143f73230dc9a9a091a3ef3f99b54aef3378cce389b74430b0e
part-07-coreai-swift-runtime/references/02-specialization-caching-and-aot.md	577	4-the-cache-key-and-how-to-double-your-disk-usage-by-accident	compile:27 imports:Foundation,CoreAI	VERIFIED	top	-	pass	-	-	-	-	-	snippet-949973937a530cdd	d1b3c305e7a6e7f7e5a73d0255d6770c71776b0008abac9bc8d350337a2e8ca3
part-07-coreai-swift-runtime/references/02-specialization-caching-and-aot.md	617	5-aimodelspecialize--controlling-when-not-how-much	illustrative	ILLUSTRATIVE	-	-	-	-	-	-	-	-	snippet-4feef516f9f06d11	8c9dd3615de214752b9bf779c8ec154907c502ecadc8f47e565cb03e22f77565
part-07-coreai-swift-runtime/references/02-specialization-caching-and-aot.md	640	5-aimodelspecialize--controlling-when-not-how-much	prelude:guide-context	PRELUDE-NEEDED	-	-	-	-	-	-	-	-	snippet-4725b676a2fa95c6	c60d89a6d9086bf5be268baff2b24758b5dc7b9364bb12d4867d07f9ebb64fd7
part-07-coreai-swift-runtime/references/02-specialization-caching-and-aot.md	686	where-to-actually-call-it	illustrative	ILLUSTRATIVE	-	-	-	-	-	-	-	-	snippet-62f853b8b7790b06	369f26efb2affd8b1109981c7b07db60a617bee9988de377564ec4d895c0182b
part-07-coreai-swift-runtime/references/02-specialization-caching-and-aot.md	735	6-cache-policy-and-purge-conditions	illustrative	ILLUSTRATIVE	-	-	-	-	-	-	-	-	snippet-0f8401df5e3559e4	612516b794777ca0dc8c7d0345a69a983d92791976deef938befba67e68b1685
part-07-coreai-swift-runtime/references/02-specialization-caching-and-aot.md	829	making-the-os-update-invalidation-visible	prelude:guide-context	PRELUDE-NEEDED	-	-	-	-	-	-	-	-	snippet-6e54c46a1ddcec8c	7c911caa9f684fd762b1f29b51aa3f962bd180d77a0c7cd8c779d0320e0a7845
part-07-coreai-swift-runtime/references/02-specialization-caching-and-aot.md	862	7-deleting-entries--and-apples-contradiction	illustrative	ILLUSTRATIVE	-	-	-	-	-	-	-	-	snippet-0c64b28c6f46d807	cd624b480c852fa08064f163471d965798349f6b41f5f64dedf55d4ab702b5fe
part-07-coreai-swift-runtime/references/02-specialization-caching-and-aot.md	884	7-deleting-entries--and-apples-contradiction	prelude:guide-context	PRELUDE-NEEDED	-	-	-	-	-	-	-	-	snippet-422b75dc011ea36c	96d1546317adbb13fdf7d606bf00fbe152e059681a7fbe3ddccf54e356763ae8
part-07-coreai-swift-runtime/references/02-specialization-caching-and-aot.md	991	71-how-apples-own-tools-clear-the-cache--and-the-measurement-pattern-worth-stealing	illustrative	ILLUSTRATIVE	-	-	-	-	-	-	-	-	snippet-9072740210a60bbc	53fddb7810e42117062b85fca7790be09091823fed67a54fffd59fa527961a7b
part-07-coreai-swift-runtime/references/02-specialization-caching-and-aot.md	1038	8-sharing-a-cache-across-an-app-group	illustrative	ILLUSTRATIVE	-	-	-	-	-	-	-	-	snippet-2d3f43ca9f80ceef	4cf06e0faf9ca1d18d9fdd2e4083542aaaca54863d990ef3c5bfd212f5f92652
part-07-coreai-swift-runtime/references/02-specialization-caching-and-aot.md	1054	8-sharing-a-cache-across-an-app-group	prelude:guide-context	PRELUDE-NEEDED	-	-	-	-	-	-	-	-	snippet-dca87778d6a79ba4	2a80ef928cb1814adeeba8cc1179b7e7ccb7d897b429e19061bf0fb381deed56
part-07-coreai-swift-runtime/references/02-specialization-caching-and-aot.md	1072	8-sharing-a-cache-across-an-app-group	prelude:guide-context	PRELUDE-NEEDED	-	-	-	-	-	-	-	-	snippet-2021fd5940f0498a	96d331212234ade54d1428b81493803e7dd66b6c6d786b648485b835ad864b06
part-07-coreai-swift-runtime/references/02-specialization-caching-and-aot.md	1094	four-things-to-get-right	prelude:guide-context	PRELUDE-NEEDED	-	-	-	-	-	-	-	-	snippet-aba2d57ea228922e	7ff6e759f70b562e3d5c060abcd20dcd694688b004a1a21d0a6f417321d303e0
part-07-coreai-swift-runtime/references/02-specialization-caching-and-aot.md	1146	four-things-to-get-right	prelude:guide-context	PRELUDE-NEEDED	-	-	-	-	-	-	-	-	snippet-39a8bdae1bfab52d	367b0fde98f2ae16ca45d4b839c954c209c4ecec27569c4666ba373d396cccd6
part-07-coreai-swift-runtime/references/02-specialization-caching-and-aot.md	1178	9-bookmarks-deleting-the-source-and-keeping-the-model	illustrative	ILLUSTRATIVE	-	-	-	-	-	-	-	-	snippet-2faf0a5e03a347e0	f5a62230cb4b019091da659c9b602d755006d17f299a84523b2c30d787842159
part-07-coreai-swift-runtime/references/02-specialization-caching-and-aot.md	1193	the-full-workflow-apples-code	prelude:guide-context	PRELUDE-NEEDED	-	-	-	-	-	-	-	-	snippet-3b99e300c2337524	64d2dfe49568a89e6c9d9b2f66cae7f29395506b264ea668947ec7393cd359e6
part-07-coreai-swift-runtime/references/02-specialization-caching-and-aot.md	1208	the-full-workflow-apples-code	illustrative	ILLUSTRATIVE	-	-	-	-	-	-	-	-	snippet-0d66f006d0141db3	6303ab171c66df31c5d5490c7cb8c0370b8ec54fd760cad73bf42d9356786a71
part-07-coreai-swift-runtime/references/02-specialization-caching-and-aot.md	1226	the-full-workflow-apples-code	prelude:guide-context	PRELUDE-NEEDED	-	-	-	-	-	-	-	-	snippet-04e300732ebd36fa	a8b729cf3e38dc0331abfd1936893b48539b63dab3700ec69e814de9ec200839
part-07-coreai-swift-runtime/references/02-specialization-caching-and-aot.md	1263	two-failure-modes-and-they-are-different	prelude:guide-context	PRELUDE-NEEDED	-	-	-	-	-	-	-	-	snippet-2f898f4c3dcce57c	474c5134977f9fbe8d3ddeecd8396bebc5974d7ac1bcdd5908605c8587f4dc15
part-07-coreai-swift-runtime/references/02-specialization-caching-and-aot.md	1333	deleting-by-bookmark	prelude:guide-context	PRELUDE-NEEDED	-	-	-	-	-	-	-	-	snippet-71d51be537069b1c	a4d2a87e2bd0e90b39996a38adbd4b95fd6f54c5e9998b54fd5ffb7f05dc3962
part-07-coreai-swift-runtime/references/02-specialization-caching-and-aot.md	1363	10-specializationoptions-in-practice	illustrative	ILLUSTRATIVE	-	-	-	-	-	-	-	-	snippet-3334715b9eb780fb	9e823429640202aad056af7cf0532679f26e108733a2bc373fba2f266d390e1c
part-07-coreai-swift-runtime/references/02-specialization-caching-and-aot.md	1428	the-one-case-apple-names-for-cpuonly	prelude:guide-context	PRELUDE-NEEDED	-	-	-	-	-	-	-	-	snippet-c6e7b24783848f23	5ec7e2dfbc3de0f363e651539e6cab6525f935ab4d3bb219c3424593d97006ac
part-07-coreai-swift-runtime/references/02-specialization-caching-and-aot.md	1547	what-the-optional-coreai-models-runtime-actually-does	prelude:guide-context	PRELUDE-NEEDED	-	-	-	-	-	-	-	-	snippet-f8d264bd5723a231	c083240088140a60e01cce50e4ea6d827eea35916be40e5428b275094fd32cf6
part-07-coreai-swift-runtime/references/02-specialization-caching-and-aot.md	1605	availablekinds--check-before-you-prefer	illustrative	ILLUSTRATIVE	-	-	-	-	-	-	-	-	snippet-5dd237fa2d66329c	bb3ed1d551e217e3c072fdbf608b04cc145b95893f3df006dfe3e45b88d987d4
part-07-coreai-swift-runtime/references/02-specialization-caching-and-aot.md	1612	availablekinds--check-before-you-prefer	prelude:guide-context	PRELUDE-NEEDED	-	-	-	-	-	-	-	-	snippet-236c5054c2851c5f	426ad85182951305f7b047b6c9c61aa9a2966892dfc02ae4d9fb7d740bcd24cf
part-07-coreai-swift-runtime/references/02-specialization-caching-and-aot.md	1955	matching-the-artifact-at-runtime	illustrative	ILLUSTRATIVE	-	-	-	-	-	-	-	-	snippet-b1c4f8c890f1cc48	1a53fad6020b5fed9528c5b73ee427cb45ee53f4ca40621f387acab5d765afcc
part-07-coreai-swift-runtime/references/02-specialization-caching-and-aot.md	1981	matching-the-artifact-at-runtime	compile:27	VERIFIED	top	-	pass	-	-	-	-	-	snippet-8f6f43a5fd2df881	2e687a9412f8b76de022cfdace4d00396366035b6c1f0683f9f57379ccb9a728
part-07-coreai-swift-runtime/references/02-specialization-caching-and-aot.md	2431	the-ladder	prelude:guide-context	PRELUDE-NEEDED	-	-	-	-	-	-	-	-	snippet-2d8e8171d157a095	0d09e6841492905efcfa0b2eec835ad75e2692451d228d7acd4c052c878b0be1
part-07-coreai-swift-runtime/references/02-specialization-caching-and-aot.md	2536	the-instrumentation-that-makes-all-of-this-tractable	prelude:guide-context	PRELUDE-NEEDED	-	-	-	-	-	-	-	-	snippet-d2d83a4dc83ddf30	d3dd2a64fe27ecfcd8e26d03be17cc2be7a7c75b5a33979d189e1a9114ac6b32
part-07-coreai-swift-runtime/references/02-specialization-caching-and-aot.md	2557	the-api-in-one-block	illustrative	ILLUSTRATIVE	-	-	-	-	-	-	-	-	snippet-bb6213fd7f7a1936	6114e9e8316a064f21640adeacf0245fdb8357b9f2432ce0e034df000a487263
part-07-coreai-swift-runtime/references/03-states-and-pipelined-execution.md	719	the-api-verbatim	illustrative	ILLUSTRATIVE	-	-	-	-	-	-	-	-	snippet-9fddfe1832e630ec	a2adb2839eac7dc775fa665a9a1a18393bd2dd0f8500de4847054f76ef54b4b5
part-07-coreai-swift-runtime/references/03-states-and-pipelined-execution.md	737	the-api-verbatim	illustrative	ILLUSTRATIVE	-	-	-	-	-	-	-	-	snippet-4e6c399e8f04b268	7db0c08fafc6ca2790bb30b66265e5a4405d566130764e3b13e518f2b912676d
part-07-coreai-swift-runtime/references/03-states-and-pipelined-execution.md	762	the-pattern-verified-against-shipping-code	prelude:guide-context	PRELUDE-NEEDED	-	-	-	-	-	-	-	-	snippet-0c804e3bf2360e84	000c33dcc2a1477cb75a1c03a597cf6efea04ebfa735d4437dd1ee01755e80a9
part-07-coreai-swift-runtime/references/03-states-and-pipelined-execution.md	840	the-stateful-modelplayer	prelude:guide-context	PRELUDE-NEEDED	-	-	-	-	-	-	-	-	snippet-a6052efb44a57dea	e4bb5325a09838b87bf7613687a55b797a378d6716dc47e472bc5ad0f9f1efcc
part-07-coreai-swift-runtime/references/03-states-and-pipelined-execution.md	912	51-do-not-hardcode-names--read-the-descriptor	illustrative	ILLUSTRATIVE	-	-	-	-	-	-	-	-	snippet-7b680c1bb41bd648	57039f434d08e39edbd5365a05bfc52710b1103cf55c61a7ea8c782958468e7f
part-07-coreai-swift-runtime/references/03-states-and-pipelined-execution.md	942	51-do-not-hardcode-names--read-the-descriptor	illustrative	ILLUSTRATIVE	-	-	-	-	-	-	-	-	snippet-376548f48b6b81d0	5ed101274c07b5574672d177e24710b303d9b4a314c8e9045a1d255072b7622c
part-07-coreai-swift-runtime/references/03-states-and-pipelined-execution.md	1007	52-ndarraydescriptor-gives-you-the-layout-the-hardware-wants	prelude:guide-context	PRELUDE-NEEDED	-	-	-	-	-	-	-	-	snippet-c391ae8c8f0fdcf0	70a698acd61715c0306ec280d0145b8a5b47630ae1d63fa8e1e28f07465568ca
part-07-coreai-swift-runtime/references/03-states-and-pipelined-execution.md	1052	53-zeroing-and-the-six-second-reset	compile:27 imports:Foundation,CoreAI	VERIFIED	top	-	pass	-	-	-	-	-	snippet-fa723b19094b99e5	0a419686cbc0aa9411bedc70e67c01bd475e41d6a0c2f8cd22b968cdfdd0e0a3
part-07-coreai-swift-runtime/references/03-states-and-pipelined-execution.md	1097	the-four-strategies	compile:27	VERIFIED	top	-	pass	-	-	-	-	-	snippet-e0e2b7a5d07d4626	18fdc6cff9859ab008f729d7aff05e8ba074ddd44bf179873c8438eba42bff01
part-07-coreai-swift-runtime/references/03-states-and-pipelined-execution.md	1401	the-whole-loop-in-swift	compile:27	VERIFIED	top	-	pass	-	-	-	-	-	snippet-ed314fc211a95e39	468abf68c45ae9ce2a39d7051d648c9cce66ba1a01c202e4cdea5f5b356d1b6c
part-07-coreai-swift-runtime/references/03-states-and-pipelined-execution.md	1604	81-️-silent-failure--copy-on-write-copies-your-entire-kv-cache-every-step	illustrative	ILLUSTRATIVE	-	-	-	-	-	-	-	-	snippet-ca1c4b9ced3c1c7a	1c60239d12e9c26fd8e317162f40ec598161b7e476c1cf646c2a0580edd4a276
part-07-coreai-swift-runtime/references/03-states-and-pipelined-execution.md	1788	the-fork-in-the-return-value	illustrative	ILLUSTRATIVE	-	-	-	-	-	-	-	-	snippet-e7a463fd88cd9b4d	984b2aae0c9e7fae515e0999568c7d08fa4dc7825c7820463cc3c1d48d1e2d9e
part-07-coreai-swift-runtime/references/03-states-and-pipelined-execution.md	1881	encode-is-throws-not-async-throws	illustrative	ILLUSTRATIVE	-	-	-	-	-	-	-	-	snippet-cc74d44b6c12d72b	9a6e6277fa1e46bb114ce22582ee5f296d1ebeed1fe3f7564aea0eee009ce21a
part-07-coreai-swift-runtime/references/03-states-and-pipelined-execution.md	1910	computestream	illustrative	ILLUSTRATIVE	-	-	-	-	-	-	-	-	snippet-3a3f52547de53da5	ff25f1c0167d8086e720a41281bff810fc6ca0559edd9526d7fc1a6604154145
part-07-coreai-swift-runtime/references/03-states-and-pipelined-execution.md	1955	the-two-async-value-types	illustrative	ILLUSTRATIVE	-	-	-	-	-	-	-	-	snippet-4938e5cf3777e541	b66b0fe190535d3b76583812f08a03db1fe8b7f260becd9c6ab78825a7239c12
part-07-coreai-swift-runtime/references/03-states-and-pipelined-execution.md	2031	apples-own-two-stage-example	illustrative	ILLUSTRATIVE	-	-	-	-	-	-	-	-	snippet-4c63bbc66aa05470	699d6fdd3ff365b4047b378bd03ebf81cca7aed254023765ea9cd6eaaaa7564b
part-07-coreai-swift-runtime/references/03-states-and-pipelined-execution.md	2122	technique-1--everything-is-an-owned-mtlbuffer	illustrative	ILLUSTRATIVE	-	-	-	-	-	-	-	-	snippet-4dab05efe2729e81	429e1d904fd39ecc4ac99d66ebdc70cf2faa0dbfd1e158086a1b9e9cdf439f8d
part-07-coreai-swift-runtime/references/03-states-and-pipelined-execution.md	2142	technique-1--everything-is-an-owned-mtlbuffer	illustrative	ILLUSTRATIVE	-	-	-	-	-	-	-	-	snippet-073e0232062482c8	d117316ac85d1396dd60a518f3b8cf5abdefa22bc73a54c6698a505f7381fc1e
part-07-coreai-swift-runtime/references/03-states-and-pipelined-execution.md	2279	the-skeleton	illustrative	ILLUSTRATIVE	-	-	-	-	-	-	-	-	snippet-54a9d33185a68b8a	cb2494d75afb9a3baf7b624d71a0061c4e968677d1efb426dd684c020ecaff43
part-07-coreai-swift-runtime/references/03-states-and-pipelined-execution.md	2617	workaround-1--host-cache-the-kv	illustrative	ILLUSTRATIVE	-	-	-	-	-	-	-	-	snippet-ff86530ede0d3fe2	34c84488bca7a0ea6fd8de05a19dc3da89b5a576f8c40a71322fad7280fb9926
part-07-coreai-swift-runtime/references/03-states-and-pipelined-execution.md	3059	swift-api-surface-used-in-this-guide	illustrative	ILLUSTRATIVE	-	-	-	-	-	-	-	-	snippet-5e5e7ae3f1fdf606	0ffa97c007548872c636ba7ec6a460684bb4111c0b9cd58f825bf5ea26ff4290
part-07-coreai-swift-runtime/references/04-bundles-engines-and-guided-decoding.md	128	1-why-a-aimodel-is-not-a-model	prelude:guide-context	PRELUDE-NEEDED	-	-	-	-	-	-	-	-	snippet-80deda61008dce07	d9a3c803322b83cbe9f80cf817e28d2b7d800faac89c38f2f60264e9eb1fb6f6
part-07-coreai-swift-runtime/references/04-bundles-engines-and-guided-decoding.md	270	22-the-common-envelope-modelbundle	prelude:guide-context	PRELUDE-NEEDED	-	-	-	-	-	-	-	-	snippet-b8d5ffe6c90b0b5d	73ee502ec7604be58ebc5de70d61e2986a0b3197220cb6bb3f879dfe173d3c0d
part-07-coreai-swift-runtime/references/04-bundles-engines-and-guided-decoding.md	303	22-the-common-envelope-modelbundle	illustrative	ILLUSTRATIVE	-	-	-	-	-	-	-	-	snippet-88d971667238d58e	06bf5c8ca0720f5b3d88f8afa7d981764dde00da7d1e6b4a1adbbc18ea72c2a8
part-07-coreai-swift-runtime/references/04-bundles-engines-and-guided-decoding.md	348	23-️-aimodel-and-aimodelc-are-directories	illustrative	ILLUSTRATIVE	-	-	-	-	-	-	-	-	snippet-2d24935b0b64d6ed	a1ca8b001a999d3f2f8088d349cb3aff0747a1ec44b9db69adcbe353b7fb3f9c
part-07-coreai-swift-runtime/references/04-bundles-engines-and-guided-decoding.md	409	25-metadata_version-must-be-exactly-02	prelude:guide-context	PRELUDE-NEEDED	-	-	-	-	-	-	-	-	snippet-107426033d699e35	cbee94b9195da36f1c3dde98d5c452b361d602f96dc5448cbb4f27c40c9cebee
part-07-coreai-swift-runtime/references/04-bundles-engines-and-guided-decoding.md	434	26-the-language-block-and-a-discrepancy-worth-knowing	prelude:guide-context	PRELUDE-NEEDED	-	-	-	-	-	-	-	-	snippet-ce655bb02a32e5b2	7d50726503c4700e0d229b2a3e57bb31fa028542ba677a2b8caa929a7e99afbd
part-07-coreai-swift-runtime/references/04-bundles-engines-and-guided-decoding.md	458	26-the-language-block-and-a-discrepancy-worth-knowing	illustrative	ILLUSTRATIVE	-	-	-	-	-	-	-	-	snippet-6ef84ebc7e7a4c93	4b2712f77db0f94c9f62e1c0af8dec5a5639b4c31ceceaefae9eb84af6b7598b
part-07-coreai-swift-runtime/references/04-bundles-engines-and-guided-decoding.md	474	26-the-language-block-and-a-discrepancy-worth-knowing	prelude:guide-context	PRELUDE-NEEDED	-	-	-	-	-	-	-	-	snippet-06df0e201c2ccd8b	e08b1a62c750247749a6564b43c93103ea7813b5ad22efc7d0b5a22928ed4d68
part-07-coreai-swift-runtime/references/04-bundles-engines-and-guided-decoding.md	495	26-the-language-block-and-a-discrepancy-worth-knowing	prelude:guide-context	PRELUDE-NEEDED	-	-	-	-	-	-	-	-	snippet-d0f8648ff1683fd8	2dcb0523e4374df5ccf4084d414279a67441096a65ff859709951aac1e6401c3
part-07-coreai-swift-runtime/references/04-bundles-engines-and-guided-decoding.md	540	27-languagebundle-the-strict-loader	prelude:guide-context	PRELUDE-NEEDED	-	-	-	-	-	-	-	-	snippet-9e1cd2f3d654aeb3	eab1190707293e0de7675433853b175d7993c1ef33c295f6dc7074755e5026c6
part-07-coreai-swift-runtime/references/04-bundles-engines-and-guided-decoding.md	574	27-languagebundle-the-strict-loader	prelude:guide-context	PRELUDE-NEEDED	-	-	-	-	-	-	-	-	snippet-f674427b5da0fea3	75077520d25b52f85f4b9e414cfcaf0f78709209f9cf07c6817c661587a52b21
part-07-coreai-swift-runtime/references/04-bundles-engines-and-guided-decoding.md	639	28-the-diffusion-bundle-three-resolution-mechanisms-in-one-directory	prelude:guide-context	PRELUDE-NEEDED	-	-	-	-	-	-	-	-	snippet-a2a8f0eb6293ff76	a588ce5443d1539dc20ca9dbb2d0ba45a9d6a578cdcaa4e6f84202ae298a4fc5
part-07-coreai-swift-runtime/references/04-bundles-engines-and-guided-decoding.md	644	28-the-diffusion-bundle-three-resolution-mechanisms-in-one-directory	illustrative	ILLUSTRATIVE	-	-	-	-	-	-	-	-	snippet-082fde71aaf9d69d	43891580afd3c7015cf2a08aa11389a94147b83ec8f9a467f034b978673fbf3f
part-07-coreai-swift-runtime/references/04-bundles-engines-and-guided-decoding.md	692	29-️-bundlekind-has-four-cases-and-the-repo-ships-six-model-families	compile:27	VERIFIED	top	-	pass	-	-	-	-	-	snippet-89e64453ac3a1055	de7e0186c5c22507bb160c242c0c5968787ffea46fd0b639e8486179bbae3309
part-07-coreai-swift-runtime/references/04-bundles-engines-and-guided-decoding.md	722	29-️-bundlekind-has-four-cases-and-the-repo-ships-six-model-families	prelude:guide-context	PRELUDE-NEEDED	-	-	-	-	-	-	-	-	snippet-dd2f9ab17966da5f	340229d373a80299120ff6fc7f06363c4ece01387128f58a236103db1e9f2b51
part-07-coreai-swift-runtime/references/04-bundles-engines-and-guided-decoding.md	776	210-after-aot-compilation-you-must-hand-edit-metadatajson	compile:27	VERIFIED	top	-	pass	-	-	-	-	-	snippet-2d9f29330eb91c68	fb3afcb5cc7ca58cbc2e5eae01ba47ecd5da2e1a5c880148e07c2961e5bd97b8
part-07-coreai-swift-runtime/references/04-bundles-engines-and-guided-decoding.md	885	211-️-silent-failure--compression-records-the-request-not-the-result	prelude:guide-context	PRELUDE-NEEDED	-	-	-	-	-	-	-	-	snippet-5d92c5deb62bf445	243879ab80c6b692d0b1304051e66c1b21dcfece511ff5651d6283feb6841d9f
part-07-coreai-swift-runtime/references/04-bundles-engines-and-guided-decoding.md	934	31-the-manifest	illustrative	ILLUSTRATIVE	-	-	-	-	-	-	-	-	snippet-4c31d721de7aadcc	288776d246b6ebd47a0cc1ac2e8edc4379dc29e99cac0e30b07185b0a3dce18f
part-07-coreai-swift-runtime/references/04-bundles-engines-and-guided-decoding.md	983	32-the-dependency-that-should-make-you-nervous	illustrative	ILLUSTRATIVE	-	-	-	-	-	-	-	-	snippet-f87cd6ad5ae1b9b0	fc98117fcf5233128947d0a059a4f0a6aba85923454c47b44b9c9c26943a8c18
part-07-coreai-swift-runtime/references/04-bundles-engines-and-guided-decoding.md	1129	34-the-six-cli-tools-and-what-each-is-actually-for	compile:27 imports:Foundation	VERIFIED	body	-	pass	-	-	-	-	-	snippet-6f04a34763acb9d3	569f960cd4aad3b65d011ab63daea0ea975d703a30005b575b6721d2229d85ae
part-07-coreai-swift-runtime/references/04-bundles-engines-and-guided-decoding.md	1155	41-coreairunner--bundle-in-engine-out	prelude:guide-context	PRELUDE-NEEDED	-	-	-	-	-	-	-	-	snippet-41843d9ccd32648b	6f11e1c84c5ef2a0b1410589b3faac5b3ab1a1b707ce0200d5fc9fbeb569d702
part-07-coreai-swift-runtime/references/04-bundles-engines-and-guided-decoding.md	1187	42-preparedmodel--the-two-phase-load-that-picks-your-compute-unit	illustrative	ILLUSTRATIVE	-	-	-	-	-	-	-	-	snippet-a798bd6b5583756f	48a30a5dcfd3b430340da273cd140396b14463460cf6cdd2c8050d2ef48e0195
part-07-coreai-swift-runtime/references/04-bundles-engines-and-guided-decoding.md	1205	42-preparedmodel--the-two-phase-load-that-picks-your-compute-unit	illustrative	ILLUSTRATIVE	-	-	-	-	-	-	-	-	snippet-fba72e0eae356133	3d6abba62aa237f49ba9aca03d819f372a4cc71a6347eb5a0b04fcdbf7aae07e
part-07-coreai-swift-runtime/references/04-bundles-engines-and-guided-decoding.md	1218	42-preparedmodel--the-two-phase-load-that-picks-your-compute-unit	prelude:guide-context	PRELUDE-NEEDED	-	-	-	-	-	-	-	-	snippet-0d365767938bd1be	0f3bb4bd7bef2a411da9cd235f23b89b240e8a77599328d21520063d2d378e62
part-07-coreai-swift-runtime/references/04-bundles-engines-and-guided-decoding.md	1248	42-preparedmodel--the-two-phase-load-that-picks-your-compute-unit	prelude:guide-context	PRELUDE-NEEDED	-	-	-	-	-	-	-	-	snippet-afe90c684bd2c01b	f8e6dc3a18145952501c2d7c4e84fac81458733845a84bbe4f0fd055e0106c2a
part-07-coreai-swift-runtime/references/04-bundles-engines-and-guided-decoding.md	1336	43-modelresources--lazy-loading-shared-engines-borrow-safe-unload	prelude:external-module	PRELUDE-NEEDED	-	-	-	-	-	-	-	-	snippet-8ad448e45670df0c	d2c23ab2c9389f907a5469cdbc99a8d4844a3549fff9c8391b1afe86731ff336
part-07-coreai-swift-runtime/references/04-bundles-engines-and-guided-decoding.md	1377	51-the-protocol	illustrative	ILLUSTRATIVE	-	-	-	-	-	-	-	-	snippet-811a16a34550c0eb	18c39caaad57b1453e0889875ad7648351973b1d07db51849b135aadb86ed8fa
part-07-coreai-swift-runtime/references/04-bundles-engines-and-guided-decoding.md	1440	51-the-protocol	prelude:guide-context	PRELUDE-NEEDED	-	-	-	-	-	-	-	-	snippet-5d93e7de73baa09a	152f0478d5570331ae8724f3c131246f2269cc6fae9dfca04f6087ca1f069504
part-07-coreai-swift-runtime/references/04-bundles-engines-and-guided-decoding.md	1466	51-the-protocol	illustrative	ILLUSTRATIVE	-	-	-	-	-	-	-	-	snippet-2a26bd38e2a1ccaa	c251871818195769a5c4dd365f0fad84620b360c18ae975bccb11432bab4e5d1
part-07-coreai-swift-runtime/references/04-bundles-engines-and-guided-decoding.md	1484	52-the-three-variants-and-how-one-is-chosen	compile:27	VERIFIED	top	-	pass	-	-	-	-	-	snippet-8b9c1adc218a9d30	a2798690d8012d7af8d0ae0b3ab3d4c76a3ab1ffe5f14bd05de349b1d794bd2e
part-07-coreai-swift-runtime/references/04-bundles-engines-and-guided-decoding.md	1498	52-the-three-variants-and-how-one-is-chosen	illustrative	ILLUSTRATIVE	-	-	-	-	-	-	-	-	snippet-89d4657ceb2fb4de	f3fef39182d2a23136bf80e72b8588c2419030bd1f2ebdfe9a5b04af8fbde7e8
part-07-coreai-swift-runtime/references/04-bundles-engines-and-guided-decoding.md	1576	53-coreaisequentialengine--dynamic-cpu-side-sampling-logits-available	prelude:guide-context	PRELUDE-NEEDED	-	-	-	-	-	-	-	-	snippet-462a03942762d683	9adc7bf9252d58dddde6029704f5902486c24f4eae90d85f3f42413e44f06025
part-07-coreai-swift-runtime/references/04-bundles-engines-and-guided-decoding.md	1624	54-coreaipipelinedengine--gpu-on-device-sampling-no-logits	compile:27	VERIFIED	body	-	pass	-	-	-	-	-	snippet-88dee0a535da0c73	276bef19e6554cd1643d1df640d470845d889b12b1f006d312bf6b09e0637115
part-07-coreai-swift-runtime/references/04-bundles-engines-and-guided-decoding.md	1677	55-staticshapeengine--neural-engine-chunked-static-logits-available	illustrative	ILLUSTRATIVE	-	-	-	-	-	-	-	-	snippet-86e857ac81e7567d	981e947ff58016a53c521fad9c0cecee8238930246723fb35e1a50fd70471fba
part-07-coreai-swift-runtime/references/04-bundles-engines-and-guided-decoding.md	1731	56-coreaisequentialvlmengine	prelude:guide-context	PRELUDE-NEEDED	-	-	-	-	-	-	-	-	snippet-511594d6ae5abb43	4c13d9d81c9640ba6d6044addd320898ba61e0fc28582846f5ce01f9fc4ce17c
part-07-coreai-swift-runtime/references/04-bundles-engines-and-guided-decoding.md	1747	56-coreaisequentialvlmengine	compile:27 imports:CoreAI	VERIFIED	top	-	pass	-	-	-	-	-	snippet-0e2c4a3a6b48580a	ddb26ffcddce3e3f2ae65fb52f2789325a0dbe735b06c888bd86ef473df71074
part-07-coreai-swift-runtime/references/04-bundles-engines-and-guided-decoding.md	1769	57-kv-cache-strategy--and-the-memory-arithmetic-behind-it	compile:27	VERIFIED	top	-	pass	-	-	-	-	-	snippet-74e746ccc0f95bd6	98c69168606916a1f31f4a3af566d553e4861a37132fe3e84f2d7d16afa3a99c
part-07-coreai-swift-runtime/references/04-bundles-engines-and-guided-decoding.md	1897	58-choosing-an-engine-the-decision-table	prelude:guide-context	PRELUDE-NEEDED	-	-	-	-	-	-	-	-	snippet-e02ceccdfa4404c1	83b3a78c91ca93c711f28d22530c697d8f3413f407bc72d79ca07799881f9cf1
part-07-coreai-swift-runtime/references/04-bundles-engines-and-guided-decoding.md	1916	58-choosing-an-engine-the-decision-table	compile:27	VERIFIED	top	-	pass	-	-	-	-	-	snippet-058e38c461f093a4	7bb3b8f1630c67738e0c934791e6499f14b53436cd463df11b481ad00cae600f
part-07-coreai-swift-runtime/references/04-bundles-engines-and-guided-decoding.md	2019	61-what-apples-engines-already-do-for-you	illustrative	ILLUSTRATIVE	-	-	-	-	-	-	-	-	snippet-645314d1aeb78b49	2b6521d211b58025d60b1a9ee20a10dd01a5d0aba35a8394b3d5f82fc9b53e3f
part-07-coreai-swift-runtime/references/04-bundles-engines-and-guided-decoding.md	2028	61-what-apples-engines-already-do-for-you	prelude:guide-context	PRELUDE-NEEDED	-	-	-	-	-	-	-	-	snippet-516f99a6331cef1e	8c516d2cb560975307d7b379446fd4eb7874dcb10d1c127b7587e9a6181b0e11
part-07-coreai-swift-runtime/references/04-bundles-engines-and-guided-decoding.md	2057	61-what-apples-engines-already-do-for-you	illustrative	ILLUSTRATIVE	-	-	-	-	-	-	-	-	snippet-fb458905fcdd5d56	b802608819959775b5c3572c30844877f683f4962df7572e527fa5c63ad1490d
part-07-coreai-swift-runtime/references/04-bundles-engines-and-guided-decoding.md	2104	63-trimkvcache--the-community-primitive-apples-protocol-lacks	illustrative	ILLUSTRATIVE	-	-	-	-	-	-	-	-	snippet-983c7716a0d08286	2d4330020eeabfe0d45704e0f3f09954806b143daa52e70828ef71f141866baf
part-07-coreai-swift-runtime/references/04-bundles-engines-and-guided-decoding.md	2128	63-trimkvcache--the-community-primitive-apples-protocol-lacks	illustrative	ILLUSTRATIVE	-	-	-	-	-	-	-	-	snippet-70f69f88d83df09d	ae95d7545e149ea10bdd0828f64ce2259779540a8ad68ed609c0bcee09c8c3a0
part-07-coreai-swift-runtime/references/04-bundles-engines-and-guided-decoding.md	2154	63-trimkvcache--the-community-primitive-apples-protocol-lacks	prelude:guide-context	PRELUDE-NEEDED	-	-	-	-	-	-	-	-	snippet-d472fa8aaf0d2002	724b1a09806c671e34a199b4810f19cc83e2885f5fb7e268b2043047de35b62e
part-07-coreai-swift-runtime/references/04-bundles-engines-and-guided-decoding.md	2172	64-the-negative-result-that-changes-model-selection	illustrative	ILLUSTRATIVE	-	-	-	-	-	-	-	-	snippet-8364911317b7db01	398137c9f90e461f15dbcd92f2736a8d74763ac0c9b0cb1368fb5bb773423ead
part-07-coreai-swift-runtime/references/04-bundles-engines-and-guided-decoding.md	2219	65-the-caller-side-algorithm	prelude:guide-context	PRELUDE-NEEDED	-	-	-	-	-	-	-	-	snippet-c23f6566ee65fa6d	5ca9b314c6327aaef68fbfc0eb092d97d71797baadd90f232a66de9742888ad5
part-07-coreai-swift-runtime/references/04-bundles-engines-and-guided-decoding.md	2369	72-the-xgrammar-bridge	prelude:guide-context	PRELUDE-NEEDED	-	-	-	-	-	-	-	-	snippet-f68061c7102cf6b8	a3d77c0e7d60e2ed319849ca8e95e97c800fdac84c215699ae8e1e75219d8d0d
part-07-coreai-swift-runtime/references/04-bundles-engines-and-guided-decoding.md	2399	72-the-xgrammar-bridge	prelude:guide-context	PRELUDE-NEEDED	-	-	-	-	-	-	-	-	snippet-e04f4a1b2e7e743d	9c2da9c8be4179541915dae852ec290a69e33bc433a7f8cc5d168737d8495505
part-07-coreai-swift-runtime/references/04-bundles-engines-and-guided-decoding.md	2430	73-constrainedgenerationsession--the-type-you-would-actually-use	prelude:guide-context	PRELUDE-NEEDED	-	-	-	-	-	-	-	-	snippet-cd6777cba47f96a4	7ff8fe5a3677127128f81027de9ce3b010a5013172863ebae0a313eca2198cd1
part-07-coreai-swift-runtime/references/04-bundles-engines-and-guided-decoding.md	2476	73-constrainedgenerationsession--the-type-you-would-actually-use	illustrative	ILLUSTRATIVE	-	-	-	-	-	-	-	-	snippet-6985a4cfc017cfcf	5c29c335aec96e9baefd798988925c7434697f1928af9eb85710febf501b5b65
part-07-coreai-swift-runtime/references/04-bundles-engines-and-guided-decoding.md	2514	731-three-additions-at-49becc6--and-what-they-tell-you-about-where-this-is-going	illustrative	ILLUSTRATIVE	-	-	-	-	-	-	-	-	snippet-7e0d9f326628132f	ae460047ad5da44ed84849b04cb3cce722fe5f595ee7c258dc9e4d3b913642b5
part-07-coreai-swift-runtime/references/04-bundles-engines-and-guided-decoding.md	2534	731-three-additions-at-49becc6--and-what-they-tell-you-about-where-this-is-going	illustrative	ILLUSTRATIVE	-	-	-	-	-	-	-	-	snippet-4bb3dad012cee045	7a99f0c650b535f2feb67584c9adef42b245e6b7c1af99146046b1e87855a222
part-07-coreai-swift-runtime/references/04-bundles-engines-and-guided-decoding.md	2549	731-three-additions-at-49becc6--and-what-they-tell-you-about-where-this-is-going	illustrative	ILLUSTRATIVE	-	-	-	-	-	-	-	-	snippet-4db4bf64fa5be6fc	3fd51829bedddca6ee973e2cc6d5a7cf487160b78f356330d2ce2be37b65912b
part-07-coreai-swift-runtime/references/04-bundles-engines-and-guided-decoding.md	2609	74-️-silent-failure--the-dead-stoptokenids-parameter	prelude:guide-context	PRELUDE-NEEDED	-	-	-	-	-	-	-	-	snippet-a58c28d442e4133f	934d5108e45cfaa5ab93973139d2facc766b63343f84ea5b593c1c9f73e124b3
part-07-coreai-swift-runtime/references/04-bundles-engines-and-guided-decoding.md	2618	74-️-silent-failure--the-dead-stoptokenids-parameter	illustrative	ILLUSTRATIVE	-	-	-	-	-	-	-	-	snippet-fe1ad66e5aa6aa81	ec8266aed2671121d243793fd4da457e0ebfb8d60f26532c5c5658da6c489fce
part-07-coreai-swift-runtime/references/04-bundles-engines-and-guided-decoding.md	2631	74-️-silent-failure--the-dead-stoptokenids-parameter	illustrative	ILLUSTRATIVE	-	-	-	-	-	-	-	-	snippet-88469688e569cc4b	318225bfe42356605b3125bf01d8263dad28201a69e5760c438aa140e50e61db
part-07-coreai-swift-runtime/references/04-bundles-engines-and-guided-decoding.md	2669	74-️-silent-failure--the-dead-stoptokenids-parameter	prelude:guide-context	PRELUDE-NEEDED	-	-	-	-	-	-	-	-	snippet-f6b3337b5e5d464c	9eab016d2889291fbf8bc539596fea4ac048651930988fa799db0c3ce34fa1e8
part-07-coreai-swift-runtime/references/04-bundles-engines-and-guided-decoding.md	2683	75-️-a-second-quieter-trap-the-vocabtype-default-mismatch	compile:27	VERIFIED	top	-	pass	-	-	-	-	-	snippet-554f647eff462a0b	c6ef74227b5e475c0aeda354e105706ceb93b9772385e54fb1135098e9069b9c
part-07-coreai-swift-runtime/references/04-bundles-engines-and-guided-decoding.md	2705	75-️-a-second-quieter-trap-the-vocabtype-default-mismatch	prelude:guide-context	PRELUDE-NEEDED	-	-	-	-	-	-	-	-	snippet-61cbaf9724d70480	f1e0af1c8d458d7647648db66bd0ea3c4b2d8d2ba5bb6ca43895be2ad1dde6b9
part-07-coreai-swift-runtime/references/04-bundles-engines-and-guided-decoding.md	2722	76-constraineddecodingstrategy--the-per-step-loop	illustrative	ILLUSTRATIVE	-	-	-	-	-	-	-	-	snippet-ceb14d1c3463a8c9	54f34dc82ba5553dd081b755a7f17f4b15b3525f08beed511e8f6d1b3bf531fd
part-07-coreai-swift-runtime/references/04-bundles-engines-and-guided-decoding.md	2773	76-constraineddecodingstrategy--the-per-step-loop	prelude:guide-context	PRELUDE-NEEDED	-	-	-	-	-	-	-	-	snippet-56c7cee3b512a4e5	e484377a8aff9e2daebabf1b03bbfd1ff26c199377fd7c0156086f01fca0ec8c
part-07-coreai-swift-runtime/references/04-bundles-engines-and-guided-decoding.md	2788	76-constraineddecodingstrategy--the-per-step-loop	illustrative	ILLUSTRATIVE	-	-	-	-	-	-	-	-	snippet-6b7f5cda81c17b64	cdaf82bc49f91132895ef251aa07d18032cf78d79bc8bf45bbcab971fe8e28cc
part-07-coreai-swift-runtime/references/04-bundles-engines-and-guided-decoding.md	2819	77-the-foundation-models-path--and-where-the-capability-check-happens	illustrative	ILLUSTRATIVE	-	-	-	-	-	-	-	-	snippet-aeedfd417021435f	13bbd925248b45213173049c63eb91647950463793ff45bbd8557076e16f7684
part-07-coreai-swift-runtime/references/04-bundles-engines-and-guided-decoding.md	2843	77-the-foundation-models-path--and-where-the-capability-check-happens	prelude:guide-context	PRELUDE-NEEDED	-	-	-	-	-	-	-	-	snippet-cd1f4dc0170c1323	06875da687d4690bfb56e75766db77f7afcf8a11864cc0a30ca87dbecce7387e
part-07-coreai-swift-runtime/references/04-bundles-engines-and-guided-decoding.md	2915	78-️-the-architectural-constraint-guided-generation-and-the-fastest-engine-are-mutually-exclusive	prelude:guide-context	PRELUDE-NEEDED	-	-	-	-	-	-	-	-	snippet-cb04e55f29140177	9172fae6252d26210810bfb9b018bea4d5fd8178cb3cc3ed7053288cceaa8ea0
part-07-coreai-swift-runtime/references/04-bundles-engines-and-guided-decoding.md	2938	78-️-the-architectural-constraint-guided-generation-and-the-fastest-engine-are-mutually-exclusive	prelude:guide-context	PRELUDE-NEEDED	-	-	-	-	-	-	-	-	snippet-1b5211e3ae9e3733	daa142a9ff2ad72a50fbfb37fd71b2b5813aa375691e40c534936d091c377ed6
part-07-coreai-swift-runtime/references/04-bundles-engines-and-guided-decoding.md	3018	79-convergent-evolution-everyone-reached-for-the-same-library	illustrative	ILLUSTRATIVE	-	-	-	-	-	-	-	-	snippet-3f5c03a1653def5e	a54d9145d0e6c21209caa323282820a88915ef490916b02caa53b4e7de096c58
part-07-coreai-swift-runtime/references/04-bundles-engines-and-guided-decoding.md	3062	710-a-complete-self-contained-constrained-generation-loop	prelude:external-module	PRELUDE-NEEDED	-	-	-	-	-	-	-	-	snippet-6f0d7a9ba2982aee	f579e2d38c83b837c5d32603a575787cf09df8c91257fceabf40eb6c1b5a56bf
part-07-coreai-swift-runtime/references/04-bundles-engines-and-guided-decoding.md	3197	8-plugging-into-foundation-models	prelude:external-module	PRELUDE-NEEDED	-	-	-	-	-	-	-	-	snippet-9e31147af1be7196	cd54afbd5e65ae1098d042ca3ac9b98e71499c12e4a23f29709fc381b477ea0e
part-07-coreai-swift-runtime/references/04-bundles-engines-and-guided-decoding.md	3211	81-the-type	illustrative	ILLUSTRATIVE	-	-	-	-	-	-	-	-	snippet-14c31b6229ef17d1	8c09da9d5db2f7499b080b5ea7d41d9d0433743aef06960349904b808d07449d
part-07-coreai-swift-runtime/references/04-bundles-engines-and-guided-decoding.md	3243	82-capabilities-are-auto-detected-from-the-tokenizer	prelude:guide-context	PRELUDE-NEEDED	-	-	-	-	-	-	-	-	snippet-07e92d08e881f45e	031bfb10ae0ebf10181849403446693fab4302eab64c8b0944b5e3b886955794
part-07-coreai-swift-runtime/references/04-bundles-engines-and-guided-decoding.md	3288	83-what-the-adapter-forwards-and-what-it-drops	illustrative	ILLUSTRATIVE	-	-	-	-	-	-	-	-	snippet-129a7589d684a34f	00ca265c402fb2b6e30dc6ea03a8c08303a82abeaf04be0d979f93dbbfa2840a
part-07-coreai-swift-runtime/references/04-bundles-engines-and-guided-decoding.md	3328	84-prewarm--implemented-and-worth-calling	prelude:guide-context	PRELUDE-NEEDED	-	-	-	-	-	-	-	-	snippet-00c469bdd539ea3a	e19f2f6085aeca86348c4a01511c6cadd2b32a0d7de7497ed3ae7b66b95e0e6b
part-07-coreai-swift-runtime/references/04-bundles-engines-and-guided-decoding.md	3350	85-the-full-session-with-everything-this-guide-has-said-applied	prelude:external-module	PRELUDE-NEEDED	-	-	-	-	-	-	-	-	snippet-e1ea622f9a0f69db	847eb8ca94fbf687533395f65f46c30a2aabb505a8eed132f633b6d7f7270b90
part-07-coreai-swift-runtime/references/04-bundles-engines-and-guided-decoding.md	3413	91-samplingconfiguration--the-declarative-half	prelude:guide-context	PRELUDE-NEEDED	-	-	-	-	-	-	-	-	snippet-3fae9049897d0015	5f8ceb969ae0ce82ea11f828c94a0550f68cf947bf76947b01e83c01e8140b97
part-07-coreai-swift-runtime/references/04-bundles-engines-and-guided-decoding.md	3473	92-two-sampler-implementations-one-per-engine	prelude:guide-context	PRELUDE-NEEDED	-	-	-	-	-	-	-	-	snippet-da6cc97591fe4662	d5471da712c0c409021c9285a1c6ec56de1eebc95f122de85a466cbcffbb8c0f
part-07-coreai-swift-runtime/references/04-bundles-engines-and-guided-decoding.md	3496	92-two-sampler-implementations-one-per-engine	illustrative	ILLUSTRATIVE	-	-	-	-	-	-	-	-	snippet-49c1e8f135cb9acb	32cea6510acc4708fac38293099fc3158b3bcdb855455efbd2a40a070a6573b6
part-07-coreai-swift-runtime/references/04-bundles-engines-and-guided-decoding.md	3524	93-what-bring-your-own-sampling-strategy-actually-means	prelude:guide-context	PRELUDE-NEEDED	-	-	-	-	-	-	-	-	snippet-96a863643990ce1e	a4f2762ee5435360f9b0d2ebe49cfd2cc0ab8c79e85d80237f99c5d06fa2df42
part-07-coreai-swift-runtime/references/04-bundles-engines-and-guided-decoding.md	3545	93-what-bring-your-own-sampling-strategy-actually-means	illustrative	ILLUSTRATIVE	-	-	-	-	-	-	-	-	snippet-af7bea79f205042a	6aeba4f19876599715a7c84e27dece8f6f30c23574e8c57cb6b04a92cf2511ff
part-07-coreai-swift-runtime/references/04-bundles-engines-and-guided-decoding.md	3557	93-what-bring-your-own-sampling-strategy-actually-means	prelude:guide-context	PRELUDE-NEEDED	-	-	-	-	-	-	-	-	snippet-0d409f80401df4c3	1fcfbc4b75a3e8ad760859f2ae275b714f0b56091c24695522239f5236e7efa8
part-07-coreai-swift-runtime/references/04-bundles-engines-and-guided-decoding.md	3579	93-what-bring-your-own-sampling-strategy-actually-means	illustrative	ILLUSTRATIVE	-	-	-	-	-	-	-	-	snippet-f9cc645feda7e9eb	5aa49015f2f542b35efdaeca25b3c1c76532f231a0c8f32b8d027dea8fe1a909
part-07-coreai-swift-runtime/references/04-bundles-engines-and-guided-decoding.md	3599	93-what-bring-your-own-sampling-strategy-actually-means	prelude:guide-context	PRELUDE-NEEDED	-	-	-	-	-	-	-	-	snippet-b31f589979fd0ec2	2ccf8dbba76f6ddaeb4f30e0ab557714e68be8221a6c60b6908834985101f4d1
part-07-coreai-swift-runtime/references/04-bundles-engines-and-guided-decoding.md	3677	103-copy-paste-validate-a-bundle-before-you-ship-it	prelude:external-module	PRELUDE-NEEDED	-	-	-	-	-	-	-	-	snippet-fbe846d6fc953847	c4981dc24e1eae573ea09aa8d541008f9302cf3346b59c72eba20be5d1d703c7
part-07-coreai-swift-runtime/references/05-non-llm-engines-bundles-warmup-and-caching.md	100	2-bundle-directory-model-asset-and-function-map	illustrative	ILLUSTRATIVE	-	-	-	-	-	-	-	-	snippet-1f37db9fd7b31809	eca27514fe044c6729cfc90ed446b1e82d88dd0e748b7256ca3962cdfe144b0f
part-07-coreai-swift-runtime/references/05-non-llm-engines-bundles-warmup-and-caching.md	306	5-object-detection-one-raw-asset-one-real-warmup	prelude:external-module	PRELUDE-NEEDED	-	-	-	-	-	-	-	-	snippet-73ac4aef78270b39	5e3205b9d8ccccaa0040fbfb440bcc7e8fc7e971f892b6c21f094e980d29d335
part-07-coreai-swift-runtime/references/05-non-llm-engines-bundles-warmup-and-caching.md	371	62-each-component-owns-its-own-core-ai-lifetime	prelude:external-module	PRELUDE-NEEDED	-	-	-	-	-	-	-	-	snippet-28787bd4a268abe7	96fe1141501decf0cdea0d8993ef6275fafe5db7faa2cf3d0c3467356b9aebd4
part-07-coreai-swift-runtime/references/05-non-llm-engines-bundles-warmup-and-caching.md	461	7-warmup-is-not-one-operation	illustrative	ILLUSTRATIVE	-	-	-	-	-	-	-	-	snippet-84abfe54e66eda12	3648a0d2a956c16dbc1e2602d3685a8cde9c3947b1e92425374d09d318fa490e
part-08-coreai-pytorch-conversion/references/01-conversion-and-the-io-contract.md	1940	101-one-converter-n-exported-programs-n-entrypoint-names	prelude:guide-context	PRELUDE-NEEDED	-	-	-	-	-	-	-	-	snippet-a6497f5bde309d56	e227d61dd31b5224031bb7644968af0957e73aa2d55e0c918acc0b644cdc60fe
part-09-coreai-compression-numerics/references/03-numeric-formats-across-the-stack.md	741	32--gap--you-cannot-read-sub-byte-data-from-swift-except-as-raw-bytes	compile:27	VERIFIED	top	-	pass	-	-	-	-	-	snippet-90b2f22df8376222	bed82748d44c13ce9c7ba9bd31bfe57f50f9565d03fb10a6affe9a68472d391b
part-09-coreai-compression-numerics/references/03-numeric-formats-across-the-stack.md	790	33-storage-is-not-the-only-thing-ndarray-describes	illustrative	ILLUSTRATIVE	-	-	-	-	-	-	-	-	snippet-e4ed89fca07a0aad	0ceb63677b787dd31b89407eda6c8d9734f8feb693358bfd4fcaed19553caae7
part-09-coreai-compression-numerics/references/03-numeric-formats-across-the-stack.md	1955	82-aimodelassetsummary--the-same-data-programmatically	compile:27	VERIFIED	top	-	pass	-	-	-	-	-	snippet-bf5c6d2379f0f10f	c7b999ee4506092f79f81c02cf1f0823b174f6610bdbefa666d5dc80aeb69ea6
part-10-coreai-hardware-authoring-debugging/references/01-ane-vs-gpu-authoring-rules.md	2973	8-how-the-optional-coreai-models-helper-chooses-a-compute-unit-preference	compile:27	VERIFIED	top	-	pass	-	-	-	-	-	snippet-f8b135fd2ae3306d	a807281abfd2263698b21d937b244c419805d4327e929f6859fca0c8fe9f4f90
part-10-coreai-hardware-authoring-debugging/references/01-ane-vs-gpu-authoring-rules.md	2988	8-how-the-optional-coreai-models-helper-chooses-a-compute-unit-preference	prelude:guide-context	PRELUDE-NEEDED	-	-	-	-	-	-	-	-	snippet-5aaf0f2cd08c4a5d	84d2b0397716343b8da6999cc25b35705c6d1664b49ec860bf2524dd2e5367f0
part-10-coreai-hardware-authoring-debugging/references/01-ane-vs-gpu-authoring-rules.md	3023	8-how-the-optional-coreai-models-helper-chooses-a-compute-unit-preference	prelude:guide-context	PRELUDE-NEEDED	-	-	-	-	-	-	-	-	snippet-f1bd0f1d7d29278a	7636a9e054637321404295dfbb4703399034d9b03253a588b22dc4d151e1fc2e
part-10-coreai-hardware-authoring-debugging/references/01-ane-vs-gpu-authoring-rules.md	3044	8-how-the-optional-coreai-models-helper-chooses-a-compute-unit-preference	prelude:guide-context	PRELUDE-NEEDED	-	-	-	-	-	-	-	-	snippet-024cfe817b45722d	63998fb4b73678b891f2e4ea958ab530165f929e3a11849d1d6f9216f06dbbf1
part-10-coreai-hardware-authoring-debugging/references/01-ane-vs-gpu-authoring-rules.md	3390	95-️-the-gap-between-the-session-and-the-shipped-runtime	illustrative	ILLUSTRATIVE	-	-	-	-	-	-	-	-	snippet-0925e54223ce33ea	8759bc4b9bc3e9fe401b39160deb4d046799fbb30e3bc82b2cbea3587fb8f2ae
part-10-coreai-hardware-authoring-debugging/references/03-llm-export-end-to-end.md	2683	111-the-whole-integration	prelude:external-module	PRELUDE-NEEDED	-	-	-	-	-	-	-	-	snippet-1fc7ee12b6db5af9	4283c51f4b780adf7147e67b565a9023680726a527298b79a113635087a3c32f
part-10-coreai-hardware-authoring-debugging/references/03-llm-export-end-to-end.md	2704	111-the-whole-integration	illustrative	ILLUSTRATIVE	-	-	-	-	-	-	-	-	snippet-c98b135812555960	84ff525e0c76d4700f43db6ea9b94f6d4c23abd85cebf73744b7a7c953fb45d4
part-10-coreai-hardware-authoring-debugging/references/03-llm-export-end-to-end.md	2722	112-the-full-initializer	illustrative	ILLUSTRATIVE	-	-	-	-	-	-	-	-	snippet-662e346d04ed9930	899e7a21a073bf9ca7edd1857874a8def6ad0800f00baf0a617bea44f86d2acf
part-10-coreai-hardware-authoring-debugging/references/03-llm-export-end-to-end.md	2792	113-choosing-the-engine	illustrative	ILLUSTRATIVE	-	-	-	-	-	-	-	-	snippet-9b17ca36dfc51403	cb9ad9bc19dd5ec63088adf8fae6827bea7077315b9e46907061c43677cf17be
part-11-metal-and-tensorops/references/01-tensorops-and-quantized-operands.md	1109	45-matching-the-host-dispatch	prelude:guide-context	PRELUDE-NEEDED	-	-	-	-	-	-	-	-	snippet-c232669e02566cdb	8456078b7ebbe362a13f7f6a7ff2284aada5c95580f553ada27a6be3005dc12e
part-11-metal-and-tensorops/references/02-cooperative-tensors-and-flash-attention.md	2675	101-threads-per-threadgroup-must-match-your-execution-scope	prelude:guide-context	PRELUDE-NEEDED	-	-	-	-	-	-	-	-	snippet-d4ba9e87dd405966	7a114c3110945b37077a1df9167143c11514eef570514094e3d784aa8e45adf1
part-12-mlx-python/references/05-serving-and-distributed.md	1445	115-foundation-models-chatcompletionslanguagemodel--the-cross-stack-move	prelude:guide-context	PRELUDE-NEEDED	-	-	-	-	-	-	-	-	snippet-767b4e5b61753841	116de367b6204ae2520f2421de9fcae543aab751ab1480319619a22705cb32c1
part-12-mlx-python/references/05-serving-and-distributed.md	1455	115-foundation-models-chatcompletionslanguagemodel--the-cross-stack-move	illustrative	ILLUSTRATIVE	-	-	-	-	-	-	-	-	snippet-9ad28b6c1a964fe1	ea23d33777a25d5ccd5068bf5903b43428c5d35dab0eb4283b81ec35c6d8bc14
part-12-mlx-python/references/05-serving-and-distributed.md	1477	️-the-v1-path-bug-you-will-hit-within-five-minutes	illustrative	ILLUSTRATIVE	-	-	-	-	-	-	-	-	snippet-43f8510584f631b2	7bc99913a5b8d0f3751e38e98f8a974600a3509bbcd01a753cd752d2d0dbc676
part-13-mlx-swift/references/01-mlx-swift-lm-in-an-app.md	165	12-pin-it	illustrative	ILLUSTRATIVE	-	-	-	-	-	-	-	-	snippet-3ac9795ef13e3a76	73ad57a354575594829c4116c3c8157627e8b74e6e1de53ac2c90a86eed7e666
part-13-mlx-swift/references/01-mlx-swift-lm-in-an-app.md	269	22-what-the-internal-targets-do-and-why-one-of-them-matters-to-you	illustrative	ILLUSTRATIVE	-	-	-	-	-	-	-	-	snippet-c785602e2d9d91c9	9f3b9c3e5f5490485d41aa8e72f4f35de06258b203a04da99bedb9d24874f765
part-13-mlx-swift/references/01-mlx-swift-lm-in-an-app.md	295	22-what-the-internal-targets-do-and-why-one-of-them-matters-to-you	illustrative	ILLUSTRATIVE	-	-	-	-	-	-	-	-	snippet-99200917e242fafc	446a3befbd609f6b96ed5f23c269ce412d2da2038b96e5b552036ad1d173028d
part-13-mlx-swift/references/01-mlx-swift-lm-in-an-app.md	316	23-the-foundationmodelsintegration-trait	illustrative	ILLUSTRATIVE	-	-	-	-	-	-	-	-	snippet-5e9bc71a957a66d1	109d1fd4bcb5b9deeee8d338ec0cb65f904516487b6b1270e1f224bfad83608d
part-13-mlx-swift/references/01-mlx-swift-lm-in-an-app.md	470	32-style-1--implement-the-protocols	compile:27 imports:Foundation	VERIFIED	top	-	pass	-	-	-	-	-	snippet-0453f4b3b25ae5ed	539c2c3056dfd2c225d25923129741fdcb50aa8b000a0fa60912ec76e477f3b2
part-13-mlx-swift/references/01-mlx-swift-lm-in-an-app.md	484	32-style-1--implement-the-protocols	prelude:guide-context	PRELUDE-NEEDED	-	-	-	-	-	-	-	-	snippet-7563fbcc7a55b782	8c6531f6cd5eba48ff74956901a89d6ea7df2202b86b707741363ff6ed94a0b8
part-13-mlx-swift/references/01-mlx-swift-lm-in-an-app.md	492	32-style-1--implement-the-protocols	illustrative	ILLUSTRATIVE	-	-	-	-	-	-	-	-	snippet-ba56411db8ab1bd0	b660625ab9c14c59d77fa06cffacb92655b0e545986e510af408f2f94b57a743
part-13-mlx-swift/references/01-mlx-swift-lm-in-an-app.md	527	32-style-1--implement-the-protocols	illustrative	ILLUSTRATIVE	-	-	-	-	-	-	-	-	snippet-9c8902e45c3d70ba	608bcd2d06db96b8ce804870070cb73cfa14d94a04be6b9795a9a84286d8bce6
part-13-mlx-swift/references/01-mlx-swift-lm-in-an-app.md	589	32-style-1--implement-the-protocols	illustrative	ILLUSTRATIVE	-	-	-	-	-	-	-	-	snippet-f56a792a4f6e0831	5115ba0180d0d306c21611d6a14f3db4e418709968682cf13998ddf9db0a088b
part-13-mlx-swift/references/01-mlx-swift-lm-in-an-app.md	624	33-style-2--an-integration-package	prelude:external-module	PRELUDE-NEEDED	-	-	-	-	-	-	-	-	snippet-5fe230dff68cc1ba	6f97c6ffbf255701d13d1b7cc77987d44bc234abff90d375a71e0b51a08ef62e
part-13-mlx-swift/references/01-mlx-swift-lm-in-an-app.md	647	34-style-3--the-mlxhuggingface-macros	illustrative	ILLUSTRATIVE	-	-	-	-	-	-	-	-	snippet-546d07560fe0bcc6	a2179dbeddc8635241ef42e3fa819fd8243fe905ff8578fad5d63f08b7f1e839
part-13-mlx-swift/references/01-mlx-swift-lm-in-an-app.md	681	34-style-3--the-mlxhuggingface-macros	illustrative	ILLUSTRATIVE	-	-	-	-	-	-	-	-	snippet-7793013709f805f1	9dab46319c376520eff6847abf06eaa05949d90519a53a26733742aa35f359c1
part-13-mlx-swift/references/01-mlx-swift-lm-in-an-app.md	699	34-style-3--the-mlxhuggingface-macros	illustrative	ILLUSTRATIVE	-	-	-	-	-	-	-	-	snippet-757a28326ce308f7	dcd03aa587a35c396571f071423f093f98d955829ffdf43a6254ef3cbf06f689
part-13-mlx-swift/references/01-mlx-swift-lm-in-an-app.md	721	34-style-3--the-mlxhuggingface-macros	prelude:external-module	PRELUDE-NEEDED	-	-	-	-	-	-	-	-	snippet-6568ee35ee678814	0f3e4975267c2de411e184deb8cb5407cb9a4ea09ec05cdccb1d987a55f35650
part-13-mlx-swift/references/01-mlx-swift-lm-in-an-app.md	748	34-style-3--the-mlxhuggingface-macros	prelude:guide-context	PRELUDE-NEEDED	-	-	-	-	-	-	-	-	snippet-d7ecdc4963b52c7a	098dbc2b4be1be6af19bf04bcbbbec8a0b604d5b67e87bc9da9b53a5420f60f0
part-13-mlx-swift/references/01-mlx-swift-lm-in-an-app.md	760	34-style-3--the-mlxhuggingface-macros	prelude:guide-context	PRELUDE-NEEDED	-	-	-	-	-	-	-	-	snippet-13a2a74dc626bda1	cd78df65429bca071450bf0689eb7aed33ecd39096610f09a18b1dd0314ff769
part-13-mlx-swift/references/01-mlx-swift-lm-in-an-app.md	794	41-modelcontext-and-modelcontainer	prelude:guide-context	PRELUDE-NEEDED	-	-	-	-	-	-	-	-	snippet-41126c3544b67b6b	9175553670b704004707fc7613767506419e008f0c837bc5dcfce444589b2ef9
part-13-mlx-swift/references/01-mlx-swift-lm-in-an-app.md	806	41-modelcontext-and-modelcontainer	illustrative	ILLUSTRATIVE	-	-	-	-	-	-	-	-	snippet-098854db1e26f2ac	058add3368c2ca677056db8a3afc7483d461ee565aeee0523f5bb1fe48f7f595
part-13-mlx-swift/references/01-mlx-swift-lm-in-an-app.md	825	41-modelcontext-and-modelcontainer	illustrative	ILLUSTRATIVE	-	-	-	-	-	-	-	-	snippet-bec192af10557d86	dbe7081952d617f1cb182994e5282e4a7e99517f7bce6da96a65da8c84da82f9
part-13-mlx-swift/references/01-mlx-swift-lm-in-an-app.md	844	41-modelcontext-and-modelcontainer	illustrative	ILLUSTRATIVE	-	-	-	-	-	-	-	-	snippet-c8d0e59cc35f4807	856188c2a52364b23ac5dfffd065a04f585c79381d5baca2a87fe53bfd504a93
part-13-mlx-swift/references/01-mlx-swift-lm-in-an-app.md	875	42-the-factory-registry-and-the-error-you-will-hit-first	prelude:guide-context	PRELUDE-NEEDED	-	-	-	-	-	-	-	-	snippet-ad027e1ece4a7817	f9177a9c8fc8f1f137c1f81e6580917b84a751c2d622a178de9f7c39b84c382d
part-13-mlx-swift/references/01-mlx-swift-lm-in-an-app.md	884	42-the-factory-registry-and-the-error-you-will-hit-first	prelude:guide-context	PRELUDE-NEEDED	-	-	-	-	-	-	-	-	snippet-4322767e6923de0f	0b1081fb4744b959c4586bad2692d3b852db36274e91a5bd6edfdaeed50c3af0
part-13-mlx-swift/references/01-mlx-swift-lm-in-an-app.md	933	43-download-with-progress	prelude:external-module	PRELUDE-NEEDED	-	-	-	-	-	-	-	-	snippet-5639cff8b366d1fd	73308d2d7e82fd234aa73de0f1438f455055dd8b95697ae3fa166f3e39d93ebf
part-13-mlx-swift/references/01-mlx-swift-lm-in-an-app.md	1005	43-download-with-progress	illustrative	ILLUSTRATIVE	-	-	-	-	-	-	-	-	snippet-575be73a0ecc0733	4245ec571766bc684962c92c1a0c01774f758e414e794972874ca5a117909d25
part-13-mlx-swift/references/01-mlx-swift-lm-in-an-app.md	1032	44-where-the-weights-land	prelude:guide-context	PRELUDE-NEEDED	-	-	-	-	-	-	-	-	snippet-c5e9590d3ddf1ce7	3dd9b988e6c325028c8a12854091ffa77a8c593b5d6314cb4bbfe18562110272
part-13-mlx-swift/references/01-mlx-swift-lm-in-an-app.md	1053	44-where-the-weights-land	prelude:guide-context	PRELUDE-NEEDED	-	-	-	-	-	-	-	-	snippet-501fca6805d75f41	93fead27a6c016e19f5a2ded176011ecf2d670849b8823a3ed7ccc0a0dafbee5
part-13-mlx-swift/references/01-mlx-swift-lm-in-an-app.md	1074	44-where-the-weights-land	illustrative	ILLUSTRATIVE	-	-	-	-	-	-	-	-	snippet-6c5f4361d4f032a7	7345000779723d616be2f0dc1b7d773b8e342286ff17ef0434e2fc607c5e8b6f
part-13-mlx-swift/references/01-mlx-swift-lm-in-an-app.md	1085	44-where-the-weights-land	illustrative	ILLUSTRATIVE	-	-	-	-	-	-	-	-	snippet-47eedeb53898330e	eabba8c807f702a2b142c5819008fe521e7876b5fabd0fc4ce3b5e50026c5887
part-13-mlx-swift/references/01-mlx-swift-lm-in-an-app.md	1116	45-shipping-or-sideloading-your-own-weights	illustrative	ILLUSTRATIVE	-	-	-	-	-	-	-	-	snippet-43bbf44fd4b9623e	123a551fc53dc8caf28ff73b5dade2d4c1da530d15776c11954e2333d476bf89
part-13-mlx-swift/references/01-mlx-swift-lm-in-an-app.md	1128	45-shipping-or-sideloading-your-own-weights	illustrative	ILLUSTRATIVE	-	-	-	-	-	-	-	-	snippet-7209e3cf5ee5df8f	cb47a7c453aef5cca468aca5381e1b1e6324b20c3a7c47536b0175c942078f64
part-13-mlx-swift/references/01-mlx-swift-lm-in-an-app.md	1138	45-shipping-or-sideloading-your-own-weights	prelude:external-module	PRELUDE-NEEDED	-	-	-	-	-	-	-	-	snippet-804e2fdaa35aa854	0461f2a7c55bab210b27ad375de6f782b737d5fdb6855f7fd357dc95f92121b1
part-13-mlx-swift/references/01-mlx-swift-lm-in-an-app.md	1261	51-the-shipped-skill-and-how-far-to-trust-it	prelude:guide-context	PRELUDE-NEEDED	-	-	-	-	-	-	-	-	snippet-9a8f8717f35ec36c	14e18fdd3c0360367dbf23949eb7a2243ba56c741eb251e34c371c646b44846e
part-13-mlx-swift/references/01-mlx-swift-lm-in-an-app.md	1325	52-serialaccesscontainer--and-why-it-is-not-an-actor	illustrative	ILLUSTRATIVE	-	-	-	-	-	-	-	-	snippet-611c6fa194ca0831	e0e7e0043a7c1e3c29352b8c8f21e2e1ed3f00eab435db4914a12ca180fec9ff
part-13-mlx-swift/references/01-mlx-swift-lm-in-an-app.md	1356	53-mlxarray-is-not-sendable	prelude:guide-context	PRELUDE-NEEDED	-	-	-	-	-	-	-	-	snippet-48fc7d680e80c254	4481794b296a04d3acad036b5691519b024f4fb41c16d49ef1b1008b3c414d44
part-13-mlx-swift/references/01-mlx-swift-lm-in-an-app.md	1366	53-mlxarray-is-not-sendable	prelude:guide-context	PRELUDE-NEEDED	-	-	-	-	-	-	-	-	snippet-4188967dac1d7212	afcfabee33e13c5380c31a4d8288ea309aaf54e3a271838d5a6eb688c7ca83e2
part-13-mlx-swift/references/01-mlx-swift-lm-in-an-app.md	1376	53-mlxarray-is-not-sendable	prelude:guide-context	PRELUDE-NEEDED	-	-	-	-	-	-	-	-	snippet-1ef4624ec52da5a6	452af1d330728f2cfdf4a96fdf20e6b70498622f39f841fe0ff401e0e51b00a0
part-13-mlx-swift/references/01-mlx-swift-lm-in-an-app.md	1407	54-chatsession-is-not-thread-safe-modelcontainer-is	illustrative	ILLUSTRATIVE	-	-	-	-	-	-	-	-	snippet-d7ae72f66790d777	392888409f553fac7b7a2832ddb50d514a8fed29e99f6cb7272b8eee98382706
part-13-mlx-swift/references/01-mlx-swift-lm-in-an-app.md	1440	55-two-conversations-one-model	prelude:external-module	PRELUDE-NEEDED	-	-	-	-	-	-	-	-	snippet-85193bb46684572b	d3dd2f8622eed5efe2ca925dfd0913b1cd62d6ac1761a850d985912623d9e65b
part-13-mlx-swift/references/01-mlx-swift-lm-in-an-app.md	1485	56-cancellation--and-the-ios-crash-it-prevents	compile:27	VERIFIED	body	-	pass	-	-	-	-	-	snippet-ebb9a0aee526176d	1f830c4d9024b7b88a595b07174287e7f589cccb7733990525af46af86e9a1ef
part-13-mlx-swift/references/01-mlx-swift-lm-in-an-app.md	1499	56-cancellation--and-the-ios-crash-it-prevents	illustrative	ILLUSTRATIVE	-	-	-	-	-	-	-	-	snippet-ac3d2d4b7729dd51	3eec0a3ce21dd29985418c6789c78b4b2ed4dae00b0efc6ed28f32501d2fc587
part-13-mlx-swift/references/01-mlx-swift-lm-in-an-app.md	1525	56-cancellation--and-the-ios-crash-it-prevents	prelude:guide-context	PRELUDE-NEEDED	-	-	-	-	-	-	-	-	snippet-a438316a50a5bd8f	2c2284f4b9c1d30df004fdbb248fdfda775671e8c045d2961645730df6aab74e
part-13-mlx-swift/references/01-mlx-swift-lm-in-an-app.md	1576	57-early-break-leaves-work-in-flight	illustrative	ILLUSTRATIVE	-	-	-	-	-	-	-	-	snippet-c60956ab2c5bb1aa	9cc9cdb918f75ac78c686dec04dc905b3846b2523065b4bc3e3cb21496ebe548
part-13-mlx-swift/references/01-mlx-swift-lm-in-an-app.md	1588	57-early-break-leaves-work-in-flight	prelude:guide-context	PRELUDE-NEEDED	-	-	-	-	-	-	-	-	snippet-50b7bec9ef3cb6dd	cf945431ccda96c533bd0000de4c5de65a431c9846f6fdd1236cb3e0679909e4
part-13-mlx-swift/references/01-mlx-swift-lm-in-an-app.md	1621	58-throwing-versus-non-throwing-streams	illustrative	ILLUSTRATIVE	-	-	-	-	-	-	-	-	snippet-d30851fa487c7b31	62be256f57e3363e82e725c4a31fc08a3b97cb19203492010110cc563d8cbeb1
part-13-mlx-swift/references/01-mlx-swift-lm-in-an-app.md	1633	58-throwing-versus-non-throwing-streams	prelude:guide-context	PRELUDE-NEEDED	-	-	-	-	-	-	-	-	snippet-a2833882cab6b2f4	fe553eb92f0ee970b80f25da848081cdf9dc100958549540754dc894de95f9a5
part-13-mlx-swift/references/01-mlx-swift-lm-in-an-app.md	1787	63-what-the-two-limits-mean-and-what-to-set-them-to	prelude:external-module	PRELUDE-NEEDED	-	-	-	-	-	-	-	-	snippet-815fd33ce93c415e	9097f612ce282624c0721797cb628714e83227edf940f586394aaa7a07c2f564
part-13-mlx-swift/references/01-mlx-swift-lm-in-an-app.md	1828	63-what-the-two-limits-mean-and-what-to-set-them-to	illustrative	ILLUSTRATIVE	-	-	-	-	-	-	-	-	snippet-1f01dabdd7091165	37f6038f3a5820462b4f6090a3ab0e6e1a5e87852b7bb59289bd51503c292eaf
part-13-mlx-swift/references/01-mlx-swift-lm-in-an-app.md	1856	63-what-the-two-limits-mean-and-what-to-set-them-to	illustrative	ILLUSTRATIVE	-	-	-	-	-	-	-	-	snippet-e99088c0424e4e89	e3bd262553f582dbaa23f862bb933d08df8a5a002ad5e710cca6417d33dc70df
part-13-mlx-swift/references/01-mlx-swift-lm-in-an-app.md	1886	63-what-the-two-limits-mean-and-what-to-set-them-to	illustrative	ILLUSTRATIVE	-	-	-	-	-	-	-	-	snippet-06134dd8b45ab5f7	87c8e876162b9a412350cc3dcda4fa37d1e9e1f126a783834087b2d99930ad76
part-13-mlx-swift/references/01-mlx-swift-lm-in-an-app.md	1914	64-measuring-memorysnapshot-and-a-live-hud	prelude:external-module	PRELUDE-NEEDED	-	-	-	-	-	-	-	-	snippet-c1a0579a8cd123f0	11b81b83725805bce766a1aa01b1bd85d3127051c547acf78b810250e4d914c9
part-13-mlx-swift/references/01-mlx-swift-lm-in-an-app.md	2005	65-wired-memory-the-part-with-a-dedicated-reference	prelude:guide-context	PRELUDE-NEEDED	-	-	-	-	-	-	-	-	snippet-2c82224629b36060	0a7796b64fd8a25e9b0f37c97df7e2bfdaa66a8a814a0266383bdc35eed0b4fe
part-13-mlx-swift/references/01-mlx-swift-lm-in-an-app.md	2030	65-wired-memory-the-part-with-a-dedicated-reference	prelude:guide-context	PRELUDE-NEEDED	-	-	-	-	-	-	-	-	snippet-c3ba382ed00641f3	bcaae8903e28574bdfd89b5d37f6554b70a24cbb988c8272933a019b0507a531
part-13-mlx-swift/references/01-mlx-swift-lm-in-an-app.md	2049	65-wired-memory-the-part-with-a-dedicated-reference	prelude:guide-context	PRELUDE-NEEDED	-	-	-	-	-	-	-	-	snippet-e2b691740d08e722	771a56b843618098f1b4cb166cb5a56506ccf594bec88dc929b8b93d8bda659e
part-13-mlx-swift/references/01-mlx-swift-lm-in-an-app.md	2072	65-wired-memory-the-part-with-a-dedicated-reference	prelude:guide-context	PRELUDE-NEEDED	-	-	-	-	-	-	-	-	snippet-c47bf68a2c132ba6	75d9726a64212a6b6aecad5def5af53e3db4ce7eb92ed3e6f59418cc93eba2ef
part-13-mlx-swift/references/01-mlx-swift-lm-in-an-app.md	2091	65-wired-memory-the-part-with-a-dedicated-reference	prelude:guide-context	PRELUDE-NEEDED	-	-	-	-	-	-	-	-	snippet-b255c65455eb7bdf	c6c834ad3bcbd2512d3b6def85ef6ba7a7253cd5a5ac0795352c33f2eb930097
part-13-mlx-swift/references/01-mlx-swift-lm-in-an-app.md	2103	65-wired-memory-the-part-with-a-dedicated-reference	prelude:guide-context	PRELUDE-NEEDED	-	-	-	-	-	-	-	-	snippet-30476abe37355055	90686497bc59037ea9b1d3349f45bf802f290fc3fd4b025b52ffde37043eec3d
part-13-mlx-swift/references/01-mlx-swift-lm-in-an-app.md	2116	66-sizing-the-ticket-measure-dont-guess	illustrative	ILLUSTRATIVE	-	-	-	-	-	-	-	-	snippet-94fe2579d261e6e0	3ee886cd2a689fa6a1b898c39b0f14d374734af16e7ec90d5e5776879e06dc66
part-13-mlx-swift/references/01-mlx-swift-lm-in-an-app.md	2128	66-sizing-the-ticket-measure-dont-guess	prelude:guide-context	PRELUDE-NEEDED	-	-	-	-	-	-	-	-	snippet-46b061df8b642551	e2bfae916ef2a2f0abede1a67becbcadedb7759e6d1b7f43fe3022c723b19896
part-13-mlx-swift/references/01-mlx-swift-lm-in-an-app.md	2146	66-sizing-the-ticket-measure-dont-guess	prelude:guide-context	PRELUDE-NEEDED	-	-	-	-	-	-	-	-	snippet-9e179450a489aa8a	b4835824e5daf10c20a6d1e4b84f005ca925b7a2f958fc639dee4023947b7e6d
part-13-mlx-swift/references/01-mlx-swift-lm-in-an-app.md	2157	66-sizing-the-ticket-measure-dont-guess	prelude:guide-context	PRELUDE-NEEDED	-	-	-	-	-	-	-	-	snippet-da160eada551e9b5	cadbb0208cd2ce932a35d1cdcea45d2929370e45f1304526d3d1a901e0b16b9d
part-13-mlx-swift/references/01-mlx-swift-lm-in-an-app.md	2248	67-what-jetsam-looks-like-and-how-to-see-it-coming	compile:27	VERIFIED	top	-	pass	-	-	-	-	-	snippet-eeb2a908dfe73c82	e480013e6a4d2f563c2beee9bb91fe69ea71884008afb5bdce270361358f4f52
part-13-mlx-swift/references/01-mlx-swift-lm-in-an-app.md	2255	67-what-jetsam-looks-like-and-how-to-see-it-coming	illustrative	ILLUSTRATIVE	-	-	-	-	-	-	-	-	snippet-5f1870f54f5bd894	857c9425d0546fa1d8e7bc2323bccce58cba320d541f2720ed2cdf551af03cd7
part-13-mlx-swift/references/01-mlx-swift-lm-in-an-app.md	2299	68-a-pressure-ladder-you-can-actually-copy	illustrative	ILLUSTRATIVE	-	-	-	-	-	-	-	-	snippet-3f058a2077328b67	2fae627d8c8e0b1a53ddb6f5d28e39e3596f9382ad8f8c01142fb63ef333aacc
part-13-mlx-swift/references/01-mlx-swift-lm-in-an-app.md	2338	68-a-pressure-ladder-you-can-actually-copy	illustrative	ILLUSTRATIVE	-	-	-	-	-	-	-	-	snippet-68654766f48e4c96	0caca05014fac0faa78ab2883b91904520a00ea81e63ef368408cf108a1df112
part-13-mlx-swift/references/01-mlx-swift-lm-in-an-app.md	2372	69-backgrounding-unloading-and-download-behaviour	illustrative	ILLUSTRATIVE	-	-	-	-	-	-	-	-	snippet-5943541ef466a262	3dccccc1e999542beeb57a4492e7330483c0794fff82e50f395b28e816c4cf8b
part-13-mlx-swift/references/01-mlx-swift-lm-in-an-app.md	2393	69-backgrounding-unloading-and-download-behaviour	compile:27	VERIFIED	top	-	pass	-	-	-	-	-	snippet-5872e2ec49d5d83f	205212f39524e121f2295fa53f38a1c0963f2c141f7f2f54cc2b114fba2c44b2
part-13-mlx-swift/references/01-mlx-swift-lm-in-an-app.md	2475	71-the-input-types	prelude:guide-context	PRELUDE-NEEDED	-	-	-	-	-	-	-	-	snippet-5b4137672b6aee60	01fe3ffd45c9fdf46b1c9ad0e7f9e77cab724ddf1ab1b51f0081f70cbdd83c0f
part-13-mlx-swift/references/01-mlx-swift-lm-in-an-app.md	2494	71-the-input-types	prelude:guide-context	PRELUDE-NEEDED	-	-	-	-	-	-	-	-	snippet-eced7bbcec771709	284af0abc3f94168a85696b4e598d2c4dd95cfecdca66d49ac51dd6f3a7ee4bb
part-13-mlx-swift/references/01-mlx-swift-lm-in-an-app.md	2523	71-the-input-types	prelude:guide-context	PRELUDE-NEEDED	-	-	-	-	-	-	-	-	snippet-083399fe281f516b	0b4cf2a7b154440ad88407371c3049bdf2f0c23255e3520a81cd5aac3a37487f
part-13-mlx-swift/references/01-mlx-swift-lm-in-an-app.md	2551	72-the-processor-pipeline	prelude:guide-context	PRELUDE-NEEDED	-	-	-	-	-	-	-	-	snippet-9351edaf136cc8f9	863c8cc98ea1f675943d8c2e0bf27106a4710ae14f7faf3206840c0f770df279
part-13-mlx-swift/references/01-mlx-swift-lm-in-an-app.md	2565	72-the-processor-pipeline	illustrative	ILLUSTRATIVE	-	-	-	-	-	-	-	-	snippet-2b3739489cfcfd3d	3c45adc993be0d62d7c5f52cb2ee6750beab13c0c7faf32a2aa8a42c9f361702
part-13-mlx-swift/references/01-mlx-swift-lm-in-an-app.md	2581	72-the-processor-pipeline	illustrative	ILLUSTRATIVE	-	-	-	-	-	-	-	-	snippet-c6571ffe090ad38c	6badcba2c4926acea2f873f2461a1fbe65747e8cefa765f27131288a7dc9b2a2
part-13-mlx-swift/references/01-mlx-swift-lm-in-an-app.md	2618	72-the-processor-pipeline	compile:27	VERIFIED	top	-	pass	-	-	-	-	-	snippet-aeb06f258a4d9999	2d756b63d20d5dd38d9a04248a3771bf9fa726585c96a88b2a232fe368950af6
part-13-mlx-swift/references/01-mlx-swift-lm-in-an-app.md	2660	74-️-exif-orientation--the-bug-apple-fixed-in-their-own-sample	illustrative	ILLUSTRATIVE	-	-	-	-	-	-	-	-	snippet-2dfa15880a8ceae8	94a7315538559cd2a74a54d50a3de315db8dee185a944f99625ac2f2d8853c38
part-13-mlx-swift/references/01-mlx-swift-lm-in-an-app.md	2691	74-️-exif-orientation--the-bug-apple-fixed-in-their-own-sample	illustrative	ILLUSTRATIVE	-	-	-	-	-	-	-	-	snippet-6af7d8f5281b6ee3	f9b911f7f72d5a01b82ce8abcbcd3b6e4e36174b2f9c20dd0b3c7a8208fb7171
part-13-mlx-swift/references/01-mlx-swift-lm-in-an-app.md	2717	74-️-exif-orientation--the-bug-apple-fixed-in-their-own-sample	prelude:guide-context	PRELUDE-NEEDED	-	-	-	-	-	-	-	-	snippet-781567656a0eb046	cc26650ef1c8d9dc629386a2aabd559b567d498cdff31e41a20d6485d6ebf1eb
part-13-mlx-swift/references/01-mlx-swift-lm-in-an-app.md	2757	75-photospicker-done-correctly	illustrative	ILLUSTRATIVE	-	-	-	-	-	-	-	-	snippet-76b69a559970f6a1	cce386e4d43a78f0cf55c3b993ce37fe95fd2cabb5463e3701d6d987fb993bf8
part-13-mlx-swift/references/01-mlx-swift-lm-in-an-app.md	2795	75-photospicker-done-correctly	illustrative	ILLUSTRATIVE	-	-	-	-	-	-	-	-	snippet-7f54b99fd289a262	b856a24eb4bbc23ffa5e7a0bbd8162e068683ca0fb53f6280b3bfcc46d866a7f
part-13-mlx-swift/references/01-mlx-swift-lm-in-an-app.md	2831	75-photospicker-done-correctly	compile:27 imports:SwiftUI	VERIFIED	top	-	pass	-	-	-	-	-	snippet-7ea6f2ccd1509b3c	1108fd5bbb94cc253d53eb02cbafad5794d0fc1ebc0e7a8bcabd597089136de5
part-13-mlx-swift/references/01-mlx-swift-lm-in-an-app.md	2855	76-the-third-bug-in-the-same-commit-trailing-empty-assistant-message	prelude:guide-context	PRELUDE-NEEDED	-	-	-	-	-	-	-	-	snippet-6dbe21ad8c7cb07e	1da1a05a5b406f49b3ea1d508a15025c7d7e5a680624e3aab33d87a70952647b
part-13-mlx-swift/references/01-mlx-swift-lm-in-an-app.md	2922	81-the-minimal-streaming-view-model	prelude:guide-context	PRELUDE-NEEDED	-	-	-	-	-	-	-	-	snippet-90f2c47a4b556f5c	426df48462816760264ab843fd56d468aa989c7604ca63b9d47d7718e02433ea
part-13-mlx-swift/references/01-mlx-swift-lm-in-an-app.md	2983	81-the-minimal-streaming-view-model	prelude:guide-context	PRELUDE-NEEDED	-	-	-	-	-	-	-	-	snippet-ab90df39bbce6957	92658097d92bacae08a6d306977095cc9c08b60c618ee17957934fb6cdcbc976
part-13-mlx-swift/references/01-mlx-swift-lm-in-an-app.md	3058	82-not-dropping-frames	prelude:guide-context	PRELUDE-NEEDED	-	-	-	-	-	-	-	-	snippet-8db031b06793096a	3a49e2578068d4120d718d6615dd43eaf439fbcce6d00075018a5f9675eb1104
part-13-mlx-swift/references/01-mlx-swift-lm-in-an-app.md	3077	82-not-dropping-frames	illustrative	ILLUSTRATIVE	-	-	-	-	-	-	-	-	snippet-76ba5aeda48a3c23	8c678195b7340dbb4866123336689e1b45ca3472f66fd5be849e0cfc55fdccd2
part-13-mlx-swift/references/01-mlx-swift-lm-in-an-app.md	3085	82-not-dropping-frames	prelude:external-module	PRELUDE-NEEDED	-	-	-	-	-	-	-	-	snippet-983b4f680d081b77	664026fd43b7dcd083f51fcaa8742edaedf7907be3c96346a57533817c97905d
part-13-mlx-swift/references/01-mlx-swift-lm-in-an-app.md	3106	82-not-dropping-frames	illustrative	ILLUSTRATIVE	-	-	-	-	-	-	-	-	snippet-ba153a6f8e1f2dd2	af5f0aa7ab7bb182bc9f7e032cf4b6ed7ab853bc8ddff251692904661ce500a6
part-13-mlx-swift/references/01-mlx-swift-lm-in-an-app.md	3122	82-not-dropping-frames	illustrative	ILLUSTRATIVE	-	-	-	-	-	-	-	-	snippet-78b0cd4b360323ae	60e072b4a430870a0567a2c0400f171803a24fc07035cc1962ae29bae0142395
part-13-mlx-swift/references/01-mlx-swift-lm-in-an-app.md	3137	83-cancellation-with-a-visible-result	prelude:guide-context	PRELUDE-NEEDED	-	-	-	-	-	-	-	-	snippet-3a591fb869dfb903	203ff4523efdc9241660bcc486d945f5a184970e10dc8158ba3587036281fe73
part-13-mlx-swift/references/01-mlx-swift-lm-in-an-app.md	3196	83-cancellation-with-a-visible-result	prelude:guide-context	PRELUDE-NEEDED	-	-	-	-	-	-	-	-	snippet-2f370622d4d69306	47ec98dff6280928ee3e1e3a4d36cdb2afe4dd6f9fa881ac62de9a8b281aec04
part-13-mlx-swift/references/01-mlx-swift-lm-in-an-app.md	3213	84-model-caching-across-a-picker	prelude:guide-context	PRELUDE-NEEDED	-	-	-	-	-	-	-	-	snippet-1186e706d7b2ac32	45147dd7b6b5b81b28cbef8b319b876c03880c83a3476cebd70e2e4c3b41d609
part-13-mlx-swift/references/01-mlx-swift-lm-in-an-app.md	3275	85-progress-during-download-versus-load	prelude:guide-context	PRELUDE-NEEDED	-	-	-	-	-	-	-	-	snippet-8fb2d3fafaa6f971	21187572010e43a74994fea213bf1d5cf3e7836a4c4fdebd1813a2470ea558c2
part-13-mlx-swift/references/01-mlx-swift-lm-in-an-app.md	3351	91-the-gate	illustrative	ILLUSTRATIVE	-	-	-	-	-	-	-	-	snippet-738004148ced3553	d9c4d1bc7ca531f089b7f923d54e6424c52a96afb4618010d8da57e7e2b45070
part-13-mlx-swift/references/01-mlx-swift-lm-in-an-app.md	3381	91-the-gate	illustrative	ILLUSTRATIVE	-	-	-	-	-	-	-	-	snippet-5658cbe495ad0aab	fcc77c7f0bae0ec6492a74ad88e129764ff42fa09e80341c1f7efc7453c4126f
part-13-mlx-swift/references/01-mlx-swift-lm-in-an-app.md	3522	94-the-two-availability-floors-in-one-example	prelude:guide-context	PRELUDE-NEEDED	-	-	-	-	-	-	-	-	snippet-bbcd770e22048e7f	a390468e86b25346cebb9ed7c0aeb8b7aea76d074321e5deafe87ab377418338
part-13-mlx-swift/references/01-mlx-swift-lm-in-an-app.md	3574	95-the-other-compile-condition-strategy-sdk-keyed-build-settings	illustrative	ILLUSTRATIVE	-	-	-	-	-	-	-	-	snippet-4c69d9da4d840467	6288c67a8774abf6b5cbb2a64e7c6338bcc8ba3f894304d1dead22a4540c7181
part-13-mlx-swift/references/02-generation-tools-and-caching.md	206	12-the-3x-break-tokenizers-and-downloading-are-yours-now	prelude:guide-context	PRELUDE-NEEDED	-	-	-	-	-	-	-	-	snippet-8f04ed6a9b8bebfb	ff16b2167df383e3562638cb593cc034254721df51447077028d7cc71a993115
part-13-mlx-swift/references/02-generation-tools-and-caching.md	237	12-the-3x-break-tokenizers-and-downloading-are-yours-now	illustrative	ILLUSTRATIVE	-	-	-	-	-	-	-	-	snippet-b739433980908f04	0701334ea620734934f27f11f52539cbb1bb53ae03002367f29cc4a6ef7df302
part-13-mlx-swift/references/02-generation-tools-and-caching.md	368	22-chatsession--the-layer-you-should-start-at	prelude:guide-context	PRELUDE-NEEDED	-	-	-	-	-	-	-	-	snippet-812b21c714a7af96	266154812e21e43d33750c4b493975cf42db028d1c22b56673e723b0b2b15b1c
part-13-mlx-swift/references/02-generation-tools-and-caching.md	385	22-chatsession--the-layer-you-should-start-at	illustrative	ILLUSTRATIVE	-	-	-	-	-	-	-	-	snippet-8afb99252a35a156	265bfdc4c2d37821c14720ed5b4b3a9c321479327477d995a4b98b960e2544c0
part-13-mlx-swift/references/02-generation-tools-and-caching.md	403	22-chatsession--the-layer-you-should-start-at	illustrative	ILLUSTRATIVE	-	-	-	-	-	-	-	-	snippet-d415e869dc8fe709	da010161d8f01a8dcc896d4f806b1616c3d08fa2a4854feb9988f28583956984
part-13-mlx-swift/references/02-generation-tools-and-caching.md	446	23-modelcontainergenerate-and-the-free-function	illustrative	ILLUSTRATIVE	-	-	-	-	-	-	-	-	snippet-7cc366eda717a241	7cc0e7d81a5f3ac047f8e368880adc8c15b47090355cd91d5aff0cb91b2673ff
part-13-mlx-swift/references/02-generation-tools-and-caching.md	468	23-modelcontainergenerate-and-the-free-function	illustrative	ILLUSTRATIVE	-	-	-	-	-	-	-	-	snippet-01e6af6d093d06c7	8cb69fe5397439ffa803fe7e941bd8cdd80158608843eaa4bd87489ab58fbf7d
part-13-mlx-swift/references/02-generation-tools-and-caching.md	493	23-modelcontainergenerate-and-the-free-function	illustrative	ILLUSTRATIVE	-	-	-	-	-	-	-	-	snippet-8625f862f0a298a9	f8ab4186a81607f9fd70505ad41bb49c0a3fed150f6336ae425390eb22e7d696
part-13-mlx-swift/references/02-generation-tools-and-caching.md	540	24-generatetask-and-why-early-break-is-a-trap	prelude:guide-context	PRELUDE-NEEDED	-	-	-	-	-	-	-	-	snippet-314d513335d228ec	5a41ba70339f832fdb6702de65e2a5c21dfb7ffd4065e9c0962bf887f2587aba
part-13-mlx-swift/references/02-generation-tools-and-caching.md	562	25-the-stream-event-types	illustrative	ILLUSTRATIVE	-	-	-	-	-	-	-	-	snippet-377ad736eb951095	0f8a60dd5670c9ecdebdbf036d2efc0467d7cc2b144f80b2ca20356f2f90ff75
part-13-mlx-swift/references/02-generation-tools-and-caching.md	632	26-speculative-decoding-in-one-page	illustrative	ILLUSTRATIVE	-	-	-	-	-	-	-	-	snippet-25e5f9a9e2d6be40	f8d7b281632bc598c5d2461b85cc36cc237ee8a220f9ffa7d5e8e3be826b7ab8
part-13-mlx-swift/references/02-generation-tools-and-caching.md	651	26-speculative-decoding-in-one-page	illustrative	ILLUSTRATIVE	-	-	-	-	-	-	-	-	snippet-e9b650e85f1ba1db	8408d12543649786dde945a4076d23dcbdd6ca8ed9a5487ac7e3f1de899d6480
part-13-mlx-swift/references/02-generation-tools-and-caching.md	668	26-speculative-decoding-in-one-page	illustrative	ILLUSTRATIVE	-	-	-	-	-	-	-	-	snippet-51c811eb8db7ce38	18393d16549d3124b9e98b5338e22015d278fffd3014642eb5872fb1260579e0
part-13-mlx-swift/references/02-generation-tools-and-caching.md	722	31-every-field-with-its-default	illustrative	ILLUSTRATIVE	-	-	-	-	-	-	-	-	snippet-ae51dee9405f9916	605179a9fbaa755a7711b3ad2c2c6dbd1993f1b4f1329dbb2e05ea142e59eab9
part-13-mlx-swift/references/02-generation-tools-and-caching.md	798	32-how-a-sampler-gets-chosen	prelude:guide-context	PRELUDE-NEEDED	-	-	-	-	-	-	-	-	snippet-dade64bfc82e650b	d626961ccde521c0ca22c8fea5b94be236a6f48e2b28036b42f00d7406733522
part-13-mlx-swift/references/02-generation-tools-and-caching.md	894	41-the-protocol	illustrative	ILLUSTRATIVE	-	-	-	-	-	-	-	-	snippet-28fb8f9de4d14abe	2d9350f74aa0dfc7d6efb3be67157cce098f3da2f4e7f8e7393fd9169c360996
part-13-mlx-swift/references/02-generation-tools-and-caching.md	918	42-three-initializers-and-the-one-that-costs-money	illustrative	ILLUSTRATIVE	-	-	-	-	-	-	-	-	snippet-62abe1187fcb0996	160b20252316cbe7a4ffd06488b68d0e86db7eece5398cb7be2588a6472a6dd5
part-13-mlx-swift/references/02-generation-tools-and-caching.md	954	43-state-and-the-m-rope-trap	prelude:guide-context	PRELUDE-NEEDED	-	-	-	-	-	-	-	-	snippet-5e39300233b35ef2	5377c68395d095695469ff1a3d6d2a867d697c9dcaec8106e893bbc07d372311
part-13-mlx-swift/references/02-generation-tools-and-caching.md	960	43-state-and-the-m-rope-trap	illustrative	ILLUSTRATIVE	-	-	-	-	-	-	-	-	snippet-944916949e4faa85	d6dee2905b63867edd0392f1099c0968d20c9f2f7c62b0c4c5ac5ba7c37dc7a5
part-13-mlx-swift/references/02-generation-tools-and-caching.md	977	43-state-and-the-m-rope-trap	prelude:guide-context	PRELUDE-NEEDED	-	-	-	-	-	-	-	-	snippet-667fd202d952bc53	83b0bcb7494f694284c1729e20513d9640e43adbad7d5eea5810d18027bf424e
part-13-mlx-swift/references/02-generation-tools-and-caching.md	1052	45-cancellation-and-why-the-check-is-where-it-is	illustrative	ILLUSTRATIVE	-	-	-	-	-	-	-	-	snippet-5fb72b7327390478	0a2d236e46ce75b738f63695b47a61577117a8bda4fbc34ef0a19b52745b6532
part-13-mlx-swift/references/02-generation-tools-and-caching.md	1071	45-cancellation-and-why-the-check-is-where-it-is	illustrative	ILLUSTRATIVE	-	-	-	-	-	-	-	-	snippet-4572cdbfe84ba863	8784a54200ff401da47f8d561453fa44526bd33f26f2c2e04886918e071ae8a1
part-13-mlx-swift/references/02-generation-tools-and-caching.md	1118	46-a-complete-streaming-program-with-correct-cancellation	prelude:external-module	PRELUDE-NEEDED	-	-	-	-	-	-	-	-	snippet-57ad18b4c906db21	76bd642f76fa1647c37b7ad5fc4771e501a28b3129689368c16ea9d45090b3c2
part-13-mlx-swift/references/02-generation-tools-and-caching.md	1280	51-the-pipeline-in-one-diagram	prelude:guide-context	PRELUDE-NEEDED	-	-	-	-	-	-	-	-	snippet-7440dd3ebbb2229d	863c8cc98ea1f675943d8c2e0bf27106a4710ae14f7faf3206840c0f770df279
part-13-mlx-swift/references/02-generation-tools-and-caching.md	1292	51-the-pipeline-in-one-diagram	prelude:guide-context	PRELUDE-NEEDED	-	-	-	-	-	-	-	-	snippet-c5cf86ef25d433bf	722ffa92fa22eb99fea4f9aabe99096fb7c0ef83606fc967f31f4cb4d48e55f7
part-13-mlx-swift/references/02-generation-tools-and-caching.md	1300	52-userinput	prelude:guide-context	PRELUDE-NEEDED	-	-	-	-	-	-	-	-	snippet-9fbaecd4c28dfe8d	8c32dd13d27761d7c33e2cf2d9fdadd50b7f6efb71b9944dadc964e48d7aebe2
part-13-mlx-swift/references/02-generation-tools-and-caching.md	1331	52-userinput	illustrative	ILLUSTRATIVE	-	-	-	-	-	-	-	-	snippet-30b60ac1475502fb	e4a2c5cee775f63b821c364013fde72ec33d3fac646f2f14029ba1846182c5b9
part-13-mlx-swift/references/02-generation-tools-and-caching.md	1349	52-userinput	prelude:guide-context	PRELUDE-NEEDED	-	-	-	-	-	-	-	-	snippet-5ab2a6975e3c7e48	95f9e7840e86b5eb9c374667f20b92c0f11006168094b64778d89a67e102b9da
part-13-mlx-swift/references/02-generation-tools-and-caching.md	1378	52-userinput	prelude:guide-context	PRELUDE-NEEDED	-	-	-	-	-	-	-	-	snippet-d8137b55e6b4064a	3001ec57fddae66bbe2fc61293cddc76a46d85bac91955435b2d4e2c8b0d37d2
part-13-mlx-swift/references/02-generation-tools-and-caching.md	1403	53-chatmessage	illustrative	ILLUSTRATIVE	-	-	-	-	-	-	-	-	snippet-68220e5bc0526bec	549732b097d511274f16b167069b72392b21247c462807e19a4ec653b62aa054
part-13-mlx-swift/references/02-generation-tools-and-caching.md	1447	53-chatmessage	prelude:guide-context	PRELUDE-NEEDED	-	-	-	-	-	-	-	-	snippet-94fa6c39f67de17e	1da1a05a5b406f49b3ea1d508a15025c7d7e5a680624e3aab33d87a70952647b
part-13-mlx-swift/references/02-generation-tools-and-caching.md	1462	54-lminput-and-lmoutput	illustrative	ILLUSTRATIVE	-	-	-	-	-	-	-	-	snippet-a906f32db12b13d9	598f71c3a457a31322bf391c709ab696513adaf079eac887127617b13957c60f
part-13-mlx-swift/references/02-generation-tools-and-caching.md	1507	55-the-languagemodel-protocol-and-where-prepareresult-splits	prelude:guide-context	PRELUDE-NEEDED	-	-	-	-	-	-	-	-	snippet-a78fe3e07d21b820	b49cca92a33d6d71fc01312a4c4c9b49f390ec59bacd1e49285b90f59473b817
part-13-mlx-swift/references/02-generation-tools-and-caching.md	1567	56-the-vlm-path-in-practice	compile:27	VERIFIED	top	-	pass	-	-	-	-	-	snippet-980a381d469977a0	2d756b63d20d5dd38d9a04248a3771bf9fa726585c96a88b2a232fe368950af6
part-13-mlx-swift/references/02-generation-tools-and-caching.md	1611	61-the-protocol-is-nine-methods-and-it-returns-token-ids	illustrative	ILLUSTRATIVE	-	-	-	-	-	-	-	-	snippet-edb432340ea9229e	b660625ab9c14c59d77fa06cffacb92655b0e545986e510af408f2f94b57a743
part-13-mlx-swift/references/02-generation-tools-and-caching.md	1640	61-the-protocol-is-nine-methods-and-it-returns-token-ids	prelude:guide-context	PRELUDE-NEEDED	-	-	-	-	-	-	-	-	snippet-0add66fa1ff000cd	7bf6ca63ed00240dd177577ab4fc85452d42b7d583cee7c01a7ffae152371349
part-13-mlx-swift/references/02-generation-tools-and-caching.md	1680	62-how-templates-get-resolved	compile:27 imports:Foundation	VERIFIED	top	-	pass	-	-	-	-	-	snippet-757b3e5e6d031c1a	5bfa8861450a6ce601f3fbeece436f6b6963993234b57555ffcec20f68156ace
part-13-mlx-swift/references/02-generation-tools-and-caching.md	1703	63-stop-tokens-four-sources-one-of-which-overwrites-the-others	prelude:guide-context	PRELUDE-NEEDED	-	-	-	-	-	-	-	-	snippet-f4fc7ef447dffc75	dac01d32844b21dac6d4d0222ec4842e623ed1d0d4067da640e4644237c60943
part-13-mlx-swift/references/02-generation-tools-and-caching.md	1722	63-stop-tokens-four-sources-one-of-which-overwrites-the-others	prelude:guide-context	PRELUDE-NEEDED	-	-	-	-	-	-	-	-	snippet-5b876194c3183d2e	e30fcda7aa35ab5e1ae8789c699fea1e14d1154da4b72246d896dbb16357dfe6
part-13-mlx-swift/references/02-generation-tools-and-caching.md	1744	63-stop-tokens-four-sources-one-of-which-overwrites-the-others	illustrative	ILLUSTRATIVE	-	-	-	-	-	-	-	-	snippet-d23897d820241e13	fa82a6542fb71f8dd7d40b7187543b66b7ae676fcdae93b224264f28dc3274c8
part-13-mlx-swift/references/02-generation-tools-and-caching.md	1794	64-️-silent-failure-5--the-chat-template-is-the-contract-and-nothing-checks-it	illustrative	ILLUSTRATIVE	-	-	-	-	-	-	-	-	snippet-2904d9ad12019a00	1a1fe52d1c9e93a8a406224aa713032afd27ecfc091238c465c9f8a43d33b9b8
part-13-mlx-swift/references/02-generation-tools-and-caching.md	1826	65-the-render-and-eyeball-recipe	prelude:external-module	PRELUDE-NEEDED	-	-	-	-	-	-	-	-	snippet-03f09a35b5d3d367	c7f8e671dd6ce450e7115497e1e28c42a169f4fb9b04035d26398f0600ba6a75
part-13-mlx-swift/references/02-generation-tools-and-caching.md	1917	66-streaming-detokenization	compile:27	VERIFIED	top	-	pass	-	-	-	-	-	snippet-eeece97f1526b9f7	c40066d6d0de5f80c10e797928a20df4c54fe80e96e22cba7e027ba9b59d25de
part-13-mlx-swift/references/02-generation-tools-and-caching.md	1957	71-declaring-a-tool	illustrative	ILLUSTRATIVE	-	-	-	-	-	-	-	-	snippet-20662fd63fbad488	ccb3c6028828e6dc0afac966dfb047d7a46d142c64f6d4fb72446a22a951972b
part-13-mlx-swift/references/02-generation-tools-and-caching.md	1991	71-declaring-a-tool	illustrative	ILLUSTRATIVE	-	-	-	-	-	-	-	-	snippet-868911edc4c8005e	2b552da3aec23076c3dff2e90ad15e600f872982196c95784a60aca7c32f03a2
part-13-mlx-swift/references/02-generation-tools-and-caching.md	2013	71-declaring-a-tool	prelude:guide-context	PRELUDE-NEEDED	-	-	-	-	-	-	-	-	snippet-9dd0c6a4479699a4	e072e7b1a090c36c8eee4857ce5bc7587b8901fcdd9a680ec43c97aa34230ca6
part-13-mlx-swift/references/02-generation-tools-and-caching.md	2038	72-toolcall-and-executing-one	prelude:guide-context	PRELUDE-NEEDED	-	-	-	-	-	-	-	-	snippet-d97222f362d821db	8df891af276c5b0148200a2fd66fac0c433b227f9708929afd6af60e0801518f
part-13-mlx-swift/references/02-generation-tools-and-caching.md	2107	73-the-ten-formats	illustrative	ILLUSTRATIVE	-	-	-	-	-	-	-	-	snippet-75e3bb72835fa18f	8302baab5e6329c1e67873a5701c522e2e3c5e1ed173d60c701ee573af1f07df
part-13-mlx-swift/references/02-generation-tools-and-caching.md	2183	75-detection-toolcallformatinfer-rule-by-rule	illustrative	ILLUSTRATIVE	-	-	-	-	-	-	-	-	snippet-fd2789d15d9f68c3	c13fd01cbd2c00e97a6f92a8020826e17167f290d256ff29e35f85adefbfa23f
part-13-mlx-swift/references/02-generation-tools-and-caching.md	2207	75-detection-toolcallformatinfer-rule-by-rule	prelude:guide-context	PRELUDE-NEEDED	-	-	-	-	-	-	-	-	snippet-f782db8cb0a9f382	480d43432ccabe703449cb736f407546fcb265ed7aecc03c13c5d1730a9aeded
part-13-mlx-swift/references/02-generation-tools-and-caching.md	2214	75-detection-toolcallformatinfer-rule-by-rule	prelude:guide-context	PRELUDE-NEEDED	-	-	-	-	-	-	-	-	snippet-62e6a22a57c08b55	420db090f338f9604de8a7645eafd964fbab1cf10081b62dc459fb06393c5fbb
part-13-mlx-swift/references/02-generation-tools-and-caching.md	2252	75-detection-toolcallformatinfer-rule-by-rule	illustrative	ILLUSTRATIVE	-	-	-	-	-	-	-	-	snippet-3667b63a2af89b03	85cdf6d91c237071f201c381ab390a936bada8727705c3aad561f751f6b52e90
part-13-mlx-swift/references/02-generation-tools-and-caching.md	2270	76-toolcallprocessor--the-streaming-state-machine	prelude:guide-context	PRELUDE-NEEDED	-	-	-	-	-	-	-	-	snippet-bff23dfdd717586f	04e25aa2bc6b9d501e20be9d90ceec7a6d4eb2ae41f4b1cf3b1399afdb78fe34
part-13-mlx-swift/references/02-generation-tools-and-caching.md	2323	77-the-end-to-end-loop-both-ways	prelude:external-module	PRELUDE-NEEDED	-	-	-	-	-	-	-	-	snippet-fc7ac51268bbadff	bec386ecb3accd374cedc9b31341b05a8cdc954f743c2cbc5804e91f1b6081c0
part-13-mlx-swift/references/02-generation-tools-and-caching.md	2363	77-the-end-to-end-loop-both-ways	prelude:guide-context	PRELUDE-NEEDED	-	-	-	-	-	-	-	-	snippet-1df1d1a28b21cf18	279cb79fde33627c2affbbae7571838c60af0e8c38284a456a152c697ac74c65
part-13-mlx-swift/references/02-generation-tools-and-caching.md	2396	77-the-end-to-end-loop-both-ways	prelude:guide-context	PRELUDE-NEEDED	-	-	-	-	-	-	-	-	snippet-93c6b310fcde1a3f	2085390e4ba828a07ef21d960807fa89a43e1734986d67af8545aa342074a70b
part-13-mlx-swift/references/02-generation-tools-and-caching.md	2426	78-when-your-models-format-is-not-one-of-the-ten	prelude:guide-context	PRELUDE-NEEDED	-	-	-	-	-	-	-	-	snippet-a3372d421f107519	8c20d5a1d6a73a87c4596ec7308563ffab86c39f8ef42c7fd1ce3e8cc2710ae3
part-13-mlx-swift/references/02-generation-tools-and-caching.md	2438	78-when-your-models-format-is-not-one-of-the-ten	prelude:guide-context	PRELUDE-NEEDED	-	-	-	-	-	-	-	-	snippet-459a37551d539483	9b4fef9da004a3c18f847c2d027a6a08f4ee3ad0a87c5630691206b48828df3f
part-13-mlx-swift/references/02-generation-tools-and-caching.md	2457	78-when-your-models-format-is-not-one-of-the-ten	prelude:guide-context	PRELUDE-NEEDED	-	-	-	-	-	-	-	-	snippet-559fa489ed495ddb	a00bbbef2cb2b41729afab306e75ee0632e3fb70510571a310d9c206c02ea069
part-13-mlx-swift/references/02-generation-tools-and-caching.md	2488	78-when-your-models-format-is-not-one-of-the-ten	prelude:guide-context	PRELUDE-NEEDED	-	-	-	-	-	-	-	-	snippet-4abd68dc68869cd1	8d9d827ff3edc1be724235a2eb9db5907e8c5df3bc4dab24e4a51a1928999dbe
part-13-mlx-swift/references/02-generation-tools-and-caching.md	2554	81-the-protocol	illustrative	ILLUSTRATIVE	-	-	-	-	-	-	-	-	snippet-1efcb60f9f125c5e	bc198533fd720a607868a0632bffd22328d90271d75b81315d5f0cd700c67e0f
part-13-mlx-swift/references/02-generation-tools-and-caching.md	2650	83-the-trimmability-contract	prelude:guide-context	PRELUDE-NEEDED	-	-	-	-	-	-	-	-	snippet-e8993ca9ecbd682b	38f6aad24228706b61e352a084d2f5c43d4e6c5e64b32478fb069565d62bb444
part-13-mlx-swift/references/02-generation-tools-and-caching.md	2683	83-the-trimmability-contract	prelude:guide-context	PRELUDE-NEEDED	-	-	-	-	-	-	-	-	snippet-2423b86cf09db7b8	64141d5f2a82f3a05b79868f7f55de30c272e5aa26fe75c315e4dc30bcad0188
part-13-mlx-swift/references/02-generation-tools-and-caching.md	2735	84-where-the-cache-actually-gets-created	illustrative	ILLUSTRATIVE	-	-	-	-	-	-	-	-	snippet-e0f774397302eb7b	0cc1a3ddc6b1d5a68a474971da7ceacd0e1e43548cdbc4d9365b171ff68fcf1c
part-13-mlx-swift/references/02-generation-tools-and-caching.md	2755	85-quantized-kv-kvbits-kvscheme-and-turboquant	illustrative	ILLUSTRATIVE	-	-	-	-	-	-	-	-	snippet-7bc9cb5c7e0c225a	ff2f3452229665119b0eb187ef0d37d25455fb3aa1b7085f4aafd13bbd314569
part-13-mlx-swift/references/02-generation-tools-and-caching.md	2778	85-quantized-kv-kvbits-kvscheme-and-turboquant	prelude:guide-context	PRELUDE-NEEDED	-	-	-	-	-	-	-	-	snippet-4adc33d211619538	b447d48bd95c25173d856e132196f842790062f9f74b9a715546e497a4f22857
part-13-mlx-swift/references/02-generation-tools-and-caching.md	2883	86-prompt-caching-to-disk	prelude:guide-context	PRELUDE-NEEDED	-	-	-	-	-	-	-	-	snippet-df78ce524fc434cd	ea456aa4c4cb37fb310f4e0409d4865a943a278fbbb213436eac24574443af45
part-13-mlx-swift/references/02-generation-tools-and-caching.md	2912	86-prompt-caching-to-disk	illustrative	ILLUSTRATIVE	-	-	-	-	-	-	-	-	snippet-a7739039505aa946	978e455cedc69acbf7fdd7262ef9ab6fd7b4a1b8e427487cb8593409606a6aad
part-13-mlx-swift/references/02-generation-tools-and-caching.md	2936	87-cross-turn-reuse-and-the-attentionwithcacheupdate-footgun	prelude:guide-context	PRELUDE-NEEDED	-	-	-	-	-	-	-	-	snippet-a839a20d23a63c5c	569db9d3604922a169a859b3738b1d8a8713cac7059360f3a9a546c117f16ecf
part-13-mlx-swift/references/02-generation-tools-and-caching.md	2968	87-cross-turn-reuse-and-the-attentionwithcacheupdate-footgun	prelude:guide-context	PRELUDE-NEEDED	-	-	-	-	-	-	-	-	snippet-6cca9f14db655514	fc4bedcc76e03a0e2cad0e52430c087a477d1b7431c1bef02e8bea9a3a7faba1
part-13-mlx-swift/references/02-generation-tools-and-caching.md	3007	88-sizing-a-kv-cache-and-the-decision-rule	prelude:guide-context	PRELUDE-NEEDED	-	-	-	-	-	-	-	-	snippet-d111ee926cfada54	93c678658c1fcd389e3b51a9ced2b04c726859d8a1f6ef90efdadb8ab9453681
part-13-mlx-swift/references/02-generation-tools-and-caching.md	3056	what-happens	illustrative	ILLUSTRATIVE	-	-	-	-	-	-	-	-	snippet-52133364827310cf	e5f84ede4737ec66be9831ecc96c588bde94a46926efed3cb0c6aa196041f523
part-13-mlx-swift/references/02-generation-tools-and-caching.md	3151	the-class-of-error-port-the-line-lose-the-semantics	prelude:guide-context	PRELUDE-NEEDED	-	-	-	-	-	-	-	-	snippet-a205cef165dec40d	f51f417de554df943199675eabaac84ecb970ddbbb90dfa6b994930015ede330
part-13-mlx-swift/references/02-generation-tools-and-caching.md	3251	the-mitigation-you-can-apply-today	prelude:guide-context	PRELUDE-NEEDED	-	-	-	-	-	-	-	-	snippet-155a5b279351d00c	ffb07768c158db2299cbf8fb9fa0cf644f4ae14cd70d8ea259110f438f1765f7
part-13-mlx-swift/references/02-generation-tools-and-caching.md	3289	93-a-third-for-the-same-shelf-mlxcompile-and-kvcachesimple	prelude:guide-context	PRELUDE-NEEDED	-	-	-	-	-	-	-	-	snippet-83ab74bd490383a2	202f306469f9d6b6c05f1a8da53177ae956c615a5ed26da0921ebf632ec358fb
part-13-mlx-swift/references/02-generation-tools-and-caching.md	3319	94-how-to-detect-all-three-in-your-own-app	illustrative	ILLUSTRATIVE	-	-	-	-	-	-	-	-	snippet-6e4871978bdd2980	6608e9f209a2fb4ec7b5f3eb81094227902c990671de12b3fa3f24e686289aae
part-13-mlx-swift/references/02-generation-tools-and-caching.md	3400	101-the-types	illustrative	ILLUSTRATIVE	-	-	-	-	-	-	-	-	snippet-aeb9f8f98e3bfc52	238338fc3abd36e9384cacd0af84f8c5db22df575f9f15ebe17513eb1e451f65
part-13-mlx-swift/references/02-generation-tools-and-caching.md	3455	103-embedding-a-batch-correctly	illustrative	ILLUSTRATIVE	-	-	-	-	-	-	-	-	snippet-7ce00ee5be7a274d	f0a34b09077ad3f40d76103ceac48d17a6fe0f01d8de4c97b122c19d25d53613
part-13-mlx-swift/references/02-generation-tools-and-caching.md	3546	104-the-pipeline-and-the-part-that-is-actually-hard	prelude:guide-context	PRELUDE-NEEDED	-	-	-	-	-	-	-	-	snippet-9c338054a2acb448	bdfe67ec729772b2b7fc1a3bb2967dcb9b2f005686568c315844c1ac6a048511
part-13-mlx-swift/references/03-fm-bridge-and-guided-generation.md	159	1--the-two-gates-and-the-four-cell-matrix	illustrative	ILLUSTRATIVE	-	-	-	-	-	-	-	-	snippet-feb2ab6db2b6846d	c12bbf551612d7b73e1f1ae0a972f41d09ced6bf7d142fa175b473c19d7b3853
part-13-mlx-swift/references/03-fm-bridge-and-guided-generation.md	201	1--the-two-gates-and-the-four-cell-matrix	illustrative	ILLUSTRATIVE	-	-	-	-	-	-	-	-	snippet-78a1b0505d73cb9f	109d1fd4bcb5b9deeee8d338ec0cb65f904516487b6b1270e1f224bfad83608d
part-13-mlx-swift/references/03-fm-bridge-and-guided-generation.md	237	11-the-matrix	illustrative	ILLUSTRATIVE	-	-	-	-	-	-	-	-	snippet-91d98ba0d8036ec6	aaa864c18b61f328347940759ff2bd30d3bd7a03e725444156e988aabced8343
part-13-mlx-swift/references/03-fm-bridge-and-guided-generation.md	274	12-turning-the-trait-off	illustrative	ILLUSTRATIVE	-	-	-	-	-	-	-	-	snippet-842f11b85e5f9ca9	d4826020a28edc3b661626a8a5c11e6e1f4b0060d80adb7cbf5fdf281dac388b
part-13-mlx-swift/references/03-fm-bridge-and-guided-generation.md	375	21-the-one-line-version-from-the-readme	prelude:external-module	PRELUDE-NEEDED	-	-	-	-	-	-	-	-	snippet-544c9a6c8f6afd12	259537b6e6c8cdcf5dafe1cde1a58529d9986b0d272a3f632013b08857986907
part-13-mlx-swift/references/03-fm-bridge-and-guided-generation.md	430	31-packageswift	prelude:external-module	PRELUDE-NEEDED	-	-	-	-	-	-	-	-	snippet-a961716e3ca24977	1da2085966d772ad86b431931a02d27aadd10c9126b8506c8263a801d5c6c5ae
part-13-mlx-swift/references/03-fm-bridge-and-guided-generation.md	479	32-the-eight-imports-and-why-the-macro-needs-them	illustrative	ILLUSTRATIVE	-	-	-	-	-	-	-	-	snippet-a1facd2637e451d4	2da29666915a0e2fdacaa5af060b7ca57a57c0b4b3b8bcda249b0568e413e78a
part-13-mlx-swift/references/03-fm-bridge-and-guided-generation.md	571	41-the-declaration	illustrative	ILLUSTRATIVE	-	-	-	-	-	-	-	-	snippet-6af400447d4e10d3	1e215abc234c079fca272a7f4869439e3ab78ed63a9803c4e9e96ca485647869
part-13-mlx-swift/references/03-fm-bridge-and-guided-generation.md	589	41-the-declaration	illustrative	ILLUSTRATIVE	-	-	-	-	-	-	-	-	snippet-9ae44f9abc357482	7f74bafd1490ddfdccde78b669671e6de7a53eed8ccf563df95a7f2b3f88abf2
part-13-mlx-swift/references/03-fm-bridge-and-guided-generation.md	609	42-what-it-expands-to-exactly	illustrative	ILLUSTRATIVE	-	-	-	-	-	-	-	-	snippet-c69d5a88c4005a14	70fe837d18ea15ccef7d146c204337a3bffb06b6575e099f1723cd477385eedd
part-13-mlx-swift/references/03-fm-bridge-and-guided-generation.md	653	43-a-complete-copyable-program	illustrative	ILLUSTRATIVE	-	-	-	-	-	-	-	-	snippet-9bd70f61c8073232	e5056f3b250f0dcd0d14c1e948c05668639c34012914bee6455fd16d066fa842
part-13-mlx-swift/references/03-fm-bridge-and-guided-generation.md	732	51-the-signature	illustrative	ILLUSTRATIVE	-	-	-	-	-	-	-	-	snippet-09f676542b7b4f20	5d911edc6866ab04430b06aae57789e00b9bfb3da3c32cef1c92d88e976c77f8
part-13-mlx-swift/references/03-fm-bridge-and-guided-generation.md	800	52-weightslocation--what-it-is-not-used-for	illustrative	ILLUSTRATIVE	-	-	-	-	-	-	-	-	snippet-a70a8a1c867e3e57	6a22f97ecfabd4ec03e518ab5c8cbc8aa2c3482b42ff01523299afcd9adc0ff0
part-13-mlx-swift/references/03-fm-bridge-and-guided-generation.md	812	53-complete-a-model-from-a-directory-you-already-have	illustrative	ILLUSTRATIVE	-	-	-	-	-	-	-	-	snippet-14c117eae69b9608	b6043a339f9330df45c691de6c4c56a88cf24a3b7450b975d74932b75c77324e
part-13-mlx-swift/references/03-fm-bridge-and-guided-generation.md	877	54-containerloader-and-why-it-is-a-closure-and-not-a-protocol	prelude:guide-context	PRELUDE-NEEDED	-	-	-	-	-	-	-	-	snippet-aa1681b7faacae76	926d84e27cabc682769b723e1ec0014b168071cbbf37ff894a3e4d3c6dc878f6
part-13-mlx-swift/references/03-fm-bridge-and-guided-generation.md	931	62-the-adapter-refuses-to-infer-them-and-says-so-twice	illustrative	ILLUSTRATIVE	-	-	-	-	-	-	-	-	snippet-c0affd09718787f7	8cfffed4de533911322b8952efecefdbd4c0020ecf5d95a9b6dcabd8915fc250
part-13-mlx-swift/references/03-fm-bridge-and-guided-generation.md	959	63-what-reasoning-actually-switches--the-sharpest-doc-comment-in-the-repo	illustrative	ILLUSTRATIVE	-	-	-	-	-	-	-	-	snippet-ee9c7c01a5f04722	1a4e188cdc80d6e293aaad5652c670966a1e9041cd0610279938f36297428900
part-13-mlx-swift/references/03-fm-bridge-and-guided-generation.md	997	64-️-silent-failure-prevented-the-vision-gate-the-sdk-does-not-do	prelude:guide-context	PRELUDE-NEEDED	-	-	-	-	-	-	-	-	snippet-b43cb5127961354e	5e1239c516f005955684d15aeb161d871460e631f98b054236c393f00ce3d068
part-13-mlx-swift/references/03-fm-bridge-and-guided-generation.md	1059	71-the-availability-enum	illustrative	ILLUSTRATIVE	-	-	-	-	-	-	-	-	snippet-a347283615271d87	8e21017df5afa1aa0865b2b44cf0d93b8eaef5c9ffe396ba5e917a5f24eba5a1
part-13-mlx-swift/references/03-fm-bridge-and-guided-generation.md	1102	72-the-resolution-order-and-why-it-is-that-order	prelude:guide-context	PRELUDE-NEEDED	-	-	-	-	-	-	-	-	snippet-77fee475f3fb56e2	6fbd67b49b53cf669e63211e4395addb20804c13c15760e6b7dd8ed451c555d8
part-13-mlx-swift/references/03-fm-bridge-and-guided-generation.md	1140	73-️-silent-failure-available-does-not-mean-the-weights-are-complete	prelude:guide-context	PRELUDE-NEEDED	-	-	-	-	-	-	-	-	snippet-0d283c9a70b53995	bcaee3ed516105605d79070d30a7f275b5f529767c1f54be64ff6451d2b3fbb4
part-13-mlx-swift/references/03-fm-bridge-and-guided-generation.md	1180	74-disk-space-pre-flight	prelude:guide-context	PRELUDE-NEEDED	-	-	-	-	-	-	-	-	snippet-8e7e1220757fd957	056a435a77fcc79cb36187aa9b5e095eaafef2c86058546657adab5ed52b4086
part-13-mlx-swift/references/03-fm-bridge-and-guided-generation.md	1240	75-preload-vs-warmup-vs-prewarm--three-different-things	prelude:guide-context	PRELUDE-NEEDED	-	-	-	-	-	-	-	-	snippet-e16b6dcd2b744834	c27ecbb998b835e55d6350041d34548d1ebf4f893ca6bd0eed853b728cca5cd9
part-13-mlx-swift/references/03-fm-bridge-and-guided-generation.md	1272	76-️-silent-failure-the-prewarm-witness-must-match-exactly	prelude:guide-context	PRELUDE-NEEDED	-	-	-	-	-	-	-	-	snippet-0b3f304d757f8fa1	38935717f6f426589b785293b623a74e2858afc1127650c9df83434312ad7df6
part-13-mlx-swift/references/03-fm-bridge-and-guided-generation.md	1316	77-the-modelcache-actor-the-reason-any-of-this-is-fast	illustrative	ILLUSTRATIVE	-	-	-	-	-	-	-	-	snippet-f030f28a8d5b0cab	31480c719097fc8e87ed1c6189ddf57539b0f8b63240e1afd499a6b5f08cf437
part-13-mlx-swift/references/03-fm-bridge-and-guided-generation.md	1351	77-the-modelcache-actor-the-reason-any-of-this-is-fast	prelude:guide-context	PRELUDE-NEEDED	-	-	-	-	-	-	-	-	snippet-d92fb6edd087dde6	989533afa18fd72c73eddf24eb7615cdae9426e005e409286aa6cbb429d2c253
part-13-mlx-swift/references/03-fm-bridge-and-guided-generation.md	1384	78-evict-and-evictall	illustrative	ILLUSTRATIVE	-	-	-	-	-	-	-	-	snippet-02918af1c97ecadf	5231065e2f85cc36d70bc13eefd075ee370b9fdac03fd3ce62d84c2d79afddf1
part-13-mlx-swift/references/03-fm-bridge-and-guided-generation.md	1439	81-transcriptconverter--entries-in-chatmessages-out	prelude:guide-context	PRELUDE-NEEDED	-	-	-	-	-	-	-	-	snippet-d89f134ccb253f5b	5999fc439dfa2685d037e1346cb1985232c6353edf053821d27c67d1a622cce8
part-13-mlx-swift/references/03-fm-bridge-and-guided-generation.md	1491	81-transcriptconverter--entries-in-chatmessages-out	prelude:guide-context	PRELUDE-NEEDED	-	-	-	-	-	-	-	-	snippet-e565f14b51c83bb2	577d85049a203f3e6718925ac15e2e1688d2973dd674066d81b9bd27a4d87445
part-13-mlx-swift/references/03-fm-bridge-and-guided-generation.md	1530	82-samplingmodemapper--three-cases-one-precedence-ladder	illustrative	ILLUSTRATIVE	-	-	-	-	-	-	-	-	snippet-24a95103d751a45d	e2ee95897f7ba5c7de3393f53958e420b81d5d884520eff155c116baf6d045d6
part-13-mlx-swift/references/03-fm-bridge-and-guided-generation.md	1587	82-samplingmodemapper--three-cases-one-precedence-ladder	prelude:guide-context	PRELUDE-NEEDED	-	-	-	-	-	-	-	-	snippet-4b28f2df6e8bb0ab	3d560266e23992ff9fba2ed261a58c65716418603a069b93d5e543168bd79f26
part-13-mlx-swift/references/03-fm-bridge-and-guided-generation.md	1600	82-samplingmodemapper--three-cases-one-precedence-ladder	illustrative	ILLUSTRATIVE	-	-	-	-	-	-	-	-	snippet-b8c702c354b1de6e	2d9ad7c5d54393ce07a7598a45f27a9191b29ed4b28138551aa3953b494c4a1f
part-13-mlx-swift/references/03-fm-bridge-and-guided-generation.md	1623	82-samplingmodemapper--three-cases-one-precedence-ladder	illustrative	ILLUSTRATIVE	-	-	-	-	-	-	-	-	snippet-1f955b95b76dc9fa	8448ba8254470d62f748e807554ba35889b7365b14678b8e6ec41ae5c05611bb
part-13-mlx-swift/references/03-fm-bridge-and-guided-generation.md	1637	83-modelconfigurationresolver-and-modeldescriptor--the-seam-and-its-trap	prelude:guide-context	PRELUDE-NEEDED	-	-	-	-	-	-	-	-	snippet-b4c0855493dbccf3	e0342596003fb8c996c2166454f53f8e5cd8d0df89a83b84bfc0bc3fe97624a6
part-13-mlx-swift/references/03-fm-bridge-and-guided-generation.md	1693	83-modelconfigurationresolver-and-modeldescriptor--the-seam-and-its-trap	prelude:guide-context	PRELUDE-NEEDED	-	-	-	-	-	-	-	-	snippet-4cae0a9ed52c8562	32cb2bfcb167546fe59686c020a256e495bee7c9851bafe25eee307fa5416954
part-13-mlx-swift/references/03-fm-bridge-and-guided-generation.md	1724	83-modelconfigurationresolver-and-modeldescriptor--the-seam-and-its-trap	prelude:guide-context	PRELUDE-NEEDED	-	-	-	-	-	-	-	-	snippet-d338bf01144b520d	2b7725e3460ea9d4bbd941b9e3ce633c1521761a744295cf7b9850f9e2da7d7f
part-13-mlx-swift/references/03-fm-bridge-and-guided-generation.md	1823	84-executorrespond--the-dispatch-tree	illustrative	ILLUSTRATIVE	-	-	-	-	-	-	-	-	snippet-02527c9678652ffd	89b455ceeae06f8db217089dfc197e6477caa2f1f479a4a8a341275510ee49dd
part-13-mlx-swift/references/03-fm-bridge-and-guided-generation.md	1853	84-executorrespond--the-dispatch-tree	illustrative	ILLUSTRATIVE	-	-	-	-	-	-	-	-	snippet-c51fdde84c060dba	b7d95eedf2bd20478eac29e0553e534633ba75dd2d9ab59a93cbf3df6fc7ec22
part-13-mlx-swift/references/03-fm-bridge-and-guided-generation.md	1876	85-the-tool-paths	compile:27 imports:FoundationModels	VERIFIED	top	-	pass	-	-	-	-	-	snippet-af9e072f0db7365c	d7ac480d13a22497b5269f1e7cfe695ca24f0c2a8a73a3166073ea4d47eb3cef
part-13-mlx-swift/references/03-fm-bridge-and-guided-generation.md	1929	85-the-tool-paths	prelude:guide-context	PRELUDE-NEEDED	-	-	-	-	-	-	-	-	snippet-496a62378c34321d	21228f3cf7b06e146a91c6943f6377cee3d73ef6aca5330e9520709d69d24de6
part-13-mlx-swift/references/03-fm-bridge-and-guided-generation.md	1958	85-the-tool-paths	prelude:guide-context	PRELUDE-NEEDED	-	-	-	-	-	-	-	-	snippet-0947c6ef801a2b8c	715671f3e0606a9031900f233739c9c5ad9de7a5b436eadc52dbcd207a179966
part-13-mlx-swift/references/03-fm-bridge-and-guided-generation.md	2008	85-the-tool-paths	illustrative	ILLUSTRATIVE	-	-	-	-	-	-	-	-	snippet-1c687a0bf5d24ad2	9ff87a7c63f034b3d166ed07de0809476d448b9438e67fa8bb2bdd8964b1019d
part-13-mlx-swift/references/03-fm-bridge-and-guided-generation.md	2041	86-schemaconverter--the-two-grammars-and-the-defs-bug-class	illustrative	ILLUSTRATIVE	-	-	-	-	-	-	-	-	snippet-4ec9bd3bbba2fe96	22470667e5a58be5ba42e17c5beeb68e0508f311f4141546b51261610a7cb025
part-13-mlx-swift/references/03-fm-bridge-and-guided-generation.md	2056	86-schemaconverter--the-two-grammars-and-the-defs-bug-class	illustrative	ILLUSTRATIVE	-	-	-	-	-	-	-	-	snippet-f86c581bd223bfa5	0fe399abce6677aa3e9e3d65c248af5a5dc0883d8d9b4710a45551f59a019420
part-13-mlx-swift/references/03-fm-bridge-and-guided-generation.md	2177	87-streaming-and-what-the-27-sdk-took-away	illustrative	ILLUSTRATIVE	-	-	-	-	-	-	-	-	snippet-e7146b5aae7d3694	5dd4bbd269227d1eb910b34a88247d25f8b3a0f74eb4fd43547d3e6ed9a99f4e
part-13-mlx-swift/references/03-fm-bridge-and-guided-generation.md	2201	87-streaming-and-what-the-27-sdk-took-away	prelude:guide-context	PRELUDE-NEEDED	-	-	-	-	-	-	-	-	snippet-38ead661d2b62a0b	3c8fa5a67ab8b2bdd77566777eb4d779d16509c519325b6ba040a14ad4f86a60
part-13-mlx-swift/references/03-fm-bridge-and-guided-generation.md	2224	88-️-silent-failure-usage-is-never-forwarded-to-the-framework	illustrative	ILLUSTRATIVE	-	-	-	-	-	-	-	-	snippet-15ab2b685b8160b3	be0b9c0c19e417f26cddcd9db4b1105db731e644c853a7b6210aa9d1e293dd39
part-13-mlx-swift/references/03-fm-bridge-and-guided-generation.md	2264	89-mlxdownloadprogress--the-observable	illustrative	ILLUSTRATIVE	-	-	-	-	-	-	-	-	snippet-f983993bba718bde	c6be0ae9ed96aeaa2017208de44824fcb3835812943c33912786d6b3ae0d0519
part-13-mlx-swift/references/03-fm-bridge-and-guided-generation.md	2286	89-mlxdownloadprogress--the-observable	prelude:guide-context	PRELUDE-NEEDED	-	-	-	-	-	-	-	-	snippet-9e2d9b5053a47384	357e5d68d9ee8f8e4899323c25db6e152687602475ecddd83c8b0801eec4b27e
part-13-mlx-swift/references/03-fm-bridge-and-guided-generation.md	2305	89-mlxdownloadprogress--the-observable	prelude:guide-context	PRELUDE-NEEDED	-	-	-	-	-	-	-	-	snippet-31b5635e48cc97d2	2d5eeb9aec098b5a7a9355f7ec6f8d156442afa44e00e48ecc45f239c7be858a
part-13-mlx-swift/references/03-fm-bridge-and-guided-generation.md	2343	91-the-mechanism-in-one-paragraph	illustrative	ILLUSTRATIVE	-	-	-	-	-	-	-	-	snippet-57258b8919b7de03	18b5f1ffa28b3f9a5dcfb85a0876a80012ca9b0fe47ed40a38e420478541fa67
part-13-mlx-swift/references/03-fm-bridge-and-guided-generation.md	2375	91-the-mechanism-in-one-paragraph	illustrative	ILLUSTRATIVE	-	-	-	-	-	-	-	-	snippet-423ffb0f8c228fbd	af87914b83578c01f79009289febea842aa16aaf4e4e0e64262b9489fb2a5706
part-13-mlx-swift/references/03-fm-bridge-and-guided-generation.md	2400	92-the-three-types-you-touch	illustrative	ILLUSTRATIVE	-	-	-	-	-	-	-	-	snippet-27fc788c8828515d	d15ef1466372ae7530edfe2798059d07c9e3b09e7f53f2419ac03e1dbd970ff2
part-13-mlx-swift/references/03-fm-bridge-and-guided-generation.md	2492	93-guidedgenerationlooprun--the-signature	prelude:guide-context	PRELUDE-NEEDED	-	-	-	-	-	-	-	-	snippet-ff1730f3123c3113	49625e4a61b2ad6d6de5f73905e5a571447286159ba4aaab6e758e1c352a8aed
part-13-mlx-swift/references/03-fm-bridge-and-guided-generation.md	2537	93-guidedgenerationlooprun--the-signature	prelude:guide-context	PRELUDE-NEEDED	-	-	-	-	-	-	-	-	snippet-26382853c0f40436	0a6f466b4cc958fc7825e3f07ebe81bbde05931076e22f1742de4a125279bdb8
part-13-mlx-swift/references/03-fm-bridge-and-guided-generation.md	2626	94-the-zone-policy--a-budget-mechanism-not-a-quality-mechanism	illustrative	ILLUSTRATIVE	-	-	-	-	-	-	-	-	snippet-5f2007ed47e6d089	6608806f3d982a6e493ffc1552a4173eacdca490a64f191753a13cc71f6932d9
part-13-mlx-swift/references/03-fm-bridge-and-guided-generation.md	2645	94-the-zone-policy--a-budget-mechanism-not-a-quality-mechanism	prelude:guide-context	PRELUDE-NEEDED	-	-	-	-	-	-	-	-	snippet-1a6387458d2e6bfe	5e2a4f4c2c9814997dc7b3785436364ad945f265f1c6b2036ccb0ff247e103a6
part-13-mlx-swift/references/03-fm-bridge-and-guided-generation.md	2665	94-the-zone-policy--a-budget-mechanism-not-a-quality-mechanism	illustrative	ILLUSTRATIVE	-	-	-	-	-	-	-	-	snippet-89db59cd8d6ebf9f	de2a0c13c6cd0bcb9907971c8681e585af38fec9d5e8a8f932a9caa25b1915d1
part-13-mlx-swift/references/03-fm-bridge-and-guided-generation.md	2684	95-stop-tokens-and-the-three-sources	illustrative	ILLUSTRATIVE	-	-	-	-	-	-	-	-	snippet-4f7f4d6346c2fb7d	006cb973c233536071e712583566c1c37fbafb9ac693bebd0f531d9fcce79171
part-13-mlx-swift/references/03-fm-bridge-and-guided-generation.md	2745	96-fast-forward-tokens-and-the-tokenization-boundary-problem	prelude:guide-context	PRELUDE-NEEDED	-	-	-	-	-	-	-	-	snippet-e639cb7643d223c8	1b6b119a8e641275fb556d87b2a1f7d799715d3f6a39579e19e929c8ebbcf3f3
part-13-mlx-swift/references/03-fm-bridge-and-guided-generation.md	2765	96-fast-forward-tokens-and-the-tokenization-boundary-problem	prelude:guide-context	PRELUDE-NEEDED	-	-	-	-	-	-	-	-	snippet-de4bfef4b7cf4aa6	609406517ef66190de59868625168472df79118d96a88db2e64449cc7bc2f5bc
part-13-mlx-swift/references/03-fm-bridge-and-guided-generation.md	2809	97-standalone-guided-generation-without-foundation-models	prelude:external-module	PRELUDE-NEEDED	-	-	-	-	-	-	-	-	snippet-95cd9f332f487093	813c0bb11859eea0b8625fe6f4b640fc5e508a885f8d92275a4b6260f1ebf914
part-13-mlx-swift/references/03-fm-bridge-and-guided-generation.md	2869	97-standalone-guided-generation-without-foundation-models	prelude:guide-context	PRELUDE-NEEDED	-	-	-	-	-	-	-	-	snippet-e97457feb7212135	79bb966904079d793395bc98d8c517252ccf2b5e904a698fd10a08337397d0dd
part-13-mlx-swift/references/03-fm-bridge-and-guided-generation.md	2900	98-constraint-cloning-and-the-fork-fallback	prelude:guide-context	PRELUDE-NEEDED	-	-	-	-	-	-	-	-	snippet-3fd7bb6e38ea0ffb	67bd4809ea30a0153a36b76199aa170cded362a9e7b45a9862155276f4da8ddc
part-13-mlx-swift/references/03-fm-bridge-and-guided-generation.md	2911	98-constraint-cloning-and-the-fork-fallback	prelude:guide-context	PRELUDE-NEEDED	-	-	-	-	-	-	-	-	snippet-20c011d49e4a1905	3c1f3128be6e1167594e2417f06bf0f6f89747661f5883b7b0b63b79010302d3
part-13-mlx-swift/references/03-fm-bridge-and-guided-generation.md	2945	99-️-silent-failure-flushlogs-always-returns-nil	compile:27	VERIFIED	top	-	pass	-	-	-	-	-	snippet-222179f1c2767e12	fba7d405675596dac113aa2b13e6844d84e1254fbf765423307c46189e8c13ef
part-13-mlx-swift/references/03-fm-bridge-and-guided-generation.md	2958	99-️-silent-failure-flushlogs-always-returns-nil	prelude:guide-context	PRELUDE-NEEDED	-	-	-	-	-	-	-	-	snippet-6727929370282f64	4d7c4413101844597248ac9e2567d38d5df19e80db09b5917842d37373bf13c0
part-13-mlx-swift/references/03-fm-bridge-and-guided-generation.md	2976	99-️-silent-failure-flushlogs-always-returns-nil	illustrative	ILLUSTRATIVE	-	-	-	-	-	-	-	-	snippet-3cb0667c56ccaf94	c8fcb435b230102e7c5710a632409e0f37d2e96f9db3532bd75d6daf84e6e2f3
part-13-mlx-swift/references/03-fm-bridge-and-guided-generation.md	3002	99-️-silent-failure-flushlogs-always-returns-nil	prelude:guide-context	PRELUDE-NEEDED	-	-	-	-	-	-	-	-	snippet-ebc6453ac8b7cf23	1a91811580e868e80b47ade77e677bd1c28d65ca751c7ca89b9609f40611331e
part-13-mlx-swift/references/03-fm-bridge-and-guided-generation.md	3050	102-the-smoking-gun	illustrative	ILLUSTRATIVE	-	-	-	-	-	-	-	-	snippet-da585afe94cd6014	c4a4745f2c5bd510cbe483259f195109178e6ba9a0bde31761fdff90e1f34822
part-13-mlx-swift/references/03-fm-bridge-and-guided-generation.md	3300	123-things-that-are-not-silent-but-are-surprising	prelude:guide-context	PRELUDE-NEEDED	-	-	-	-	-	-	-	-	snippet-03c356a0a416940e	4c6b3f8ea7ef34c6d8abad5917ea9997bc65ee81c2b4477056eb4c9c6895dd5c
part-13-mlx-swift/references/03-fm-bridge-and-guided-generation.md	3376	131-samplingmodekind-was-renamed-mid-beta	prelude:guide-context	PRELUDE-NEEDED	-	-	-	-	-	-	-	-	snippet-f57a6f2e776f806d	e0a9d11e6e264783e1d8a2ef6750f61413036aceccdf066f88fe410f062e90a0
part-14-bridges-between-stacks/references/01-mlx2coreai-and-third-party-bridges.md	580	35-position_ids-is-the-full-position-vector	prelude:guide-context	PRELUDE-NEEDED	-	-	-	-	-	-	-	-	snippet-b5fbe493432d45d1	04f714f02fd6620c76b962a180f71a9f2169182617b4a777a1558e065faad162
part-14-bridges-between-stacks/references/01-mlx2coreai-and-third-party-bridges.md	841	42-what-the-reader-enforces	prelude:guide-context	PRELUDE-NEEDED	-	-	-	-	-	-	-	-	snippet-81dd288ed371a8ff	7f93d58148141c693394d06e5b09b1b52fc74facbd1e5cbb8a0baf70c0cfabba
part-14-bridges-between-stacks/references/01-mlx2coreai-and-third-party-bridges.md	861	42-what-the-reader-enforces	compile:27	VERIFIED	top	-	pass	-	-	-	-	-	snippet-c20a183d1ba88e5f	b1fe143fba25d91d45a769e61d301ecd83ba45d3a5e8a057114ebd1fd472cce3
part-14-bridges-between-stacks/references/01-mlx2coreai-and-third-party-bridges.md	894	43-the-language-block-and-function_map	prelude:guide-context	PRELUDE-NEEDED	-	-	-	-	-	-	-	-	snippet-437ee2a817dd3a88	72845c5d85d71c1d7af9f3276b1c6212a92a529c48db5bb530544b1a348c8abb
part-14-bridges-between-stacks/references/01-mlx2coreai-and-third-party-bridges.md	966	44-the-vlm-variant	illustrative	ILLUSTRATIVE	-	-	-	-	-	-	-	-	snippet-c82ddba8532698cd	f350c1df8ae0293c8405c58c7ec3d24ed13ee54cb82ca8f68851097de8b5ebc3
part-14-bridges-between-stacks/references/01-mlx2coreai-and-third-party-bridges.md	1457	57-dynamic-shapes-need-a-probe-and-shapelesstrue-is-not-enough	prelude:guide-context	PRELUDE-NEEDED	-	-	-	-	-	-	-	-	snippet-f176483857a5e37f	2306ad440b93a36a04a2d482dc9dff400da47917fb44d7f7c1287179a56ef6c2
part-14-bridges-between-stacks/references/01-mlx2coreai-and-third-party-bridges.md	2046	82-the-swift-counterpart-and-the-api-delta	illustrative	ILLUSTRATIVE	-	-	-	-	-	-	-	-	snippet-69aed8950dfaf48c	440e624f3f9a235dc0b175e994236a9722e02741ff5eeffb46a427d71d238abf
part-14-bridges-between-stacks/references/01-mlx2coreai-and-third-party-bridges.md	2078	82-the-swift-counterpart-and-the-api-delta	prelude:guide-context	PRELUDE-NEEDED	-	-	-	-	-	-	-	-	snippet-67f7c2e4219e963e	16f813051cf64cba754a263bc759de2b6cdbbc6e0b2ad8856dd6793e4a9973a9
part-14-bridges-between-stacks/references/01-mlx2coreai-and-third-party-bridges.md	2262	92-the-two-core-ai-module-namespaces--get-this-wrong-and-nothing-compiles	illustrative	ILLUSTRATIVE	-	-	-	-	-	-	-	-	snippet-6bba34b96af39585	de65549e7185aac9ce347d1184c4a6c5942983ccfb1dcc03bca82379f1e981e1
part-14-bridges-between-stacks/references/01-mlx2coreai-and-third-party-bridges.md	2307	94-the-bundle-loader-verbatim	illustrative	ILLUSTRATIVE	-	-	-	-	-	-	-	-	snippet-cef014f3ae31cf92	b79126ea84ba3f375ec96c58715e21bcc354992b9c6f56fce025c15a32eae7b7
part-14-bridges-between-stacks/references/01-mlx2coreai-and-third-party-bridges.md	2422	95-validate-before-you-load--the-pattern-worth-copying	prelude:guide-context	PRELUDE-NEEDED	-	-	-	-	-	-	-	-	snippet-680d935354d5f082	8457de0bd06176a0d970bd3b891113cbaceb27c07f519a9e4192dd41a0a689c5
part-14-bridges-between-stacks/references/01-mlx2coreai-and-third-party-bridges.md	2479	96-the-state-owning-actor	prelude:external-module	PRELUDE-NEEDED	-	-	-	-	-	-	-	-	snippet-195a39edfc25746f	461d8e44d96af87e3d3440da79ace5e5aaecb5cef3d4b56f08ee409d62c6c3dd
part-14-bridges-between-stacks/references/01-mlx2coreai-and-third-party-bridges.md	2591	97-the-image-placeholder-contract--an-asymmetry-that-will-catch-you	prelude:guide-context	PRELUDE-NEEDED	-	-	-	-	-	-	-	-	snippet-5e5635c2ec89928c	a61703eb98cc190f0111a90790da86600d3fb850433b1d7e6bd05fc55eb985ef
part-14-bridges-between-stacks/references/01-mlx2coreai-and-third-party-bridges.md	2651	97-the-image-placeholder-contract--an-asymmetry-that-will-catch-you	prelude:guide-context	PRELUDE-NEEDED	-	-	-	-	-	-	-	-	snippet-c43d529ba844de20	4e50eec49d03eede4c1aba15df984293c4561f3c77a146ea1775f2e9c2110129
part-14-bridges-between-stacks/references/01-mlx2coreai-and-third-party-bridges.md	2668	98-️-silent-failure-every-core-ai-test-in-this-repo-passes-without-running	illustrative	ILLUSTRATIVE	-	-	-	-	-	-	-	-	snippet-58963b82776aef69	cc5ef43d21803ea009fa20558aad4f026446a08e722106191a44a06c88074304
part-14-bridges-between-stacks/references/01-mlx2coreai-and-third-party-bridges.md	2772	102-apples-own-code-sets-it-true-for-dynamic-shape-gpu-llms	prelude:guide-context	PRELUDE-NEEDED	-	-	-	-	-	-	-	-	snippet-f12dde60eda97c4e	63aea6ccab1084fe29e334c231d63a657ac81e76705d3e7a2ac3d5196a047dc1
part-14-bridges-between-stacks/references/01-mlx2coreai-and-third-party-bridges.md	2803	103-swift-lm-rejects-it-outright	prelude:guide-context	PRELUDE-NEEDED	-	-	-	-	-	-	-	-	snippet-ecd530d7b425a4bb	5d625087e79cf9bffb298f98b55bfa07c4b444eb2434be6def5693408c017614
part-14-bridges-between-stacks/references/01-mlx2coreai-and-third-party-bridges.md	2841	104-mlx2coreais-swift-runner-sets-it-false--on-a-dynamic-model	prelude:guide-context	PRELUDE-NEEDED	-	-	-	-	-	-	-	-	snippet-aa76d479693745d2	8e2b2ced0a8581790fb29a5e47fa1b13db090d544444427fae7505a0a886946d
part-14-bridges-between-stacks/references/01-mlx2coreai-and-third-party-bridges.md	2966	111-what-it-is	prelude:guide-context	PRELUDE-NEEDED	-	-	-	-	-	-	-	-	snippet-9df9909ce5664a47	f9ff3cdd2002c28ca7d177e808002467a7787525a76f7b796c50aec24e27b72e
part-15-shipping-and-operating/references/01-model-distribution-and-updates.md	199	11-what-over-1-gb-was-made-of	compile:27 imports:Foundation	VERIFIED	top	-	pass	-	-	-	-	-	snippet-4601fb71f7f25bea	e7a0dff161284338ebf04192cc52a125bac70239cc505a7acc128302a76da3e0
part-15-shipping-and-operating/references/01-model-distribution-and-updates.md	288	12-an-aimodel-is-a-directory	compile:27	VERIFIED	top	-	pass	-	-	-	-	-	snippet-a807c3dfb9fdadd8	6231cbbfd5fc70cc7a7583917140f20c32ca4c33e2526a119f4002f6870b8378
part-15-shipping-and-operating/references/01-model-distribution-and-updates.md	460	23-a-concrete-preparation-state-machine	compile:27	VERIFIED	top	-	pass	-	-	-	-	-	snippet-0ae5a31919d663a8	86e5fc7daac4edadeb6c328c337b15693b724cef50af69973313f57f81641d5d
part-15-shipping-and-operating/references/01-model-distribution-and-updates.md	517	23-a-concrete-preparation-state-machine	prelude:guide-context	PRELUDE-NEEDED	-	-	-	-	-	-	-	-	snippet-bd61a80d5905f42a	029c792c258078d76b69f17bc0fc76ae3aea6eff15448cafcea35229a85e2a8a
part-15-shipping-and-operating/references/01-model-distribution-and-updates.md	605	23-a-concrete-preparation-state-machine	illustrative	ILLUSTRATIVE	-	-	-	-	-	-	-	-	snippet-7a79acebd751d442	aa79851a72dceb16c2c5c8569eb5cebb9c794b072e72868f7f030e56d334c37c
part-15-shipping-and-operating/references/01-model-distribution-and-updates.md	640	24-apples-own-minimal-version-of-this	illustrative	ILLUSTRATIVE	-	-	-	-	-	-	-	-	snippet-3334df0755d0295a	9e468f6ad25cb722024a088d5fbc9a9c4bcb363f00ee164a943085b34129da9e
part-15-shipping-and-operating/references/01-model-distribution-and-updates.md	788	33-the-background-assets-fragments-we-can-verify	prelude:guide-context	PRELUDE-NEEDED	-	-	-	-	-	-	-	-	snippet-2f39bdfba674e340	9fe467cfc80243d8eac1818ebf0a9b000906211ae846e98d778a1c62a4284b26
part-15-shipping-and-operating/references/01-model-distribution-and-updates.md	834	34-the-delivery-protocol-keep-core-ai-independent-of-the-transport	illustrative	ILLUSTRATIVE	-	-	-	-	-	-	-	-	snippet-44763b743d9736f2	5febe5cd35b8520b78f4556959f9e7d8a1abac2264f06f73cb47c195f43d4c3b
part-15-shipping-and-operating/references/01-model-distribution-and-updates.md	871	34-the-delivery-protocol-keep-core-ai-independent-of-the-transport	prelude:guide-context	PRELUDE-NEEDED	-	-	-	-	-	-	-	-	snippet-5682ff6f459b2bed	b9ba519be4ab5175dd11288d8949d3caedbd1bf9927829684204983ebd906149
part-15-shipping-and-operating/references/01-model-distribution-and-updates.md	1207	43-output-naming-and-the-runtime-lookup	compile:27 imports:CoreAI	VERIFIED	top	-	pass	-	-	-	-	-	snippet-5b717c3db40c33f4	1edbb0539eccb6771c3c74affb39e2e04f4112d0a7e3e9770fcfe8620c45bd4d
part-15-shipping-and-operating/references/01-model-distribution-and-updates.md	1215	43-output-naming-and-the-runtime-lookup	illustrative	ILLUSTRATIVE	-	-	-	-	-	-	-	-	snippet-5bc8fc2c282acfab	db4283c60cd77e8c40f1d3d90c0d660ce23d4ef3221a49de8507b7a09c7005e3
part-15-shipping-and-operating/references/01-model-distribution-and-updates.md	1245	43-output-naming-and-the-runtime-lookup	compile:27	VERIFIED	top	-	pass	-	-	-	-	-	snippet-f1a664064f8676b2	da97ad575508e47971a096c14a5bf5ba9f11aa8f991198556fccfad85740b938
part-15-shipping-and-operating/references/01-model-distribution-and-updates.md	1269	43-output-naming-and-the-runtime-lookup	compile:27 imports:CoreAI	VERIFIED	top	-	pass	-	-	-	-	-	snippet-a307d99ea32b7cff	b3982479301c209d16a04abe7ae08e17c648df373d3cc6cb44ba707cdd89ab44
part-15-shipping-and-operating/references/01-model-distribution-and-updates.md	1656	54-a-second-way-a-compiled-asset-fails-to-load-with-the-same-shape	prelude:guide-context	PRELUDE-NEEDED	-	-	-	-	-	-	-	-	snippet-f6b07b36af049ca6	2f6f59737c257c4250bbb981627975fee8b20998ae9658998599ddf06cc8e069
part-15-shipping-and-operating/references/01-model-distribution-and-updates.md	1677	55-the-mitigation-verify-on-device-and-always-keep-a-fallback	prelude:guide-context	PRELUDE-NEEDED	-	-	-	-	-	-	-	-	snippet-d798b56f8131b7cd	d99f207c72b53117e15d4a1a7a122963dc7131a9a56698a4194052f22bebf056
part-15-shipping-and-operating/references/01-model-distribution-and-updates.md	1728	55-the-mitigation-verify-on-device-and-always-keep-a-fallback	compile:27	VERIFIED	top	-	pass	-	-	-	-	-	snippet-bb690d16a88556db	e619d6e66c3a3762fcfed4364856dd8c0cb69fc23b4124c405658ebc760ceda9
part-15-shipping-and-operating/references/01-model-distribution-and-updates.md	1787	55-the-mitigation-verify-on-device-and-always-keep-a-fallback	prelude:guide-context	PRELUDE-NEEDED	-	-	-	-	-	-	-	-	snippet-1a525c61659697c2	4006c78ec2318e8ba170b0a5ba4d6b79c04aa7e25855dbfd7681c9ae2daec3e5
part-15-shipping-and-operating/references/01-model-distribution-and-updates.md	1880	62-the-three-levers	prelude:guide-context	PRELUDE-NEEDED	-	-	-	-	-	-	-	-	snippet-a1e7839ab57cddda	f8d91184872abe3ee5294acee81ee3988c24b9647fcc1ed93ff8a18859379c4f
part-15-shipping-and-operating/references/01-model-distribution-and-updates.md	1891	63-the-full-preparation-sequence	prelude:guide-context	PRELUDE-NEEDED	-	-	-	-	-	-	-	-	snippet-0c88070b6fd5d452	c60d89a6d9086bf5be268baff2b24758b5dc7b9364bb12d4867d07f9ebb64fd7
part-15-shipping-and-operating/references/01-model-distribution-and-updates.md	1912	63-the-full-preparation-sequence	prelude:guide-context	PRELUDE-NEEDED	-	-	-	-	-	-	-	-	snippet-1146017d0aae6bd7	e285ddddcd484a4ec830782fe9541119c05b956d034f1b1c702648260ac5dbf0
part-15-shipping-and-operating/references/01-model-distribution-and-updates.md	2070	66-choosing-compute-units	illustrative	ILLUSTRATIVE	-	-	-	-	-	-	-	-	snippet-7c8319ea16656b04	6ccb6a01942908b8d06ed8f50cd9961a45ac31c6d537079dd61150148507cfeb
part-15-shipping-and-operating/references/01-model-distribution-and-updates.md	2127	71-the-sequence-from-apple	prelude:guide-context	PRELUDE-NEEDED	-	-	-	-	-	-	-	-	snippet-12e264b801745707	96d1546317adbb13fdf7d606bf00fbe152e059681a7fbe3ddccf54e356763ae8
part-15-shipping-and-operating/references/01-model-distribution-and-updates.md	2171	71-the-sequence-from-apple	illustrative	ILLUSTRATIVE	-	-	-	-	-	-	-	-	snippet-b8a8a40d480b1f28	d97a4519e719c5b88044a64f67923fd31b1742c76f64ba6ca969f32deacd4936
part-15-shipping-and-operating/references/01-model-distribution-and-updates.md	2198	72-versioning-the-asset	prelude:guide-context	PRELUDE-NEEDED	-	-	-	-	-	-	-	-	snippet-4a8074a0d3332cde	1bc9d8cfe4e5a47e6d417e5a24570068675ecba45575a0d9fa15284a36c3d331
part-15-shipping-and-operating/references/01-model-distribution-and-updates.md	2323	73-keeping-the-app-working-while-an-update-is-in-flight	compile:27	VERIFIED	top	-	pass	-	-	-	-	-	snippet-7ddcd0dc81c5de68	9985aa7cda7d025ddf8b964beeba218070103ddc2ea485cfbcf7eb10456bbbf8
part-15-shipping-and-operating/references/01-model-distribution-and-updates.md	2420	75-rollback	prelude:guide-context	PRELUDE-NEEDED	-	-	-	-	-	-	-	-	snippet-fd55901c9ae10f54	e72695e825cd31c368ccee9ae9af9c84ef1451e11e72f81a970b81b85ad470db
part-15-shipping-and-operating/references/01-model-distribution-and-updates.md	2477	81-why-bookmarks-exist-at-all	prelude:guide-context	PRELUDE-NEEDED	-	-	-	-	-	-	-	-	snippet-c9c58577967cfd4b	64d2dfe49568a89e6c9d9b2f66cae7f29395506b264ea668947ec7393cd359e6
part-15-shipping-and-operating/references/01-model-distribution-and-updates.md	2490	81-why-bookmarks-exist-at-all	illustrative	ILLUSTRATIVE	-	-	-	-	-	-	-	-	snippet-67dc02f38e52d526	6303ab171c66df31c5d5490c7cb8c0370b8ec54fd760cad73bf42d9356786a71
part-15-shipping-and-operating/references/01-model-distribution-and-updates.md	2506	81-why-bookmarks-exist-at-all	prelude:guide-context	PRELUDE-NEEDED	-	-	-	-	-	-	-	-	snippet-89c49f354535eb6c	a8b729cf3e38dc0331abfd1936893b48539b63dab3700ec69e814de9ec200839
part-15-shipping-and-operating/references/01-model-distribution-and-updates.md	2583	83-why-it-is-easy-to-get-wrong	prelude:guide-context	PRELUDE-NEEDED	-	-	-	-	-	-	-	-	snippet-8f7186da84348118	f2f35cd20ebf35ecbf5f74e0762989866ec228651e36439f694219a0dcbc2fb3
part-15-shipping-and-operating/references/01-model-distribution-and-updates.md	2594	83-why-it-is-easy-to-get-wrong	prelude:guide-context	PRELUDE-NEEDED	-	-	-	-	-	-	-	-	snippet-9407191e2b5e6ccf	59a885e08f341329ad3f1700c8f56db35c24dc7c0a653fb6e8339f6fa5f0b457
part-15-shipping-and-operating/references/01-model-distribution-and-updates.md	2616	84-the-fix-persist-a-record-never-a-bare-bookmark	compile:27	VERIFIED	top	-	pass	-	-	-	-	-	snippet-64c716388e640b12	de9a537b3fd52fbaa9006977072a40aedba217383c086783357bace6c8ffc34f
part-15-shipping-and-operating/references/01-model-distribution-and-updates.md	2664	84-the-fix-persist-a-record-never-a-bare-bookmark	prelude:guide-context	PRELUDE-NEEDED	-	-	-	-	-	-	-	-	snippet-0c13f541260ba2f0	5fb9ddae5ea12af7ee177d83ec806acd86c47191fd2f39ed079726219e7df2da
part-15-shipping-and-operating/references/01-model-distribution-and-updates.md	2759	86-cleaning-up-a-bookmark-you-are-done-with	prelude:guide-context	PRELUDE-NEEDED	-	-	-	-	-	-	-	-	snippet-b43d80dd1e1b5875	55b5c577075aecc01cff4523059f86257e82db755a4f793a77e5a67a48acd796
part-15-shipping-and-operating/references/01-model-distribution-and-updates.md	2813	92-how-it-actually-happens	compile:27 imports:Foundation,CoreAI	VERIFIED	top	-	pass	-	-	-	-	-	snippet-6de707333181687d	a2148d76c7b3fdf47c23b3baebe60efcc427e81dff001413ef69ec4a8f79e369
part-15-shipping-and-operating/references/01-model-distribution-and-updates.md	2869	93-evidence-this-is-a-real-encountered-problem	prelude:guide-context	PRELUDE-NEEDED	-	-	-	-	-	-	-	-	snippet-bb437f97f99cfb17	4006c78ec2318e8ba170b0a5ba4d6b79c04aa7e25855dbfd7681c9ae2daec3e5
part-15-shipping-and-operating/references/01-model-distribution-and-updates.md	2895	94-the-fix-is-structural	illustrative	ILLUSTRATIVE	-	-	-	-	-	-	-	-	snippet-3bdb29150b46be2c	c8082f0c8ef51af3667be13c52717ef978f5321649a8c745d07d9c62a25c7071
part-15-shipping-and-operating/references/01-model-distribution-and-updates.md	2903	94-the-fix-is-structural	prelude:guide-context	PRELUDE-NEEDED	-	-	-	-	-	-	-	-	snippet-23c975b26d77865a	6a9e7057acb3b38b05a23f473e4b5415c9c1ed7ac69eca7c45f19026c9316ade
part-15-shipping-and-operating/references/01-model-distribution-and-updates.md	2909	94-the-fix-is-structural	compile:27	VERIFIED	top	-	pass	-	-	-	-	-	snippet-bc0c02cf5ff5a142	de8bf5d575f985f4d0fe52d78ca06798177610fab5beb8f3cb66c81562883411
part-15-shipping-and-operating/references/01-model-distribution-and-updates.md	3003	94-the-fix-is-structural	prelude:guide-context	PRELUDE-NEEDED	-	-	-	-	-	-	-	-	snippet-46facbd500f7aecf	90ef42ef1d08ec1555e59ac6b7c941016504495d6f73655f2da0d89473f1a9aa
part-15-shipping-and-operating/references/01-model-distribution-and-updates.md	3052	95-making-the-divergence-impossible-to-reintroduce	prelude:guide-context	PRELUDE-NEEDED	-	-	-	-	-	-	-	-	snippet-c20cbb85dcca8aa3	86ef81b1582a50d6f1a20c26a865c915072e517d0c5ec76ee1f9fbd8e3c3ab1f
part-15-shipping-and-operating/references/01-model-distribution-and-updates.md	3071	95-making-the-divergence-impossible-to-reintroduce	prelude:guide-context	PRELUDE-NEEDED	-	-	-	-	-	-	-	-	snippet-1c03aff2dfc329c2	059110e4be361a26c88371acd2086f76f9466b54a735554f2a52c83e1f366c76
part-15-shipping-and-operating/references/01-model-distribution-and-updates.md	3083	95-making-the-divergence-impossible-to-reintroduce	prelude:guide-context	PRELUDE-NEEDED	-	-	-	-	-	-	-	-	snippet-66c98641a4a68f7c	929d6c89641544fbfecd743ac033f8c624cf97477a99d4155267202fb1dbd6da
part-15-shipping-and-operating/references/01-model-distribution-and-updates.md	3115	102-the-api	illustrative	ILLUSTRATIVE	-	-	-	-	-	-	-	-	snippet-e8099e5fa389da17	4cf06e0faf9ca1d18d9fdd2e4083542aaaca54863d990ef3c5bfd212f5f92652
part-15-shipping-and-operating/references/01-model-distribution-and-updates.md	3134	102-the-api	prelude:guide-context	PRELUDE-NEEDED	-	-	-	-	-	-	-	-	snippet-576d7502093a8bb3	2a80ef928cb1814adeeba8cc1179b7e7ccb7d897b429e19061bf0fb381deed56
part-15-shipping-and-operating/references/01-model-distribution-and-updates.md	3150	102-the-api	prelude:guide-context	PRELUDE-NEEDED	-	-	-	-	-	-	-	-	snippet-b8ec5cde2f04307a	96d331212234ade54d1428b81493803e7dd66b6c6d786b648485b835ad864b06
part-15-shipping-and-operating/references/01-model-distribution-and-updates.md	3181	103-️-the-initializer-returns-nil-and-apples-own-sample-calls-fatalerror	compile:27	VERIFIED	top	-	pass	-	-	-	-	-	snippet-056f05123a799e17	ab8ff50fcd264c53a80c8d5ee4cec4a7ba0da9805746a476babdef2ebc128e97
part-15-shipping-and-operating/references/01-model-distribution-and-updates.md	3247	104-getting-the-configuration-right	compile:27	VERIFIED	top	-	pass	-	-	-	-	-	snippet-cfd3c1d1ebc2eb39	42e68ec05bcd3b73c9dcd1d6bb8a1888b71f1de0d17e398dd3461a39d328cc59
part-15-shipping-and-operating/references/01-model-distribution-and-updates.md	3342	112-cache-policies-what-the-system-may-take-back	illustrative	ILLUSTRATIVE	-	-	-	-	-	-	-	-	snippet-fe907d739b7e9892	436356d760b686e83158b648ce24cea60a0189815a9a06a453d7e56ee25d1139
part-15-shipping-and-operating/references/01-model-distribution-and-updates.md	3426	114-check-free-space-before-you-start	compile:27	VERIFIED	top	-	pass	-	-	-	-	-	snippet-6a8f402b9a4b2188	a013e6944c77c0f9e9960fdd7af6d9647fa678a1131d0a80f40f2e62649d3bd7
part-15-shipping-and-operating/references/01-model-distribution-and-updates.md	3473	115-let-the-user-delete-it	prelude:guide-context	PRELUDE-NEEDED	-	-	-	-	-	-	-	-	snippet-2c398aee0c1d82b7	ed4b1163fc35eac341b0409198f7623bd5bd154122309c46c945a02e38ff9731
part-15-shipping-and-operating/references/01-model-distribution-and-updates.md	3528	116-reporting-storage-to-the-user	prelude:guide-context	PRELUDE-NEEDED	-	-	-	-	-	-	-	-	snippet-0691ec6bbf7b6d5a	bcf83eca41856693d483d3176df98cc1c77aef77ecba574fa304f8e29d1ce1f8
part-15-shipping-and-operating/references/01-model-distribution-and-updates.md	3627	117-scheduling-downloads-considerately	prelude:guide-context	PRELUDE-NEEDED	-	-	-	-	-	-	-	-	snippet-537da49ffdaf985c	368d5eea52f0b6bbe57fd043c31d5d9e4686ba4fb7a097a4849f94fec5f0d87d
part-15-shipping-and-operating/references/02-memory-thermals-and-honest-benchmarking.md	261	13-the-two-signals	compile:27	VERIFIED	top	-	pass	-	-	-	-	-	snippet-4177a3b33b91bb75	e480013e6a4d2f563c2beee9bb91fe69ea71884008afb5bdce270361358f4f52
part-15-shipping-and-operating/references/02-memory-thermals-and-honest-benchmarking.md	278	reconstructing-the-process-limit	illustrative	ILLUSTRATIVE	-	-	-	-	-	-	-	-	snippet-d263db9c47189175	a9b12e5cf74131aeaa8123e7abbb246cb7707767b1478df61725976ff4fb1467
part-15-shipping-and-operating/references/02-memory-thermals-and-honest-benchmarking.md	303	reconstructing-the-process-limit	illustrative	ILLUSTRATIVE	-	-	-	-	-	-	-	-	snippet-4d0d5bba0c0250b0	00a712021d85b6d88b1b6716ea5b265ba687e202d113dcc5094d862e0fea8dfd
part-15-shipping-and-operating/references/02-memory-thermals-and-honest-benchmarking.md	450	21-the-five-terms	illustrative	ILLUSTRATIVE	-	-	-	-	-	-	-	-	snippet-873644272dc9a2a4	2251160fd74e21e695793a7a82dc23269b732175590c41780c7a7f30ca66ea24
part-15-shipping-and-operating/references/02-memory-thermals-and-honest-benchmarking.md	467	21-the-five-terms	illustrative	ILLUSTRATIVE	-	-	-	-	-	-	-	-	snippet-e652398a39b52a18	3ac25f0b77ed887b9e688bc1a92b8bc40711ca477c517f5f108289cf6b51490f
part-15-shipping-and-operating/references/02-memory-thermals-and-honest-benchmarking.md	622	pre-allocation-is-the-trap	illustrative	ILLUSTRATIVE	-	-	-	-	-	-	-	-	snippet-975d8bc2612273b4	b7e09e74d2ec3056d9dfbe8a0bcf607a88a3da5bbf5f13d1b2b640afecd2574b
part-15-shipping-and-operating/references/02-memory-thermals-and-honest-benchmarking.md	723	25-recurrent-state-and-compute-buffers	illustrative	ILLUSTRATIVE	-	-	-	-	-	-	-	-	snippet-f7cc7503b8d420a8	892a8816f895fbea8be945bdfc619b5adeb005552f1c95006ced1cbe5cc31de3
part-15-shipping-and-operating/references/02-memory-thermals-and-honest-benchmarking.md	757	26-the-two-gate-launch-check	illustrative	ILLUSTRATIVE	-	-	-	-	-	-	-	-	snippet-e5120de34baa2da2	68ae1cd4e498672e970df02690944c7656ff948b451fee7c05f4a03bcb9781cf
part-15-shipping-and-operating/references/02-memory-thermals-and-honest-benchmarking.md	876	32-load-ok-run-dead	prelude:guide-context	PRELUDE-NEEDED	-	-	-	-	-	-	-	-	snippet-87b63f4eaa9acbdc	3014142578d387054803c20774b3d740686e502a2701343d7a42ecb9941107cb
part-15-shipping-and-operating/references/02-memory-thermals-and-honest-benchmarking.md	895	32-load-ok-run-dead	prelude:guide-context	PRELUDE-NEEDED	-	-	-	-	-	-	-	-	snippet-49e74d19fc857588	f8d91184872abe3ee5294acee81ee3988c24b9647fcc1ed93ff8a18859379c4f
part-15-shipping-and-operating/references/02-memory-thermals-and-honest-benchmarking.md	967	41-a-live-pressure-snapshot-with-thermals-folded-in	prelude:guide-context	PRELUDE-NEEDED	-	-	-	-	-	-	-	-	snippet-2fee48a298f104ff	b0eba037821ebadd92c52bf680f9eff7d92a65eb78e305fa31615a9bf8f9afb0
part-15-shipping-and-operating/references/02-memory-thermals-and-honest-benchmarking.md	1023	42-a-hysteretic-governor-not-a-threshold	illustrative	ILLUSTRATIVE	-	-	-	-	-	-	-	-	snippet-4412e8540f4b9f7b	38ba5aa8df6a18c90d44efd56d9826fbead841e1a0dd0c2f10bc2de42095b0b5
part-15-shipping-and-operating/references/02-memory-thermals-and-honest-benchmarking.md	1059	42-a-hysteretic-governor-not-a-threshold	illustrative	ILLUSTRATIVE	-	-	-	-	-	-	-	-	snippet-7d1dfa0cddcd8d32	1d817ce95eff48e8ad6d767d03861e0738ef00ecd8152b680683adbf5e09575f
part-15-shipping-and-operating/references/02-memory-thermals-and-honest-benchmarking.md	1085	43-background-unload-policy	prelude:guide-context	PRELUDE-NEEDED	-	-	-	-	-	-	-	-	snippet-f44c19daf8235d51	29e6361186ea487def575dab3ebf08648d7624142e8b383982483013e1a68c5c
part-15-shipping-and-operating/references/02-memory-thermals-and-honest-benchmarking.md	1128	44-verify-the-unload-actually-happened	prelude:guide-context	PRELUDE-NEEDED	-	-	-	-	-	-	-	-	snippet-f9260d00076df173	bfd57c184955ec7660f2806a954004c667c6050221c46c4c82a0c798df7d1455
part-15-shipping-and-operating/references/02-memory-thermals-and-honest-benchmarking.md	1157	45-the-race-you-will-hit	illustrative	ILLUSTRATIVE	-	-	-	-	-	-	-	-	snippet-ecc36c39453821e3	17af611dc6d27c7ee344975ce5b1ed95292527db698e93058b7625755d739be0
part-15-shipping-and-operating/references/02-memory-thermals-and-honest-benchmarking.md	1261	52-the-verified-memory-surface	prelude:external-module	PRELUDE-NEEDED	-	-	-	-	-	-	-	-	snippet-8ff6ceaae06bd0ce	9097f612ce282624c0721797cb628714e83227edf940f586394aaa7a07c2f564
part-15-shipping-and-operating/references/02-memory-thermals-and-honest-benchmarking.md	1304	the-detect-a-small-device-pattern	illustrative	ILLUSTRATIVE	-	-	-	-	-	-	-	-	snippet-643c1e5c697dbb18	1c9880fa6888aae789b8c5be2a79cb8236fe5f126cc6c5cc12e5dcfbdc95ba50
part-15-shipping-and-operating/references/02-memory-thermals-and-honest-benchmarking.md	1341	53-the-cache-limit-is-process-wide--refcount-it	illustrative	ILLUSTRATIVE	-	-	-	-	-	-	-	-	snippet-3ad8e680698ad9c0	2ce68a52ba83d0c69a38cef91bd2096d85eaca91b52fe8d89f85e554f3236b9b
part-15-shipping-and-operating/references/02-memory-thermals-and-honest-benchmarking.md	1399	54-wired-memory	prelude:guide-context	PRELUDE-NEEDED	-	-	-	-	-	-	-	-	snippet-cfeb07246b3d258a	938982560dd2ac08204309d7697912cc820f8c4f27c01ad68adf43e74433afca
part-15-shipping-and-operating/references/02-memory-thermals-and-honest-benchmarking.md	1411	54-wired-memory	illustrative	ILLUSTRATIVE	-	-	-	-	-	-	-	-	snippet-7ac9115b03e4aa2d	3ee886cd2a689fa6a1b898c39b0f14d374734af16e7ec90d5e5776879e06dc66
part-15-shipping-and-operating/references/02-memory-thermals-and-honest-benchmarking.md	1428	54-wired-memory	prelude:guide-context	PRELUDE-NEEDED	-	-	-	-	-	-	-	-	snippet-b7b60c6f613f61a3	9797d862d2c57cb9c77a4e8a9b3d76acd9ac1019234ca1aa4d09cbd784361bb5
part-15-shipping-and-operating/references/02-memory-thermals-and-honest-benchmarking.md	1448	54-wired-memory	prelude:guide-context	PRELUDE-NEEDED	-	-	-	-	-	-	-	-	snippet-7db6a3d92fe0b75e	c6c834ad3bcbd2512d3b6def85ef6ba7a7253cd5a5ac0795352c33f2eb930097
part-15-shipping-and-operating/references/02-memory-thermals-and-honest-benchmarking.md	1461	55-quantized-kv-is-not-automatically-smaller-in-peak	prelude:guide-context	PRELUDE-NEEDED	-	-	-	-	-	-	-	-	snippet-b6d34457dc363e52	909942ce915e789acfc4cc663e4480aece09d48934956c26b4193c0f097c8279
part-15-shipping-and-operating/references/02-memory-thermals-and-honest-benchmarking.md	1545	62-what-to-do-about-it	compile:27	VERIFIED	top	-	pass	-	-	-	-	-	snippet-38299560be082c74	d6fefa1df2b15e0e82d36ba2dfb2b0cf23b4a1b241f1a7b6bf77a1bef34a4528
part-15-shipping-and-operating/references/02-memory-thermals-and-honest-benchmarking.md	1638	72-a-warm-up-protocol-you-can-actually-run	prelude:guide-context	PRELUDE-NEEDED	-	-	-	-	-	-	-	-	snippet-7132b49e381c9272	779309399cf0cd43b5cf7861ff7e6dfacacb0bb3c1ada6291609dcb97cf9faa4
part-15-shipping-and-operating/references/02-memory-thermals-and-honest-benchmarking.md	1773	75-thermal-state-as-an-input-to-your-app-not-just-your-benchmark	illustrative	ILLUSTRATIVE	-	-	-	-	-	-	-	-	snippet-bd77b9b434fe94a2	3830aa9b0bb51bdc963fba9e18239bba452838b14ba96ece1c545d0df5f3dd53
part-15-shipping-and-operating/references/02-memory-thermals-and-honest-benchmarking.md	1800	75-thermal-state-as-an-input-to-your-app-not-just-your-benchmark	illustrative	ILLUSTRATIVE	-	-	-	-	-	-	-	-	snippet-b48aba8b1730f160	48bdd50a8f853a2dc7360983e9c90d12eeb67d8c8d8491932844a52ec73c035b
part-15-shipping-and-operating/references/02-memory-thermals-and-honest-benchmarking.md	1812	75-thermal-state-as-an-input-to-your-app-not-just-your-benchmark	illustrative	ILLUSTRATIVE	-	-	-	-	-	-	-	-	snippet-fc2970e7aa4bcdc6	b310c93a31fb1bf49e5229087185c7c695de053755757dc799daff40f1103787
part-15-shipping-and-operating/references/02-memory-thermals-and-honest-benchmarking.md	2241	97-cold-and-warm-are-two-numbers-not-an-average	illustrative	ILLUSTRATIVE	-	-	-	-	-	-	-	-	snippet-3605b7213d95b7be	085cf042b06db6822cd723801a19059c7ed016fde5a30f6fd6c8adc7ef38ef90
part-15-shipping-and-operating/references/02-memory-thermals-and-honest-benchmarking.md	2446	101-environment-capture	illustrative	ILLUSTRATIVE	-	-	-	-	-	-	-	-	snippet-123959066653d2c0	56a69f88ce8ef8044b0ba41757fcf08c8b8ef1da3d2467aa18e3f0419e81a9cc
part-16-adjacent-capabilities/references/01-speech-analyzer-end-to-end.md	282	21-one-analyzer-n-modules-n-result-streams	illustrative	ILLUSTRATIVE	-	-	-	-	-	-	-	-	snippet-997e80c91fecf47d	98991966ef657dc5a377b712e50bebcb10a70393cecb090a1a21c2349f390def
part-16-adjacent-capabilities/references/01-speech-analyzer-end-to-end.md	336	21-one-analyzer-n-modules-n-result-streams	illustrative	ILLUSTRATIVE	-	-	-	-	-	-	-	-	snippet-3d001281a191c05e	57275179409dc0e558a4970bc3cbf464e64224912ccb28b8dca2539a72f97979
part-16-adjacent-capabilities/references/01-speech-analyzer-end-to-end.md	397	22-apples-eight-step-canonical-flow	illustrative	ILLUSTRATIVE	-	-	-	-	-	-	-	-	snippet-cda6d299a1c98838	63959061536f2143d3988c676d5f60e0f6014f67be6e24e6ed1177bcab18ec67
part-16-adjacent-capabilities/references/01-speech-analyzer-end-to-end.md	537	24-the-complete-speechanalyzer-api-surface	illustrative	ILLUSTRATIVE	-	-	-	-	-	-	-	-	snippet-a3240eb892226911	ca5d084e8fb9d9d2893644e6297712756fd783ef0d9e77ec392a1f162a048038
part-16-adjacent-capabilities/references/01-speech-analyzer-end-to-end.md	646	32-what-the-two-modules-actually-are	illustrative	ILLUSTRATIVE	-	-	-	-	-	-	-	-	snippet-cff9dc7e67edeef2	efe197c63d0dd74a494bcedf8a7f4f74b8fee0fa141292e8cdbadc428db73d71
part-16-adjacent-capabilities/references/01-speech-analyzer-end-to-end.md	663	32-what-the-two-modules-actually-are	illustrative	ILLUSTRATIVE	-	-	-	-	-	-	-	-	snippet-ed5508ca269604eb	4edc214a1a39f64bf4549ec102f669027d5ff14ab58f9d34ecc455cb0e2683e0
part-16-adjacent-capabilities/references/01-speech-analyzer-end-to-end.md	698	32-what-the-two-modules-actually-are	compile:27	VERIFIED	top	-	pass	-	-	-	-	-	snippet-88a5aff64d405ff1	5a0ec8cb7ca6766005233fa00d7d71116730ae83c73184e3a58a4c6cf6190b28
part-16-adjacent-capabilities/references/01-speech-analyzer-end-to-end.md	735	33-the-locale-matching-rule-you-must-not-shortcut	compile:27 imports:Speech	VERIFIED	top	-	pass	-	-	-	-	-	snippet-4ee9bd76a4313161	e9a3feeb281da004142a48064002fff28cb4859b52f2f352a60e60664dc3e88f
part-16-adjacent-capabilities/references/01-speech-analyzer-end-to-end.md	800	41-what-a-preset-is	illustrative	ILLUSTRATIVE	-	-	-	-	-	-	-	-	snippet-cb0721b8abc2ba4c	d78e5cd7da29e3039901487cc484927368e7b75fe61d5eee61ef2d369c8cddb5
part-16-adjacent-capabilities/references/01-speech-analyzer-end-to-end.md	880	43-the-option-enums-and-how-to-modify-a-preset	illustrative	ILLUSTRATIVE	-	-	-	-	-	-	-	-	snippet-eee958910be13e2f	74c3c8bd4f11c97850297055ae3d6392450df86f120bd8eb4d68f656cb5912cc
part-16-adjacent-capabilities/references/01-speech-analyzer-end-to-end.md	909	43-the-option-enums-and-how-to-modify-a-preset	illustrative	ILLUSTRATIVE	-	-	-	-	-	-	-	-	snippet-a1b2aa2c908bd524	5bf4e69ce581c4c014a56b1dafd0cd52469130a0bf651957cd6f75c252ccc412
part-16-adjacent-capabilities/references/01-speech-analyzer-end-to-end.md	930	43-the-option-enums-and-how-to-modify-a-preset	prelude:guide-context	PRELUDE-NEEDED	-	-	-	-	-	-	-	-	snippet-b9303ec798c7f907	5147185b423efcfbb37044320365f3d92a325718bdacbf580e51dd8c88907953
part-16-adjacent-capabilities/references/01-speech-analyzer-end-to-end.md	971	44-content-hints--dictationtranscriber-only	illustrative	ILLUSTRATIVE	-	-	-	-	-	-	-	-	snippet-0a44b41fee0ce4b6	fc8ca3859d1347772e5ae344f326791b238439503a99b2170ae139ace7193b77
part-16-adjacent-capabilities/references/01-speech-analyzer-end-to-end.md	1024	44-content-hints--dictationtranscriber-only	prelude:guide-context	PRELUDE-NEEDED	-	-	-	-	-	-	-	-	snippet-64e509d621b2d711	6adb69aa974f5f18fe468ebf830c6dd0a61d1e1304a898b5cecc1044ab895653
part-16-adjacent-capabilities/references/01-speech-analyzer-end-to-end.md	1096	52-the-api	illustrative	ILLUSTRATIVE	-	-	-	-	-	-	-	-	snippet-a9453050e72288f2	7329eb06a0ac272d2b79a05915561429fc10a5745a42757fba8f92e576e5f4c8
part-16-adjacent-capabilities/references/01-speech-analyzer-end-to-end.md	1123	52-the-api	illustrative	ILLUSTRATIVE	-	-	-	-	-	-	-	-	snippet-538bb2073ff921ba	18dbb04f446983063eaf513c1b01d2d7034e899895939df988d9fa5d664860e8
part-16-adjacent-capabilities/references/01-speech-analyzer-end-to-end.md	1192	53-the-four-step-process-and-the-ordering-that-matters	prelude:guide-context	PRELUDE-NEEDED	-	-	-	-	-	-	-	-	snippet-07b8058892852362	4fa1ec5551b52e2ef35b732f2d9c82828d617e070433569da36d5c1f9452fc4f
part-16-adjacent-capabilities/references/01-speech-analyzer-end-to-end.md	1204	53-the-four-step-process-and-the-ordering-that-matters	prelude:guide-context	PRELUDE-NEEDED	-	-	-	-	-	-	-	-	snippet-cf0fb4554447ca77	25473445a020c18ded9d95a9cbfc3201f604afe6b9e7f399a8c97c17eed03c35
part-16-adjacent-capabilities/references/01-speech-analyzer-end-to-end.md	1258	54-the-reservation-quota	compile:27 imports:Speech	VERIFIED	top	-	pass	-	-	-	-	-	snippet-00ee7f16238c20a4	b78c5370ddf8124d379555cd4ff05b7ab7e7cd579d44cbc12830d93026ca8903
part-16-adjacent-capabilities/references/01-speech-analyzer-end-to-end.md	1373	61-what-you-used-to-have-to-write	prelude:guide-context	PRELUDE-NEEDED	-	-	-	-	-	-	-	-	snippet-de0716d379bc1d81	f8ad1e058eb0864fdb5f73acc0fb0fef58d6ec7adf1d77335b72dc24dd92d007
part-16-adjacent-capabilities/references/01-speech-analyzer-end-to-end.md	1401	62-what-you-write-now	prelude:guide-context	PRELUDE-NEEDED	-	-	-	-	-	-	-	-	snippet-18923113e58bb793	82feccfe46a3c718202c97177a0179272b885eac3245a3131c0b9353b322d392
part-16-adjacent-capabilities/references/01-speech-analyzer-end-to-end.md	1418	63-the-complete-captureinputsequenceprovider-surface	illustrative	ILLUSTRATIVE	-	-	-	-	-	-	-	-	snippet-9288ee77be846fbf	46149ff9d8d0bebcb6b9a547ca702232030b98406ce965ab7434f14dc5039621
part-16-adjacent-capabilities/references/01-speech-analyzer-end-to-end.md	1491	64-complete-microphone-capture-end-to-end	prelude:guide-context	PRELUDE-NEEDED	-	-	-	-	-	-	-	-	snippet-42441cb27c997914	6b26665337b25743b2b7a8d2925f65f456057ab94882d96de8803b3e8cc7b5f1
part-16-adjacent-capabilities/references/01-speech-analyzer-end-to-end.md	1711	65-files-and-assets-assetinputsequenceprovider	illustrative	ILLUSTRATIVE	-	-	-	-	-	-	-	-	snippet-37a2a36b493543b7	1a859f16cb4601fce0b60d43b563e96d3385a73c78e6ded3746b94c6bf4276ec
part-16-adjacent-capabilities/references/01-speech-analyzer-end-to-end.md	1734	65-files-and-assets-assetinputsequenceprovider	prelude:guide-context	PRELUDE-NEEDED	-	-	-	-	-	-	-	-	snippet-51cd84a1b024efd9	7abd74374a8a6cdba2e1fb89a27794a1978a39ee2691cfa495c60ec727e3ea99
part-16-adjacent-capabilities/references/01-speech-analyzer-end-to-end.md	1815	66-when-you-still-need-analyzerinputconverter	illustrative	ILLUSTRATIVE	-	-	-	-	-	-	-	-	snippet-197b42d599346349	54a5589cdd39d989db724b962758dc628cb45339a90538b430d22d0f253393b9
part-16-adjacent-capabilities/references/01-speech-analyzer-end-to-end.md	1843	66-when-you-still-need-analyzerinputconverter	illustrative	ILLUSTRATIVE	-	-	-	-	-	-	-	-	snippet-dacbf119d5127c4c	d06994797ad59fa21a3b8ccba84d15883b2b14b7e0f19959b2d14d1ab3e72b32
part-16-adjacent-capabilities/references/01-speech-analyzer-end-to-end.md	1897	67-analyzerinput-itself	illustrative	ILLUSTRATIVE	-	-	-	-	-	-	-	-	snippet-d050f9cc8f4533f7	5962cce484580798a9292bb49e5744a930b78e475a845dc2482343f0618a5622
part-16-adjacent-capabilities/references/01-speech-analyzer-end-to-end.md	1955	71-the-two-line-core	prelude:guide-context	PRELUDE-NEEDED	-	-	-	-	-	-	-	-	snippet-95797238ce03c232	cd2fcd3496fac7499ef0996fd1b605b129e6017c1ceca44c8ea3ef2952b534bf
part-16-adjacent-capabilities/references/01-speech-analyzer-end-to-end.md	2018	72-the-task-group-structure	prelude:guide-context	PRELUDE-NEEDED	-	-	-	-	-	-	-	-	snippet-522ee6d060f49e61	9b5582fb85231d8c4c53b3b21057ec47672f5f76dd42965bec24e38e3e1605aa
part-16-adjacent-capabilities/references/01-speech-analyzer-end-to-end.md	2105	74-stopping-a-live-capture-two-approaches-one-recommendation	prelude:guide-context	PRELUDE-NEEDED	-	-	-	-	-	-	-	-	snippet-6671f05e03ef50f4	6a545295eec3e792c95d940411e667bd06137c8fb37f66f2c33497ef8e492d49
part-16-adjacent-capabilities/references/01-speech-analyzer-end-to-end.md	2147	81-the-module-does-not-accumulate-a-transcript	illustrative	ILLUSTRATIVE	-	-	-	-	-	-	-	-	snippet-e33f2aa61ef7755b	22138dcf3e1c24312ad5a4f2fff928af75397ed0fc92431fc8b169bc8f3a0468
part-16-adjacent-capabilities/references/01-speech-analyzer-end-to-end.md	2178	82-strategy-a--range-replacement-in-one-attributed-string	prelude:guide-context	PRELUDE-NEEDED	-	-	-	-	-	-	-	-	snippet-66d7e8210ec512e2	535010cadbdb11e3eb361c87fd51384217d0342d146afb045dabde551c9c7e95
part-16-adjacent-capabilities/references/01-speech-analyzer-end-to-end.md	2227	83-️-silent-failure-strategy-a-silently-degrades-to-append-only	illustrative	ILLUSTRATIVE	-	-	-	-	-	-	-	-	snippet-72e4dad13cddd865	f3c8345e23e2abac6205fea4d723251104fff02d492eef443139c8707e8bc8a7
part-16-adjacent-capabilities/references/01-speech-analyzer-end-to-end.md	2300	83-️-silent-failure-strategy-a-silently-degrades-to-append-only	prelude:guide-context	PRELUDE-NEEDED	-	-	-	-	-	-	-	-	snippet-ed4bc819c4ec8f5d	cb263773a90272454208d41fefdfedadde5bdfbdd431ea5e40906325de5917de
part-16-adjacent-capabilities/references/01-speech-analyzer-end-to-end.md	2326	84-strategy-b--two-transcripts	prelude:guide-context	PRELUDE-NEEDED	-	-	-	-	-	-	-	-	snippet-b65a8c31135e68c2	f44b749d864f1cfa74c8a8337d105b60c5d1e24b655553695d408bc8ce9bed2f
part-16-adjacent-capabilities/references/01-speech-analyzer-end-to-end.md	2392	86-a-merge-implementation-for-strategy-a	prelude:guide-context	PRELUDE-NEEDED	-	-	-	-	-	-	-	-	snippet-86283f8181a86762	25ff534ab5a23d738059abb3055cd77b34755d876c7fba85bf45263bca54f388
part-16-adjacent-capabilities/references/01-speech-analyzer-end-to-end.md	2422	87-a-merge-implementation-for-strategy-b	compile:27 imports:SwiftUI	VERIFIED	top	-	pass	-	-	-	-	-	snippet-cb2654178df887ab	67f540bc81250c2b6c8d64b4ef4c06c39cf7cfb1b134ea1c1ac2154cffc054a8
part-16-adjacent-capabilities/references/01-speech-analyzer-end-to-end.md	2642	94-what-withtaskcancellationshield-actually-is	illustrative	ILLUSTRATIVE	-	-	-	-	-	-	-	-	snippet-da25058de5bb44d6	8fc91a4c37a989f59dbec1c1c53a8db9ef8d18cd1ad025bbea7d9d625ce999c1
part-16-adjacent-capabilities/references/01-speech-analyzer-end-to-end.md	2659	94-what-withtaskcancellationshield-actually-is	compile:27	VERIFIED	top	-	pass	-	-	-	-	-	snippet-6d1963020573b16f	842461b4e99ea8c71a5b95e4c014b20225c0360055b9bd46d5da93d45059da05
part-16-adjacent-capabilities/references/01-speech-analyzer-end-to-end.md	2694	94-what-withtaskcancellationshield-actually-is	illustrative	ILLUSTRATIVE	-	-	-	-	-	-	-	-	snippet-50c77480b0ccd1b1	3d2f7392cb01c8a0f126fa6b0aa382e52c291d54dda0525e39225d27905b703c
part-16-adjacent-capabilities/references/01-speech-analyzer-end-to-end.md	2736	95-the-test-that-catches-it	prelude:guide-context	PRELUDE-NEEDED	-	-	-	-	-	-	-	-	snippet-e0bcf92a4e7e0239	f6c9485e91c938b5a8e9b72c34154b128b880392aa0297a960f43e2abd79df23
part-16-adjacent-capabilities/references/01-speech-analyzer-end-to-end.md	2773	10-a-complete-worked-example	compile:27	VERIFIED	top	-	pass	-	-	-	-	-	snippet-cce5b696bcfc66c7	a7930dbc1c450650b108044b464b3a8077d52f112585102863c57dae5962bf8a
part-16-adjacent-capabilities/references/01-speech-analyzer-end-to-end.md	3121	111-the-three-levers-ranked-by-cost	illustrative	ILLUSTRATIVE	-	-	-	-	-	-	-	-	snippet-35f3548eeed643e4	d88eacb24ccd02e3f4ee6777bb7ff1c188557ce658510c4060c5b0c88698946c
part-16-adjacent-capabilities/references/01-speech-analyzer-end-to-end.md	3136	111-the-three-levers-ranked-by-cost	prelude:guide-context	PRELUDE-NEEDED	-	-	-	-	-	-	-	-	snippet-6ab0baf7e7c832bf	e752918e349c6bcfedfdefaca00e09cdbfab8a5f2300fcaa01771ab30e5aeb78
part-16-adjacent-capabilities/references/01-speech-analyzer-end-to-end.md	3235	113-the-sfcustomlanguagemodeldata-dsl	illustrative	ILLUSTRATIVE	-	-	-	-	-	-	-	-	snippet-38ed1c2ecd0b7d94	c3cb2ba9eac15e169992bc18f64b9ffc4fb3a44c39e683b8693331c9900622a4
part-16-adjacent-capabilities/references/01-speech-analyzer-end-to-end.md	3282	113-the-sfcustomlanguagemodeldata-dsl	prelude:guide-context	PRELUDE-NEEDED	-	-	-	-	-	-	-	-	snippet-7d39a6f15ca9bc6b	5b6210eb3f943fca6ee73b68c8c507b2cb7912cbad98d4b530e8c5ef69a3234d
part-16-adjacent-capabilities/references/01-speech-analyzer-end-to-end.md	3294	113-the-sfcustomlanguagemodeldata-dsl	prelude:guide-context	PRELUDE-NEEDED	-	-	-	-	-	-	-	-	snippet-6ab2a94315f471f5	b97542307fdac7be72faa8c86638fd0ed000a468739214d5c89913f51a51570d
part-16-adjacent-capabilities/references/01-speech-analyzer-end-to-end.md	3327	113-the-sfcustomlanguagemodeldata-dsl	prelude:guide-context	PRELUDE-NEEDED	-	-	-	-	-	-	-	-	snippet-4c9a99ca8ac09f59	216303f0b05227429bf066b0115cd3193a696b769ad7d80c6ece7f15684f6698
part-16-adjacent-capabilities/references/01-speech-analyzer-end-to-end.md	3356	113-the-sfcustomlanguagemodeldata-dsl	prelude:guide-context	PRELUDE-NEEDED	-	-	-	-	-	-	-	-	snippet-6a190f42916c8a30	48617384a648467a0f81d2bdecbc70b352eb0e8cfba004f9a088ae655808a278
part-16-adjacent-capabilities/references/01-speech-analyzer-end-to-end.md	3381	114-stage-1-the-generator-cli	compile:27	VERIFIED	body	-	pass	-	-	-	-	-	snippet-714ddeb29e7f30bb	368b83f7d4046d268cef852fac8c4877a4e538521c48850d16d2272c61e65d30
part-16-adjacent-capabilities/references/01-speech-analyzer-end-to-end.md	3470	115-stage-2-preparing-the-model-on-device	illustrative	ILLUSTRATIVE	-	-	-	-	-	-	-	-	snippet-20b2cf55532cc47e	b6bb70c820064e3bf633f4046390503005f21f7c6e7a11f22bfc667026b7591f
part-16-adjacent-capabilities/references/01-speech-analyzer-end-to-end.md	3488	115-stage-2-preparing-the-model-on-device	prelude:guide-context	PRELUDE-NEEDED	-	-	-	-	-	-	-	-	snippet-de46bc58235ca1fb	abbf6d3f3920c17825b07972a642117a2daa36b2b6ab3dbd71cbd72720a72213
part-16-adjacent-capabilities/references/01-speech-analyzer-end-to-end.md	3545	116-stage-3-attaching-it-to-the-transcriber	prelude:guide-context	PRELUDE-NEEDED	-	-	-	-	-	-	-	-	snippet-60b49d39fb8c66eb	224d254bcd88e1709363a20112b11f87648b84032f2bdcd53a5b9ddeb01d9b36
part-16-adjacent-capabilities/references/01-speech-analyzer-end-to-end.md	3596	121-what-it-is-for	illustrative	ILLUSTRATIVE	-	-	-	-	-	-	-	-	snippet-e2223ab9770c2e8b	9af6d139e1eff3384ddbb3d15af1f23cdaee0578257d123c30e6f87ffd3e6c35
part-16-adjacent-capabilities/references/01-speech-analyzer-end-to-end.md	3626	121-what-it-is-for	prelude:guide-context	PRELUDE-NEEDED	-	-	-	-	-	-	-	-	snippet-156b768ff5b54e84	12c3b93cf5c6f2bd79ddf33a03a5dfe9f7572f043caba053a2a2229294b00cac
part-16-adjacent-capabilities/references/01-speech-analyzer-end-to-end.md	3631	121-what-it-is-for	prelude:guide-context	PRELUDE-NEEDED	-	-	-	-	-	-	-	-	snippet-48ef0a4d8903e5fb	1a1b68709217185f52773f8dd61e177704fe5ae678c2e96dfa4c31146ca4afc5
part-16-adjacent-capabilities/references/01-speech-analyzer-end-to-end.md	3752	132-model-retention	illustrative	ILLUSTRATIVE	-	-	-	-	-	-	-	-	snippet-28fd276495e3f584	db295dd55b2d506b77c8f4c6667272e9cd0935330c8ab1fb8563c08f27d54abb
part-16-adjacent-capabilities/references/01-speech-analyzer-end-to-end.md	3810	133-lazy-loading-and-prewarming	compile:27 imports:Speech	VERIFIED	top	-	pass	-	-	-	-	-	snippet-2c1966d17b9934eb	2939f05475b8f5f519da54d27b70bfea3ef03914b936ce44ed0c8ac144bbb6c6
part-16-adjacent-capabilities/references/01-speech-analyzer-end-to-end.md	3847	141-what-coreaispeech-is	prelude:guide-context	PRELUDE-NEEDED	-	-	-	-	-	-	-	-	snippet-3fdddcf7b99e5857	abe194faf34f26f728f2e6a82a83f3a88543f76947fa5f8630e40d5034ae9e19
part-16-adjacent-capabilities/references/02-app-schema-domains.md	367	3-the-macro-system-and-the-build-errors-it-generates	illustrative	ILLUSTRATIVE	-	-	-	-	-	-	-	-	snippet-4a109add5133fc25	5d351d4a8d9661b111158220fe686373de05be5f6e410a3aa73200d2387dfca9
part-16-adjacent-capabilities/references/02-app-schema-domains.md	408	31-schemas-are-enforced-at-build-time-with-fix-its	prelude:guide-context	PRELUDE-NEEDED	-	-	-	-	-	-	-	-	snippet-b7ea5b89f39bbf7b	6ed91828b00f53cfcda92f318c428d5d1f3d9c0b809ef66cf85ad3c8c603c9b7
part-16-adjacent-capabilities/references/02-app-schema-domains.md	422	31-schemas-are-enforced-at-build-time-with-fix-its	illustrative	ILLUSTRATIVE	-	-	-	-	-	-	-	-	snippet-57dcf31b070e2f6d	324545640f6694f7a9b7f787ff60e01e8e0287cfa899d280fd2a4cbf6783f85a
part-16-adjacent-capabilities/references/02-app-schema-domains.md	725	audio--7-intents--18-entities--6-enums	prelude:guide-context	PRELUDE-NEEDED	-	-	-	-	-	-	-	-	snippet-3122459c658f64b2	f0f8830b9a6f2586625a25a42871289d102e2c9d96a1444398b206147c0bc2b0
part-16-adjacent-capabilities/references/02-app-schema-domains.md	750	audio--7-intents--18-entities--6-enums	prelude:guide-context	PRELUDE-NEEDED	-	-	-	-	-	-	-	-	snippet-3cc6a79a59c6c94d	6b45c7df38cd8ed077329539d199894a88531d112a854304c6a8dc21be52e748
part-16-adjacent-capabilities/references/02-app-schema-domains.md	849	clock--14-intents--3-entities--3-enums	prelude:guide-context	PRELUDE-NEEDED	-	-	-	-	-	-	-	-	snippet-a5544262357f6379	48350f629465bf91da2e9e554d6569b81c4c5550c83a08aa43e4cf6b9386814d
part-16-adjacent-capabilities/references/02-app-schema-domains.md	1005	messages--5-intents--4-entities--5-enums	prelude:guide-context	PRELUDE-NEEDED	-	-	-	-	-	-	-	-	snippet-ae2fc3a0e4ff5ed5	de1221c22aa19a315802eba4e3171697af28aba7f397456c908d286c86fe5a4c
part-16-adjacent-capabilities/references/02-app-schema-domains.md	1138	system--system-and-in-app-search--3-intents--0-entities--0-enums	prelude:guide-context	PRELUDE-NEEDED	-	-	-	-	-	-	-	-	snippet-df8f1d8f5f6590f9	62400c602c8c0cbd0c9f20493ae30cf77dfdf2b7d76b1bac2cecee1e9990105f
part-16-adjacent-capabilities/references/02-app-schema-domains.md	1672	83-the-complete-code	prelude:guide-context	PRELUDE-NEEDED	-	-	-	-	-	-	-	-	snippet-f33242f7a88ea3c8	bd325339d0c41d9c1aa55d162469127899c212d5871135cf356e58836d8f3068
part-16-adjacent-capabilities/references/02-app-schema-domains.md	1697	83-the-complete-code	prelude:guide-context	PRELUDE-NEEDED	-	-	-	-	-	-	-	-	snippet-efe17b746967410d	3c19ca88c78459ced5d6fe6ce449a22a97e7c68bbfd41e05d06f0749db822be5
part-16-adjacent-capabilities/references/02-app-schema-domains.md	1952	102-entityquery-versus-enumerableentityquery--a-clean-rule	prelude:guide-context	PRELUDE-NEEDED	-	-	-	-	-	-	-	-	snippet-81a2aaf3c1db6ea6	b1eb9ad26312c2c8c161a584ee5c8449e2d5b73dd06d07c8757ce9fd2e1176a7
part-16-adjacent-capabilities/references/02-app-schema-domains.md	1978	103-entitystringquery--the-i-cant-index-fallback	prelude:guide-context	PRELUDE-NEEDED	-	-	-	-	-	-	-	-	snippet-5873561911c15cfb	497d6b72fabbb95295f0802ec37dd3bf546c8f57aa0b853208a7d7abb24c6ee7
part-16-adjacent-capabilities/references/02-app-schema-domains.md	2025	105-intentvaluequery--structured-search-and-the-only-multi-type-query	prelude:guide-context	PRELUDE-NEEDED	-	-	-	-	-	-	-	-	snippet-e68f86054d9fb665	1cd807f263651ef5425974461284a48206fdcd9a5fb4c1236f3604ed132a0b8f
part-16-adjacent-capabilities/references/02-app-schema-domains.md	2060	105-intentvaluequery--structured-search-and-the-only-multi-type-query	prelude:guide-context	PRELUDE-NEEDED	-	-	-	-	-	-	-	-	snippet-216a0382ddc8ca1e	721d97995e0a7f42f603499151bb2da54d4423d952bf5ac5698b26b1ab35f293
part-16-adjacent-capabilities/references/02-app-schema-domains.md	2125	106-transientappentity--when-a-thing-has-no-independent-identity	illustrative	ILLUSTRATIVE	-	-	-	-	-	-	-	-	snippet-7ecc6a2492ad242f	873c4fde7cad790d7e2ab7f110928a46399f7ba0f208a29aff788b870b8ca761
part-16-adjacent-capabilities/references/02-app-schema-domains.md	2158	111-custom-dialog--and-the-full--supporting-rule	prelude:guide-context	PRELUDE-NEEDED	-	-	-	-	-	-	-	-	snippet-e536ac58f1cc4499	3bc3eec0e01d93c1379abf7506fb987e611b956b38d1dbeb7da8836955c14b39
part-16-adjacent-capabilities/references/02-app-schema-domains.md	2209	112-asking-a-question-mid-perform--requestvalue	prelude:guide-context	PRELUDE-NEEDED	-	-	-	-	-	-	-	-	snippet-4a71d859ea620d2c	48350f629465bf91da2e9e554d6569b81c4c5550c83a08aa43e4cf6b9386814d
part-16-adjacent-capabilities/references/02-app-schema-domains.md	2245	112-asking-a-question-mid-perform--requestvalue	prelude:guide-context	PRELUDE-NEEDED	-	-	-	-	-	-	-	-	snippet-aa8e92611acc8932	6ed9f013af6d0d6ed36766a98fa626a3594f707f8b60d69c79940fab4462348e
part-16-adjacent-capabilities/references/02-app-schema-domains.md	2269	113-displayrepresentation--the-highest-leverage-thing-you-can-customize	prelude:guide-context	PRELUDE-NEEDED	-	-	-	-	-	-	-	-	snippet-8de1bfda744de5b4	6b45c7df38cd8ed077329539d199894a88531d112a854304c6a8dc21be52e748
part-16-adjacent-capabilities/references/02-app-schema-domains.md	2303	114-️-snippetintent-is-an-ios-26-feature--not-new-this-year	illustrative	ILLUSTRATIVE	-	-	-	-	-	-	-	-	snippet-cf7f3db54e6320b7	2cf21a67caa5c7e3b099fb15e30f5298f56bcd78bae28eca514a596c4670a326
part-16-adjacent-capabilities/references/02-app-schema-domains.md	2337	115-the-other-route-a-snippet-view-straight-from-a-schema-intent	prelude:guide-context	PRELUDE-NEEDED	-	-	-	-	-	-	-	-	snippet-409bd0a5018dc15a	f0f8830b9a6f2586625a25a42871289d102e2c9d96a1444398b206147c0bc2b0
part-16-adjacent-capabilities/references/02-app-schema-domains.md	2423	121-interaction-donations--teaching-siri-what-happens-in-your-ui	illustrative	ILLUSTRATIVE	-	-	-	-	-	-	-	-	snippet-2f9b435e70e6f5da	a2683f95f7338872d7622ee3bd8bd5139f477b7f2978469315e00d41d41e74dd
part-16-adjacent-capabilities/references/02-app-schema-domains.md	2473	122-confirmations-and-ownershipprovidingentity	prelude:guide-context	PRELUDE-NEEDED	-	-	-	-	-	-	-	-	snippet-d13b4cfb46722127	27517eb387193ae71ba3d7d7cf1f7538e3af2008127b8a46442df7224c770b59
part-16-adjacent-capabilities/references/02-app-schema-domains.md	2566	131-valuerepresentation--sharing-structured-types-across-apps	prelude:guide-context	PRELUDE-NEEDED	-	-	-	-	-	-	-	-	snippet-927e1b07615d9038	9ead93e526c287f6ff86d380ed7a6ea83fde8dc470812c0f4426de084dcdeb89
part-16-adjacent-capabilities/references/02-app-schema-domains.md	2616	-valuerepresentation-versus-intentvaluerepresentation--resolved-they-are-one-type	prelude:guide-context	PRELUDE-NEEDED	-	-	-	-	-	-	-	-	snippet-745f449e1dfa4a75	1d3f3e96fa513aa5dbe3b023e7c4217763ef291844956d77a7b3b45f7e1853d2
part-16-adjacent-capabilities/references/02-app-schema-domains.md	2630	-valuerepresentation-versus-intentvaluerepresentation--resolved-they-are-one-type	prelude:guide-context	PRELUDE-NEEDED	-	-	-	-	-	-	-	-	snippet-5ceca3334629b4a1	6fafb346f86e1aed178f2f3cdce06e7655d66f328f49112d0767fe4bc15b53de
part-16-adjacent-capabilities/references/02-app-schema-domains.md	2652	-valuerepresentation-versus-intentvaluerepresentation--resolved-they-are-one-type	illustrative	ILLUSTRATIVE	-	-	-	-	-	-	-	-	snippet-e9cf9a76c0e772cc	a6e77d6cca94128c205a32817ee1461e3e0a746ef3dccbc778305e46d4faabfd
part-16-adjacent-capabilities/references/02-app-schema-domains.md	2714	132-the-three-discovery-mechanisms--and-where-relevantentities-fits	prelude:guide-context	PRELUDE-NEEDED	-	-	-	-	-	-	-	-	snippet-d2790ebc86353dfc	8f9b330ccfd77731e103b979cca237786d92c64ab924d0bc2698c34b61459e6c
part-16-adjacent-capabilities/references/02-app-schema-domains.md	2799	133-️-entitycollection--the-parameter-resolution-performance-cliff	prelude:guide-context	PRELUDE-NEEDED	-	-	-	-	-	-	-	-	snippet-d3bd0ed6f1790b4c	4044ca647250de53535edcb2b9c0b129512e7c54c86c9c5b2abb3879f9872837
part-16-adjacent-capabilities/references/02-app-schema-domains.md	2841	134-unionvalue--one-parameter-several-entity-types	prelude:guide-context	PRELUDE-NEEDED	-	-	-	-	-	-	-	-	snippet-b538143091e67c08	0f6753378f1512f4f88edea6aeac453ec444dd124ccfd9951401ae6ea8f6a73f
part-16-adjacent-capabilities/references/02-app-schema-domains.md	2908	135-syncableentity--cross-device-siri-conversations	prelude:guide-context	PRELUDE-NEEDED	-	-	-	-	-	-	-	-	snippet-08b480fb530346e8	962b1ee595995f48fe0495816e304e292b77c01cd659189c8da2e62d04bd64f8
part-16-adjacent-capabilities/references/02-app-schema-domains.md	2992	137-longrunningintent--past-the-30-second-wall	prelude:guide-context	PRELUDE-NEEDED	-	-	-	-	-	-	-	-	snippet-d4531401b647f90d	435f9b73b15cb0cc328e1438feee92e89a2e3f8146a3044fc1793140fd315bf1
part-16-adjacent-capabilities/references/02-app-schema-domains.md	3093	138-executiontargets--choosing-the-process	prelude:guide-context	PRELUDE-NEEDED	-	-	-	-	-	-	-	-	snippet-6c0b3c22729c8144	c5a5f5bc990721a3910e501dacffe2e16861c8ee19a236b464252355706e45e9
part-16-adjacent-capabilities/references/02-app-schema-domains.md	3218	141-️-silent-failure--intentparametervaluestate-clear-it-and-dont-touch-it-are-not-the-same-thing	illustrative	ILLUSTRATIVE	-	-	-	-	-	-	-	-	snippet-580e51441da24344	054ea400615ba4d4bde0c238c9d1eb5cd0bc8302bae8e5f32726cfe091063030
part-16-adjacent-capabilities/references/02-app-schema-domains.md	3237	141-️-silent-failure--intentparametervaluestate-clear-it-and-dont-touch-it-are-not-the-same-thing	prelude:guide-context	PRELUDE-NEEDED	-	-	-	-	-	-	-	-	snippet-e957140bc0383d6c	2bf4be0b24707d1f64d3441acba5de6d9e15780ec17324e9236b4c7422488155
part-16-adjacent-capabilities/references/02-app-schema-domains.md	3309	143-️-per-row-appentityidentifier-loses-selected-and-scrolled-off-entities	prelude:guide-context	PRELUDE-NEEDED	-	-	-	-	-	-	-	-	snippet-a340a0286c958c4b	f828ac7d21a40cf4ce8e40733a92a57f8235293cd8d13fb925ea601e8a309609
part-16-adjacent-capabilities/references/02-app-schema-domains.md	3338	143-️-per-row-appentityidentifier-loses-selected-and-scrolled-off-entities	prelude:guide-context	PRELUDE-NEEDED	-	-	-	-	-	-	-	-	snippet-9eaf462c3d8a299e	7eeadcc138267593d00e2820db4cf19813364b793e2584c1c29c2e7f1529b026
part-16-adjacent-capabilities/references/03-onscreen-awareness.md	346	16-the-diagnostic-find-out-which-path-you-are-on-in-one-utterance	prelude:guide-context	PRELUDE-NEEDED	-	-	-	-	-	-	-	-	snippet-6ba930c54cb0c04d	b5a8559f02f03267b5186261416701cae55acf5039d9bfe9c9b6a3c1a6227448
part-16-adjacent-capabilities/references/03-onscreen-awareness.md	425	21-the-initializer	prelude:guide-context	PRELUDE-NEEDED	-	-	-	-	-	-	-	-	snippet-eab14112c60af624	f89e98d28b3e83314739bcfde76a99f8d7e94f99302c6c33a950d72b8617ab8d
part-16-adjacent-capabilities/references/03-onscreen-awareness.md	439	21-the-initializer	prelude:guide-context	PRELUDE-NEEDED	-	-	-	-	-	-	-	-	snippet-c0671041099e94fe	8fd600eaad607480ea7f83f76dd83534dbb76dc4847e41938f9ba7e32b813820
part-16-adjacent-capabilities/references/03-onscreen-awareness.md	546	32-shape-a-one-primary-item--nsuseractivity	prelude:guide-context	PRELUDE-NEEDED	-	-	-	-	-	-	-	-	snippet-d80549d202d0bba2	7eb46c41998a07b0e8534d951d2bf8c3d016eaee057db9a0a7c2c0dba770bc0f
part-16-adjacent-capabilities/references/03-onscreen-awareness.md	602	33-shape-b-one-entity-among-many--appentityidentifier_	prelude:guide-context	PRELUDE-NEEDED	-	-	-	-	-	-	-	-	snippet-49cdf40a116a3f67	35d63fd1177eebf45b2664b0ded5de540c1f619e7df5b0850c9bd59c82f53250
part-16-adjacent-capabilities/references/03-onscreen-awareness.md	639	34-shape-c-lists-and-collections--appentityidentifierforselectiontype_	prelude:guide-context	PRELUDE-NEEDED	-	-	-	-	-	-	-	-	snippet-f9047e37de4472e0	57df964f123d58142cc3ddf6e2685e2be5c2b871276ccc17a276f0835d5b78c8
part-16-adjacent-capabilities/references/03-onscreen-awareness.md	682	34-shape-c-lists-and-collections--appentityidentifierforselectiontype_	illustrative	ILLUSTRATIVE	-	-	-	-	-	-	-	-	snippet-a5e5c0b26462301c	2676939dda4b5ae58bae888d6a1fc9f3719b13ce6a09b93199f4ae32d569a153
part-16-adjacent-capabilities/references/03-onscreen-awareness.md	723	35-shape-d-custom-canvases--appentityuielement	prelude:guide-context	PRELUDE-NEEDED	-	-	-	-	-	-	-	-	snippet-fe710ddb458712e0	1dae886b5a13a9907dfbe233a319370bd5465225f86818f974fc92709afb55c1
part-16-adjacent-capabilities/references/03-onscreen-awareness.md	787	36-uikit-and-appkit	illustrative	ILLUSTRATIVE	-	-	-	-	-	-	-	-	snippet-fbbbe552697c4399	5e0e7e8333e7915912d9edb72292e2ccc4eb069f46e99d9e3e004647998ce7c1
part-16-adjacent-capabilities/references/03-onscreen-awareness.md	830	37-a-complete-two-screen-adoption	prelude:guide-context	PRELUDE-NEEDED	-	-	-	-	-	-	-	-	snippet-7ec2d9f070706bce	422586bb9609172e1a2ae364b29d55e20b8f06cf80c502ec59fc8709ddd76814
part-16-adjacent-capabilities/references/03-onscreen-awareness.md	944	42-️-silent-failure--the-naive-implementation-turns-awareness-into-a-stall	prelude:guide-context	PRELUDE-NEEDED	-	-	-	-	-	-	-	-	snippet-1adb10ddcf5b44bc	069801cde642c71a0ac781c911f61eac7ca88c958c8dd5526791cda525e61176
part-16-adjacent-capabilities/references/03-onscreen-awareness.md	988	43-the-fix-from-apple	prelude:guide-context	PRELUDE-NEEDED	-	-	-	-	-	-	-	-	snippet-91034a647c6db64a	2387454e8e0aa00f0027e8dea4cad127dc63ff327ae8c1057505dbd9255fd2d5
part-16-adjacent-capabilities/references/03-onscreen-awareness.md	1053	44-displayrepresentationcomponents	prelude:guide-context	PRELUDE-NEEDED	-	-	-	-	-	-	-	-	snippet-ffe971b7c88265d7	679f8870adec51fa7a31e0f189d64c830fd74346ddf2812d5d037ab3f18f24b6
part-16-adjacent-capabilities/references/03-onscreen-awareness.md	1073	45-the-displayrepresentationwith-overload	prelude:guide-context	PRELUDE-NEEDED	-	-	-	-	-	-	-	-	snippet-0b5178e63244c026	9734283b8de09e8a9f6f0637f3939f74cd62b7c879531467b74ed12365ab6c23
part-16-adjacent-capabilities/references/03-onscreen-awareness.md	1146	46-a-performance-budget-you-can-actually-apply	prelude:guide-context	PRELUDE-NEEDED	-	-	-	-	-	-	-	-	snippet-5f84c3d8fb39c734	29666afdafe8e0f7f521b388b9a132f5e2b6b72a5bbb1db68229930ee490bf1e
part-16-adjacent-capabilities/references/03-onscreen-awareness.md	1200	47-where-else-your-display-representation-is-consumed	prelude:guide-context	PRELUDE-NEEDED	-	-	-	-	-	-	-	-	snippet-c89774fcac42a14d	6b45c7df38cd8ed077329539d199894a88531d112a854304c6a8dc21be52e748
part-16-adjacent-capabilities/references/03-onscreen-awareness.md	1260	52-the-documented-route--transferable-and-intentvaluerepresentation	prelude:guide-context	PRELUDE-NEEDED	-	-	-	-	-	-	-	-	snippet-8c4c947c25651127	9494ecd2cca213a34d9d14c5c38c8297d6d8d665362b5a212458d3de60ff4341
part-16-adjacent-capabilities/references/03-onscreen-awareness.md	1273	52-the-documented-route--transferable-and-intentvaluerepresentation	prelude:guide-context	PRELUDE-NEEDED	-	-	-	-	-	-	-	-	snippet-7da31b67e77fecbc	2dc9dd2ab772f2c0fbf7ddd96a2f8de4aa96c710ae0cf3acd6498549baea5452
part-16-adjacent-capabilities/references/03-onscreen-awareness.md	1299	52-the-documented-route--transferable-and-intentvaluerepresentation	prelude:guide-context	PRELUDE-NEEDED	-	-	-	-	-	-	-	-	snippet-d52a705b0313a15c	721d97995e0a7f42f603499151bb2da54d4423d952bf5ac5698b26b1ab35f293
part-16-adjacent-capabilities/references/03-onscreen-awareness.md	1346	53-what-does-not-work--and-the-log-line-that-proves-it	illustrative	ILLUSTRATIVE	-	-	-	-	-	-	-	-	snippet-409b28ccdf5ccdc3	df034dcb5a8326b1be957c751ddd90c04436508b078f5b75f261c018518b6525
part-16-adjacent-capabilities/references/03-onscreen-awareness.md	1416	the-entity	prelude:guide-context	PRELUDE-NEEDED	-	-	-	-	-	-	-	-	snippet-1349223aa08ba198	7a7e29860b27cb7046467a160755fbe545a993ebe2d6022e628f01ea8c278a70
part-16-adjacent-capabilities/references/03-onscreen-awareness.md	1434	the-identifier	prelude:guide-context	PRELUDE-NEEDED	-	-	-	-	-	-	-	-	snippet-db88da91cc0ca6e0	1dade462e3da9a54e93c6fb8034bb23b96c392884cedaedc2966876c9822cf1d
part-16-adjacent-capabilities/references/03-onscreen-awareness.md	1447	the-uikit-annotation-site	illustrative	ILLUSTRATIVE	-	-	-	-	-	-	-	-	snippet-14a57c42c6768e81	f8a5b4ce5e88c67c7f333b23f4be8b680e7f062b76d5a3b040268e40be8b70df
part-16-adjacent-capabilities/references/03-onscreen-awareness.md	1461	the-transfer-representation--the-change-that-actually-fixes-it	illustrative	ILLUSTRATIVE	-	-	-	-	-	-	-	-	snippet-2f92621135db5453	dba2cdab5842944dbe0b9cf7e96f1e8038a50ffaccb3c9f315e04735e0dba6c5
part-16-adjacent-capabilities/references/03-onscreen-awareness.md	1525	55-️-draft-identity-exists-the-verified-hand-off-still-needs-a-real-file-payload	prelude:guide-context	PRELUDE-NEEDED	-	-	-	-	-	-	-	-	snippet-8c9ce8f1acaaedc9	0bea74fe188c9bcc457a2da829789cf3430ff4c90cba27fc9de4c6030bf7037e
part-16-adjacent-capabilities/references/03-onscreen-awareness.md	1541	55-️-draft-identity-exists-the-verified-hand-off-still-needs-a-real-file-payload	prelude:guide-context	PRELUDE-NEEDED	-	-	-	-	-	-	-	-	snippet-44c0a61af7b74c9d	ca211ffd9a97605b91d3bda204a2b5b3bf14ebdf9eb37b2d7a61f5c43480822d
part-16-adjacent-capabilities/references/03-onscreen-awareness.md	1602	55-️-draft-identity-exists-the-verified-hand-off-still-needs-a-real-file-payload	prelude:guide-context	PRELUDE-NEEDED	-	-	-	-	-	-	-	-	snippet-2b1bcb09bad6d384	dc6c661fff839d54aeb143899ffb4b895a0753bc44ec823b64d775592a89a934
part-16-adjacent-capabilities/references/03-onscreen-awareness.md	1772	61-notifications	prelude:guide-context	PRELUDE-NEEDED	-	-	-	-	-	-	-	-	snippet-70fa73d761721f08	aeb1a15b5a885264d23cab3c597dc01c86a80a47c5965739f61ec36d3c6a0e12
part-16-adjacent-capabilities/references/03-onscreen-awareness.md	1795	62-now-playing--and-the-ordering-rule	prelude:guide-context	PRELUDE-NEEDED	-	-	-	-	-	-	-	-	snippet-fcd5cb95d0795b42	94e32f483b3c03a4b767b4c87e7092a6d02599a000486ddf3d02916b716b7c2f
part-16-adjacent-capabilities/references/03-onscreen-awareness.md	1835	63-alarmkit	prelude:external-module	PRELUDE-NEEDED	-	-	-	-	-	-	-	-	snippet-d4905c86912cc3b6	3a359bdd66636627ebdaf9154a2fae08cb2640baf35267978334c52bdd74cd72
part-16-adjacent-capabilities/references/03-onscreen-awareness.md	2204	91-the-entity	prelude:guide-context	PRELUDE-NEEDED	-	-	-	-	-	-	-	-	snippet-badf244b06d97c16	722c342fa71651c8ea2597a4223780d2560b71029a74d58faa7aea6bf4c3fc9d
part-16-adjacent-capabilities/references/03-onscreen-awareness.md	2264	92-the-transfer-representation	prelude:guide-context	PRELUDE-NEEDED	-	-	-	-	-	-	-	-	snippet-b48844e35f8305cc	87504644cdee605824db48009871c17068c336b3c748ac2d418d1cee48c8db2a
part-16-adjacent-capabilities/references/03-onscreen-awareness.md	2300	93-the-query--both-requirements	prelude:guide-context	PRELUDE-NEEDED	-	-	-	-	-	-	-	-	snippet-781f996efe5c8e0e	f39fefb5236bcda88ccf6fca77d1642b3b65899cd625bd03daef5b07b3fe2fca
part-16-adjacent-capabilities/references/03-onscreen-awareness.md	2351	94-the-list-screen	prelude:guide-context	PRELUDE-NEEDED	-	-	-	-	-	-	-	-	snippet-14aecc377324b3ca	8ab0b6ea2db61978823d242172973c20629744391e6b5df30c45dc847712706a
part-16-adjacent-capabilities/references/03-onscreen-awareness.md	2381	95-the-detail-screen	prelude:guide-context	PRELUDE-NEEDED	-	-	-	-	-	-	-	-	snippet-2eb20ac69cd68d70	58fc5b579718243ef6ecf9a5884bb78430a107b0081ce11bb98663998198cebc
part-16-adjacent-capabilities/references/03-onscreen-awareness.md	2403	96-the-notification	prelude:guide-context	PRELUDE-NEEDED	-	-	-	-	-	-	-	-	snippet-7c94ac94c78f06d5	51f8bf30353e3bdad4fdf15038f4d586b816a32bd1c42492e20d36a18cd8881d
part-16-adjacent-capabilities/references/04-entities-spotlight-and-foundation-models.md	513	31-the-shape-one-indexer-object-three-jobs	prelude:guide-context	PRELUDE-NEEDED	-	-	-	-	-	-	-	-	snippet-888c27e7054b71f2	72ee23ad01ba6389b500bb23d0ed123bfae42676d108e20bd1b65be0e1794aef
part-16-adjacent-capabilities/references/04-entities-spotlight-and-foundation-models.md	606	33-building-the-attribute-set	prelude:guide-context	PRELUDE-NEEDED	-	-	-	-	-	-	-	-	snippet-9eecfe8280143b11	123455acedc85ecfe89b4ff89283b771f1835f3d0e7078163b83525705e56898
part-16-adjacent-capabilities/references/04-entities-spotlight-and-foundation-models.md	680	34-batching-and-the-client-state-pattern	prelude:guide-context	PRELUDE-NEEDED	-	-	-	-	-	-	-	-	snippet-ab34b87a52c74e43	72c80739fd416f2a7c5df92ebf8f16d5cd7deebb780eb674f754dc08f0729409
part-16-adjacent-capabilities/references/04-entities-spotlight-and-foundation-models.md	716	35-custom-attributes-the-round-trip-that-reaches-the-model	illustrative	ILLUSTRATIVE	-	-	-	-	-	-	-	-	snippet-2b3777a99048e39c	e60ee66c0b4c5e79162bed189908900bf8f948a55f053ce4994a29aba7d5d63c
part-16-adjacent-capabilities/references/04-entities-spotlight-and-foundation-models.md	732	35-custom-attributes-the-round-trip-that-reaches-the-model	prelude:guide-context	PRELUDE-NEEDED	-	-	-	-	-	-	-	-	snippet-a5b92d1649797a3e	e6fe18b3f01babf5b5b1396628cc43c4bed31842069b87d60800adbfd75e2734
part-16-adjacent-capabilities/references/04-entities-spotlight-and-foundation-models.md	816	41-minimal-adoption-is-one-word	prelude:guide-context	PRELUDE-NEEDED	-	-	-	-	-	-	-	-	snippet-5f42600fd7749cc7	ded425a2cc795151c7fbb1474dcb30edc62fd1d99ec450fd470d35a86d8f575d
part-16-adjacent-capabilities/references/04-entities-spotlight-and-foundation-models.md	863	42-the-indexing-call	prelude:guide-context	PRELUDE-NEEDED	-	-	-	-	-	-	-	-	snippet-d0a44c0024ce5406	ec68bcd10fa9f7c71cd1d864c2a07250f27b06d31812fc50a0e07066ba9d4cad
part-16-adjacent-capabilities/references/04-entities-spotlight-and-foundation-models.md	879	42-the-indexing-call	prelude:guide-context	PRELUDE-NEEDED	-	-	-	-	-	-	-	-	snippet-96c0c764ec5d97cf	971e10381f82f0cb395ec3dd58aedc215cb6aa06e16ee7a6710dd0b9aad1ef14
part-16-adjacent-capabilities/references/04-entities-spotlight-and-foundation-models.md	895	42-the-indexing-call	prelude:guide-context	PRELUDE-NEEDED	-	-	-	-	-	-	-	-	snippet-b0565878b2dc9c0d	6df1c4ded3ec693d057d146a648864343affb1bf140579e51c1fab9622da4f6e
part-16-adjacent-capabilities/references/04-entities-spotlight-and-foundation-models.md	939	43-binding-your-properties-to-spotlight-keys	prelude:guide-context	PRELUDE-NEEDED	-	-	-	-	-	-	-	-	snippet-43a23cae4ae77858	5135a295d382d838a8e4c6c9cca68a5b74f405526b787f4251c51bcb014b44aa
part-16-adjacent-capabilities/references/04-entities-spotlight-and-foundation-models.md	957	43-binding-your-properties-to-spotlight-keys	prelude:guide-context	PRELUDE-NEEDED	-	-	-	-	-	-	-	-	snippet-5b299098bf9c1e3a	6700bb6b20e9497525df3894efa6722dc0f2caa4fd0d08f8feffacce218fc087
part-16-adjacent-capabilities/references/04-entities-spotlight-and-foundation-models.md	992	43-binding-your-properties-to-spotlight-keys	prelude:guide-context	PRELUDE-NEEDED	-	-	-	-	-	-	-	-	snippet-c6c946b071f9947a	946573b01524d598dca4ea176a11c494f05be840ffd3a412d1dc8e40770da1c1
part-16-adjacent-capabilities/references/04-entities-spotlight-and-foundation-models.md	1031	44-displayrepresentation-is-doing-more-work-than-you-think	prelude:guide-context	PRELUDE-NEEDED	-	-	-	-	-	-	-	-	snippet-73c8c74de5e27c21	e68bab71b78e8144730092708371743868900f0731c120c03d0e2c0d4c88b24d
part-16-adjacent-capabilities/references/04-entities-spotlight-and-foundation-models.md	1081	45-servicing-reindex-requests-with-indexedentityquery	prelude:guide-context	PRELUDE-NEEDED	-	-	-	-	-	-	-	-	snippet-fa273fcce1adbc1f	11253dee4a5131bfd2b8f45122d4b9704118f1cab2daf027030911c9b44179e6
part-16-adjacent-capabilities/references/04-entities-spotlight-and-foundation-models.md	1386	72-the-whole-configuration-from-apples-sample	illustrative	ILLUSTRATIVE	-	-	-	-	-	-	-	-	snippet-9c850ac53ce53733	2877f4c476e422a0f736ea4845acb67d69c449d48a8f3aa5c607adecb04ebd9e
part-16-adjacent-capabilities/references/04-entities-spotlight-and-foundation-models.md	1569	75-guidanceprofile--scoping-the-tool-to-what-your-index-actually-contains	prelude:guide-context	PRELUDE-NEEDED	-	-	-	-	-	-	-	-	snippet-abbeb70ab509a150	d7e73f0a60bb609bfa92d24c112f9223220cf1f7525910aed7076e9f2e451f6e
part-16-adjacent-capabilities/references/04-entities-spotlight-and-foundation-models.md	1614	76-the-two-channel-results-pattern-and-why-it-is-an-index-story	prelude:guide-context	PRELUDE-NEEDED	-	-	-	-	-	-	-	-	snippet-65201796019bfced	1f8a025dd20395c448c40234301ce0a56b6d87a63fbc3fa8c671cdab01c8081f
part-16-adjacent-capabilities/references/04-entities-spotlight-and-foundation-models.md	1758	92-️-the-exact-signature--and-it-is-not-what-you-would-write	prelude:guide-context	PRELUDE-NEEDED	-	-	-	-	-	-	-	-	snippet-73262d4c2355005d	c226f53a7b13ebc06927b8dff5c436bc57d7228dde1c46b99ad9065f4d5cc987
part-16-adjacent-capabilities/references/04-entities-spotlight-and-foundation-models.md	1789	92-️-the-exact-signature--and-it-is-not-what-you-would-write	illustrative	ILLUSTRATIVE	-	-	-	-	-	-	-	-	snippet-81a703a1369df78e	aacd1c68075e28b9dc9636e5c8052acd121b0033d54e1e447be56557a6527b7e
part-16-adjacent-capabilities/references/04-entities-spotlight-and-foundation-models.md	1809	93-a-complete-working-implementation	prelude:guide-context	PRELUDE-NEEDED	-	-	-	-	-	-	-	-	snippet-602eead6f4e98a4b	cb3f06b983f5a7079874a6a6d307007626dee690c8ed4ed8862f32344276acb2
part-16-adjacent-capabilities/references/04-entities-spotlight-and-foundation-models.md	1853	93-a-complete-working-implementation	prelude:guide-context	PRELUDE-NEEDED	-	-	-	-	-	-	-	-	snippet-f2f349f66ccb75fb	02d4ecce5d88efdfd6bd3203e24c206b33cac29dbd45e8a2df1503c77300c1f9
part-16-adjacent-capabilities/references/04-entities-spotlight-and-foundation-models.md	2087	113-path-2--intentvaluequery-structured-search	prelude:guide-context	PRELUDE-NEEDED	-	-	-	-	-	-	-	-	snippet-d571d12a52579441	399efe941064ff2af1ca4a0dfab745fbafa99f9aa50b119d3e5c02cea7d4d327
part-16-adjacent-capabilities/references/04-entities-spotlight-and-foundation-models.md	2149	114-path-3--in-app-search-via-systemsearchinapp	prelude:guide-context	PRELUDE-NEEDED	-	-	-	-	-	-	-	-	snippet-08faa816038228c2	550cdcc0248cd9e88f14d61b060ed07eae40fb91e953477f940969acf9b1229d
part-16-adjacent-capabilities/references/04-entities-spotlight-and-foundation-models.md	2226	122-the-api	prelude:guide-context	PRELUDE-NEEDED	-	-	-	-	-	-	-	-	snippet-fa8d3c393410647d	374071a4b27b9bbc217a709a29665bd87943bfe2b06520a38b8f2d28f8c038eb
part-16-adjacent-capabilities/references/04-entities-spotlight-and-foundation-models.md	2328	124-apples-three-way-decision-rule	prelude:guide-context	PRELUDE-NEEDED	-	-	-	-	-	-	-	-	snippet-7d6d620b5d5dfd79	939659caab6477e3b5d5a8b404f7c425f636d985bfc0f8d20f0580d747047029
part-17-migration-from-pre-ios-27/references/01-what-changed-checklist.md	156	11-the-floor-that-is-easy-to-miss-contextsize-is-back-deployed	compile:27	VERIFIED	top	-	pass	-	-	-	-	-	snippet-230631194bb7bbe1	155ee3a51a4d58cb9864487b14f82c1e3c68378267d568e3d3c74973e3ded216
part-17-migration-from-pre-ios-27/references/01-what-changed-checklist.md	342	32-the-version-gated-prompt-pattern	compile:27	VERIFIED	body	-	pass	-	-	-	-	-	snippet-a1fd4beea6fac287	86bf14a26f47218754b56d31e4527381bbe3ef99f86a3262b35444d7692429e1
part-17-migration-from-pre-ios-27/references/01-what-changed-checklist.md	353	32-the-version-gated-prompt-pattern	illustrative	ILLUSTRATIVE	-	-	-	-	-	-	-	-	snippet-c56f4c467bee37fd	aed55af7d62a59a62305ff31d5d696e1f04db4df0034608a073e3e946aba6eca
part-17-migration-from-pre-ios-27/references/01-what-changed-checklist.md	453	41-additive--image-input-on-the-on-device-model	compile:27	VERIFIED	top	-	pass	-	-	-	-	-	snippet-47fccf12d847a981	cfc967936fb6ace9502b38cb6f4c4a3321274e9d8acf49f895fed71a7a8ec8db
part-17-migration-from-pre-ios-27/references/01-what-changed-checklist.md	511	42-additive--privatecloudcomputelanguagemodel	illustrative	ILLUSTRATIVE	-	-	-	-	-	-	-	-	snippet-47580099a9ee739b	ad26196b9f5bd2730b09831a40eed4dad62c82e6d7af7a3eb2c1d5fd4a9f0d5d
part-17-migration-from-pre-ios-27/references/01-what-changed-checklist.md	607	43-additive--the-languagemodel--languagemodelexecutor-protocol-pair	illustrative	ILLUSTRATIVE	-	-	-	-	-	-	-	-	snippet-ce8dc66b11cd953f	bec3ff99e87f785ee8c8465e43714a517ddf02a8b1b593e885d68b2bb4e3d4c2
part-17-migration-from-pre-ios-27/references/01-what-changed-checklist.md	674	44-additive--dynamic-profiles	prelude:guide-context	PRELUDE-NEEDED	-	-	-	-	-	-	-	-	snippet-7b3776500bdff7c8	84d58cabfe936a40cbeeb6ff3858fa37f6a8ab462beaa88b3e6ca2bc85d34e69
part-17-migration-from-pre-ios-27/references/01-what-changed-checklist.md	749	45-additive--skills-and-history-modifiers-the-utilities-package	prelude:guide-context	PRELUDE-NEEDED	-	-	-	-	-	-	-	-	snippet-1bf758a88e772d70	6d8066aa0cfe4232e2943c3f9238720d7e32b5c82dfc27f8fd5e72e2b99bf17a
part-17-migration-from-pre-ios-27/references/01-what-changed-checklist.md	807	46-additive--system-tools-and-the-one-that-isnt-where-youd-look	compile:27	VERIFIED	top	-	pass	-	-	-	-	-	snippet-247e99b5b4e93289	cb50b49272bf8e7f8dc3e7bf577d8f189c33ad22bfa98bc654bf5b9c8fd71172
part-17-migration-from-pre-ios-27/references/01-what-changed-checklist.md	929	48-additive--toolcallingmode-and-its-exit-condition-trap	prelude:guide-context	PRELUDE-NEEDED	-	-	-	-	-	-	-	-	snippet-db42f81b7dac9ad0	ffa327cb171d7202c9ada1369e051612c1e92e54f1d9257a759dea744b62b19b
part-17-migration-from-pre-ios-27/references/01-what-changed-checklist.md	1047	410-additive--transcripterrorhandlingpolicy	illustrative	ILLUSTRATIVE	-	-	-	-	-	-	-	-	snippet-225b2f3e3a3c83fb	6111b1db8258f13cba9c43e5114d39ffc69aece0e66f95b19de36437befb3c13
part-17-migration-from-pre-ios-27/references/01-what-changed-checklist.md	1075	411-additive--contextoptions-and-reasoning-levels	prelude:guide-context	PRELUDE-NEEDED	-	-	-	-	-	-	-	-	snippet-d9e6a6263628c1cd	ae1d1c0ef91f485eb6e0faec809d59a0bb9e8919b9159955f72755631f208f33
part-17-migration-from-pre-ios-27/references/01-what-changed-checklist.md	1201	53-additive--chatcompletionslanguagemodel-turns-your-existing-stack-into-a-backend	prelude:guide-context	PRELUDE-NEEDED	-	-	-	-	-	-	-	-	snippet-dd3930aba71e9917	9a1df95caa56b0826a1e955ba1ebebf09bfec183d3c714de79f2cb17289bc316
part-17-migration-from-pre-ios-27/references/01-what-changed-checklist.md	1410	64-behavioural--apples-samples-dropped-proactive-availability-gating	prelude:guide-context	PRELUDE-NEEDED	-	-	-	-	-	-	-	-	snippet-c60db89f39e4efb9	4603cbb882cb86b929477c0de6ccf45151e2f5ac0a726e759ba38cab028c3bf7
part-17-migration-from-pre-ios-27/references/01-what-changed-checklist.md	1434	64-behavioural--apples-samples-dropped-proactive-availability-gating	compile:27 imports:FoundationModels	VERIFIED	top	-	pass	-	-	-	-	-	snippet-c8127546dfb54987	901a90c3ace0fe80fbec971ece5ddf0f8ce5a6b0b04e9d933f75837f08b45c4e
part-17-migration-from-pre-ios-27/references/01-what-changed-checklist.md	1487	64-behavioural--apples-samples-dropped-proactive-availability-gating	prelude:guide-context	PRELUDE-NEEDED	-	-	-	-	-	-	-	-	snippet-809bf3360383819d	95cd79d36f73790de97f3eb7b29c3732eb212900ad8e7db3eb264fae2b5240e9
part-17-migration-from-pre-ios-27/references/01-what-changed-checklist.md	1858	72-the-rename-in-miniature-tn3193-vs-the-2026-samples	prelude:guide-context	PRELUDE-NEEDED	-	-	-	-	-	-	-	-	snippet-3a6162fee0d92170	5898dec4570de0420835b8a2acea16183af42dbcc36fa6024aa5391e5184a7f9
part-17-migration-from-pre-ios-27/references/02-adapter-sunset.md	442	32-the-swift-api-surface	prelude:platform-target	PRELUDE-NEEDED	-	-	-	-	-	-	-	-	snippet-6c2f7102f4d52e34	bae01aeb682b1ae7d5efb20d3bd5ff0f9d3f88e54ef8b773c3b66f40fb38316f
part-17-migration-from-pre-ios-27/references/02-adapter-sunset.md	597	36-the-runtime-sequence-complete	prelude:platform-target	PRELUDE-NEEDED	-	-	-	-	-	-	-	-	snippet-84886af3b251f83f	cee45efaba039c2b4bfe5875e78d9852f05286bdae450d90da1294885137370c
part-17-migration-from-pre-ios-27/references/02-adapter-sunset.md	782	43-the-fixed-sequence	compile:27	VERIFIED	top	-	pass	-	-	-	-	-	snippet-1fdf696e5047f474	8ecff4a1b802a3b2005846348f71bca871e04e4640d8d47c01c3f47da3d211c5
part-17-migration-from-pre-ios-27/references/02-adapter-sunset.md	1046	62-apples-own-demonstration-the-prompt-gets-smaller	compile:27	VERIFIED	top	-	pass	-	-	-	-	-	snippet-af6345eb0ae10f93	cd0ba207ac2c2e8548b4e0a1aafb57061ea9bbd89eaba04fa915cb344be1401e
part-17-migration-from-pre-ios-27/references/02-adapter-sunset.md	1062	63-the-rewrite-worked-end-to-end	prelude:guide-context	PRELUDE-NEEDED	-	-	-	-	-	-	-	-	snippet-1928e2ca71945056	c36deabd0e5afcb6962e30df352b3934b8c2008127da7055fefd277b2ec2a826
part-17-migration-from-pre-ios-27/references/02-adapter-sunset.md	1090	63-the-rewrite-worked-end-to-end	compile:27	VERIFIED	top	-	pass	-	-	-	-	-	snippet-afbca198652fea06	d1620f818b219c50d99ebfe2c9affab6fba280ed5343f4a27397d4e8f53e80b3
part-17-migration-from-pre-ios-27/references/02-adapter-sunset.md	1202	65-showing-beats-telling-one-shot-exemplars	prelude:guide-context	PRELUDE-NEEDED	-	-	-	-	-	-	-	-	snippet-50dff987b962b065	24710da523ab5d2bc1aa64de59cc8e542be347c186a3a2f226929b9f19eb4e23
part-17-migration-from-pre-ios-27/references/02-adapter-sunset.md	1293	67-the-part-you-cannot-skip-measure-it	prelude:guide-context	PRELUDE-NEEDED	-	-	-	-	-	-	-	-	snippet-957552ee9159eaa2	54e1fcb165ac0f7c4bf54fb088e8598bf037c28d85735a94312e9abcad104ae2
part-17-migration-from-pre-ios-27/references/02-adapter-sunset.md	1390	69-a-token-budget-you-can-actually-check	compile:27	VERIFIED	top	-	pass	-	-	-	-	-	snippet-6d5244b0f4084227	b6a73277a7ccffd1759d083aafca40f0dd1a7672fe220f36ec4ef64ef4a34314
part-17-migration-from-pre-ios-27/references/02-adapter-sunset.md	1498	71-the-one-line-and-what-it-hides	prelude:external-module	PRELUDE-NEEDED	-	-	-	-	-	-	-	-	snippet-78d592ccaf7cc4f3	cd54afbd5e65ae1098d042ca3ac9b98e71499c12e4a23f29709fc381b477ea0e
part-17-migration-from-pre-ios-27/references/02-adapter-sunset.md	1512	71-the-one-line-and-what-it-hides	illustrative	ILLUSTRATIVE	-	-	-	-	-	-	-	-	snippet-804604be4d53ae1a	58958af65c583b9228bf62f9be643b71506eeae960fd526bd920f5e6f0372470
part-17-migration-from-pre-ios-27/references/02-adapter-sunset.md	1589	72-️-the-constraint-that-decides-this-for-many-readers-generable-and-logits	prelude:external-module	PRELUDE-NEEDED	-	-	-	-	-	-	-	-	snippet-d9030593c76f8419	5f3ac9ad5158e0241a0a8f1213142fdadcfac4bb8640a7a269a3362efa192a20
part-17-migration-from-pre-ios-27/references/02-adapter-sunset.md	1745	79-the-migration-skeleton	prelude:external-module	PRELUDE-NEEDED	-	-	-	-	-	-	-	-	snippet-b810f891005f6a54	acfe3b27264cab8f5c9e199490ea1c67654028a0464171ea609cfcbbffac1fa8
part-17-migration-from-pre-ios-27/references/02-adapter-sunset.md	2005	84-fuse-dont-ship-an-adapter--and-why	prelude:guide-context	PRELUDE-NEEDED	-	-	-	-	-	-	-	-	snippet-8638e3c5714fd95c	452ed52951d89d704ba3b4b61e68d53f53808e91e97928140c04f2bc6932491c
part-17-migration-from-pre-ios-27/references/02-adapter-sunset.md	2037	85-driving-it-from-languagemodelsession	illustrative	ILLUSTRATIVE	-	-	-	-	-	-	-	-	snippet-fedcc8121564fd0c	5880d665daf1ea3ffe32aa2386e613f7e9d35adff12f0853c7e1fb023807e14c
part-17-migration-from-pre-ios-27/references/02-adapter-sunset.md	2163	810-the-app-side-skeleton-for-a-fused-model	illustrative	ILLUSTRATIVE	-	-	-	-	-	-	-	-	snippet-aadc22589af61e7d	f6e9962a732791f4d32b53f5ac01c24d523c3c8279cce16adc967737f344e27b
part-17-migration-from-pre-ios-27/references/02-adapter-sunset.md	2334	102-detect-and-degrade--the-code-you-should-ship-now	prelude:platform-target	PRELUDE-NEEDED	-	-	-	-	-	-	-	-	snippet-c2df511546df84d6	f0307cbc922722a10672b85314f318d83b6715f2c16f60f8901d91ef1e4159b3
part-17-migration-from-pre-ios-27/references/03-error-taxonomy-migration.md	171	11-the-shape-of-the-failure	prelude:guide-context	PRELUDE-NEEDED	-	-	-	-	-	-	-	-	snippet-f0257f000d347ecc	730699b09f56222c4b837ef93ee2bd84d285227651caf125e6c98674611af682
part-17-migration-from-pre-ios-27/references/03-error-taxonomy-migration.md	223	13-what-apples-own-answer-looks-like	compile:27 imports:FoundationModels	VERIFIED	body	-	pass	-	-	-	-	-	snippet-0e69b652f41414a5	26b1953b0f2e7343482bd30f23fc3420b75e6e70647b36c0468e0396956df994
part-17-migration-from-pre-ios-27/references/03-error-taxonomy-migration.md	280	2-the-2026-error-map-seven-types-and-which-one-is-which	illustrative	ILLUSTRATIVE	-	-	-	-	-	-	-	-	snippet-1d9a52c4e361188c	20668ed2a721c4d45b0204470e2bcf1f68d085f41da4631f4658431dd7d8a6ec
part-17-migration-from-pre-ios-27/references/03-error-taxonomy-migration.md	333	22-transcripterrorhandlingpolicy--the-new-knob-you-did-not-have	illustrative	ILLUSTRATIVE	-	-	-	-	-	-	-	-	snippet-7bbe1d998ee4cafb	3e54d037c4f17a999710f4bb2a1a8fae25468c76e2c5c0c6a655f68580469aa2
part-17-migration-from-pre-ios-27/references/03-error-taxonomy-migration.md	386	23-toolcallerror-did-not-change-and-that-is-a-trap-of-its-own	illustrative	ILLUSTRATIVE	-	-	-	-	-	-	-	-	snippet-6b7d08b7504a804e	dc74aa94e49dfaba5875fa211d981abcacb1e8f74972a1ee71c3589bd12dafd2
part-17-migration-from-pre-ios-27/references/03-error-taxonomy-migration.md	492	32-source-b--apples-own-agent-skill-the-same-nine-with-payload-fields	illustrative	ILLUSTRATIVE	-	-	-	-	-	-	-	-	snippet-618da9cd5673fd08	b929589c63c8d2e7dc7a2c468207f33717ee8a369f270560c53fb44514ebdeac
part-17-migration-from-pre-ios-27/references/03-error-taxonomy-migration.md	514	33-source-c--two-compiling-apple-sample-apps-five-cases-and-a-default	compile:27 imports:FoundationModels	VERIFIED	top	-	pass	-	-	-	-	-	snippet-942336fa31791db6	6ec34001d1cfe002f57771fa23be3200b501c2269400116aebe2aaced634bee1
part-17-migration-from-pre-ios-27/references/03-error-taxonomy-migration.md	591	35-the-nine-case-switch-written-the-way-you-should-write-it	compile:27	VERIFIED	top	-	pass	-	-	-	-	-	snippet-666e8fb56506d701	1330fee9d1db222db982bd7728d01058a1f6a301342d4b7d35f6f1eca1ef1e5f
part-17-migration-from-pre-ios-27/references/03-error-taxonomy-migration.md	655	36-metadata--the-escape-hatch-worth-wiring-up-on-day-one	compile:27	VERIFIED	top	-	pass	-	-	-	-	-	snippet-c2e0072991efb030	7c276a80b5970c47c0c9e171747e7247ebb9d166522a2bca7effa02cd2e874b5
part-17-migration-from-pre-ios-27/references/03-error-taxonomy-migration.md	798	43-the-guardrailviolation-trap-specifically	illustrative	ILLUSTRATIVE	-	-	-	-	-	-	-	-	snippet-95d313cc68fb51c0	3d4dffd080689069047aeaab6c526d9a9538fe5587378a234244199c287514a0
part-17-migration-from-pre-ios-27/references/03-error-taxonomy-migration.md	826	44-decodingfailure--the-row-that-left-the-enum-family	illustrative	ILLUSTRATIVE	-	-	-	-	-	-	-	-	snippet-b0cb80a09b55424d	c81ff74062ac9c6828dad318daac47883994c4a199bf88c64df0d70f904f90d0
part-17-migration-from-pre-ios-27/references/03-error-taxonomy-migration.md	872	46-a-mechanical-rewrite-side-by-side	compile:26	VERIFIED	top	pass	-	-	-	-	-	-	snippet-022a81d679f891f9	9e21f35891861f1e494699818214e4c3d362a9a426206765f5d0aa0cb28085f5
part-17-migration-from-pre-ios-27/references/03-error-taxonomy-migration.md	896	46-a-mechanical-rewrite-side-by-side	compile:27	VERIFIED	top	-	pass	-	-	-	-	-	snippet-6e6ce158bef3c707	9ec4c458772ea3b0c73eee626583cc23e9e01f6f4e06c73a4016249142d8d433
part-17-migration-from-pre-ios-27/references/03-error-taxonomy-migration.md	978	5-coexistence-tn3193-and-the-samples-disagree-and-both-are-right	illustrative	ILLUSTRATIVE	-	-	-	-	-	-	-	-	snippet-879bb30b124fe69e	44b51c2a48504da36ee27b05ab1cbc72b6cd37911436c7fb9d44225bfcf1d903
part-17-migration-from-pre-ios-27/references/03-error-taxonomy-migration.md	989	5-coexistence-tn3193-and-the-samples-disagree-and-both-are-right	prelude:guide-context	PRELUDE-NEEDED	-	-	-	-	-	-	-	-	snippet-1b2156878907bdc1	e82ddc33ca3ee34aeccf3ae925db7a419f64d5591de96d5947f5ca4fd074dfb3
part-17-migration-from-pre-ios-27/references/03-error-taxonomy-migration.md	1041	53-where-else-the-two-taxonomies-coexist-in-apples-own-material	illustrative	ILLUSTRATIVE	-	-	-	-	-	-	-	-	snippet-23fbec5017c837ba	24659c906402eacd70294d32c7df78cb01d1980ec8abe9154702e596de657bb7
part-17-migration-from-pre-ios-27/references/03-error-taxonomy-migration.md	1047	53-where-else-the-two-taxonomies-coexist-in-apples-own-material	illustrative	ILLUSTRATIVE	-	-	-	-	-	-	-	-	snippet-6ca781e64517b105	8640c1bcf28e714b83f35f90b8de9ceea9b19f8ac3d66484906464f129c2a843
part-17-migration-from-pre-ios-27/references/03-error-taxonomy-migration.md	1086	54-what-to-write	compile:26,27	VERIFIED	top	pass	pass	-	-	-	-	-	snippet-4c7cd651dab3c6ea	bb11d08a96c7582419f7dbff37827d1ea7058751118264255f11ba39e15a708a
part-17-migration-from-pre-ios-27/references/03-error-taxonomy-migration.md	1148	62-what-the-ordering-does-do	illustrative	ILLUSTRATIVE	-	-	-	-	-	-	-	-	snippet-53018986e3f3bd2b	106901670ef65221db069da2a5cf03af105b52824a83f5bfc20518cc8ce79e34
part-17-migration-from-pre-ios-27/references/03-error-taxonomy-migration.md	1217	64-make-the-terminal-arm-loud	compile:27 defines:DEBUG	VERIFIED	top	-	pass	-	-	-	-	-	snippet-8b1dba83dc6ea0d0	2670ce44a17b1ab06add02900b2e61bdbedaa3d71baba0d53552327e313b5688
part-17-migration-from-pre-ios-27/references/03-error-taxonomy-migration.md	1254	7-generatedcontentparsingerror-is-not-a-languagemodelerror	illustrative	ILLUSTRATIVE	-	-	-	-	-	-	-	-	snippet-3209fe017a58a873	06efab66f494fa58a34cdb51ec8e796e0607a74494a6e4c406bf8804b235b6f0
part-17-migration-from-pre-ios-27/references/03-error-taxonomy-migration.md	1274	7-generatedcontentparsingerror-is-not-a-languagemodelerror	prelude:guide-context	PRELUDE-NEEDED	-	-	-	-	-	-	-	-	snippet-b1f9bcf79fb76fac	77fa91f60604b839fea97ccd08e13b60f1e863e61ed2f33c1522fd780749a43d
part-17-migration-from-pre-ios-27/references/03-error-taxonomy-migration.md	1331	81-the-concrete-evidence	illustrative	ILLUSTRATIVE	-	-	-	-	-	-	-	-	snippet-f27f136f2243fa6e	dc37ff85bcd88c84f768cd63119141c0c975c7a5a21685fa77091f08cf24c444
part-17-migration-from-pre-ios-27/references/03-error-taxonomy-migration.md	1520	92-two-mechanisms-but-how-many-types	illustrative	ILLUSTRATIVE	-	-	-	-	-	-	-	-	snippet-4ae83d65f7978f27	55ec7c05692ecc060ea40d6c4aee9c6474d3d0b4ba7b97b10c582b9c5e53af36
part-17-migration-from-pre-ios-27/references/03-error-taxonomy-migration.md	1684	101-the-api	compile:27	VERIFIED	top	-	pass	-	-	-	-	-	snippet-d7b32187c96d61a3	fba6af6e202a569942d3610fab73dd0d9d2aef05f267159c5ee24cab2aed137b
part-17-migration-from-pre-ios-27/references/03-error-taxonomy-migration.md	1694	101-the-api	illustrative	ILLUSTRATIVE	-	-	-	-	-	-	-	-	snippet-a06bd8a28f823e79	5670324131c75a3e7a0c5486013af8ceac07a04d9165e9f2b2ecb89e2b384bea
part-17-migration-from-pre-ios-27/references/03-error-taxonomy-migration.md	1780	103-the-contradiction-presented-with-both-sides	compile:27 imports:FoundationModels	VERIFIED	body	-	pass	-	-	-	-	-	snippet-0f941dcfd997dc9b	a7eb327c7792ddb19ef96fcffa5647caaa43ea89950836c3630bea835549a50a
part-17-migration-from-pre-ios-27/references/03-error-taxonomy-migration.md	1792	103-the-contradiction-presented-with-both-sides	illustrative	ILLUSTRATIVE	-	-	-	-	-	-	-	-	snippet-9b2c8e5554f16a82	39426ddc82ae186c5d599858a95e8f171777f12b04a48f9246aa7255f82160cb
part-17-migration-from-pre-ios-27/references/03-error-taxonomy-migration.md	1864	104-a-checked-helper-so-the-no-op-cannot-happen-silently	compile:27	VERIFIED	top	-	pass	-	-	-	-	-	snippet-4196273535ffb58b	8078b16cadb0a90a556bc173a55a3b4fc41dfe38d99d91242f5e1a020f2b2068
part-17-migration-from-pre-ios-27/references/03-error-taxonomy-migration.md	1932	11-reading-a-refusal-explanation-and-explanationstream	illustrative	ILLUSTRATIVE	-	-	-	-	-	-	-	-	snippet-23c4ffa94e872c92	10a8b041073792aab9bcde8a14f1b96c69d4bddfe250553901c80cb594573a6b
part-17-migration-from-pre-ios-27/references/03-error-taxonomy-migration.md	1963	11-reading-a-refusal-explanation-and-explanationstream	compile:27 imports:FoundationModels	VERIFIED	body	-	pass	-	-	-	-	-	snippet-034ec934360f5ae9	f7f5284cd3bb257641bcbaf66614eacc6b4a2cc6832ea2c10174c10521c0671e
part-17-migration-from-pre-ios-27/references/03-error-taxonomy-migration.md	1982	11-reading-a-refusal-explanation-and-explanationstream	compile:27	VERIFIED	top	-	pass	-	-	-	-	-	snippet-f6ee012c369f8256	08f14bf913317a5b909e943a8dd6d59c74065e7441b91fef236fb7c17f19faae
part-17-migration-from-pre-ios-27/references/03-error-taxonomy-migration.md	2060	121-the-number-settled	illustrative	ILLUSTRATIVE	-	-	-	-	-	-	-	-	snippet-1a26ce4208d1a178	7642d827a11935ea65a89657bc889c82dc4765e201644d2e597fc7638487ef08
part-17-migration-from-pre-ios-27/references/03-error-taxonomy-migration.md	2109	122-what-developers-hand-rolled-and-what-apple-said-about-it	illustrative	ILLUSTRATIVE	-	-	-	-	-	-	-	-	snippet-0ba89f0fbf22342f	de08df39229cc40f0d18e5ee5ef00b8e2aa1c9ed5fdb4d5d3b678830443bc9bb
part-17-migration-from-pre-ios-27/references/03-error-taxonomy-migration.md	2129	123-apples-documented-recovery-verbatim	prelude:guide-context	PRELUDE-NEEDED	-	-	-	-	-	-	-	-	snippet-f15324c113c706fa	e82ddc33ca3ee34aeccf3ae925db7a419f64d5591de96d5947f5ca4fd074dfb3
part-17-migration-from-pre-ios-27/references/03-error-taxonomy-migration.md	2140	123-apples-documented-recovery-verbatim	compile:27 imports:FoundationModels	VERIFIED	top	-	pass	-	-	-	-	-	snippet-34bb881a70648697	3e78c66e360d385bf80c79a706929d4bcd381b09e231cba9467ef491f1779fd6
part-17-migration-from-pre-ios-27/references/03-error-taxonomy-migration.md	2167	124-the-27-native-version-using-the-payload	illustrative	ILLUSTRATIVE	-	-	-	-	-	-	-	-	snippet-e0a09ee461b26ca3	c78aed038b2cbc03c9983e1f8600cd0fba9463cd521436df448972bbad88cd1f
part-17-migration-from-pre-ios-27/references/03-error-taxonomy-migration.md	2263	131-comapplesensitivecontentanalysisml-error-15--from-a-completely-innocuous-prompt	prelude:guide-context	PRELUDE-NEEDED	-	-	-	-	-	-	-	-	snippet-47c7e62a86c08016	cd9535bdd00a56068319948b6aa05b99187088eee991ae6d3883025845178198
part-17-migration-from-pre-ios-27/references/03-error-taxonomy-migration.md	2300	132-comappleunifiedassetframework-code5000--the-model-catalog	compile:27	VERIFIED	body	-	pass	-	-	-	-	-	snippet-54959e830c1c7350	f50f6016811ef0cf81d7fa948f00a59e4e6f97f5584e300f87eb74d5f605ae0f
part-17-migration-from-pre-ios-27/references/03-error-taxonomy-migration.md	2372	133-modelmanagerservicesmodelmanagererror-code1046-wrapped-in-languagemodelerror--1	compile:27	VERIFIED	top	-	pass	-	-	-	-	-	snippet-f45a76338630e5f1	89bc0ed3f5a66cfa9f3d8536d1c6e292921be053eeedcf59a61d0ddd9f412caa
part-17-migration-from-pre-ios-27/references/03-error-taxonomy-migration.md	2409	134-tokengenerationcoreguidedgenerationerrorinvalidconfiguration--tool-choice-requires-tools	prelude:guide-context	PRELUDE-NEEDED	-	-	-	-	-	-	-	-	snippet-9ba739697043c999	0b5f430d240f23a87dfd245796c643773d3f9c075e291a5fad817506e67c5795
part-17-migration-from-pre-ios-27/references/03-error-taxonomy-migration.md	2506	136-when-the-answer-really-is-file-a-feedback	illustrative	ILLUSTRATIVE	-	-	-	-	-	-	-	-	snippet-55f97b180ce46825	aa4df39f92605974ee41f54b169665c4a23e67fcb01177accf8d4cee702fc9e4
part-17-migration-from-pre-ios-27/references/03-error-taxonomy-migration.md	2513	136-when-the-answer-really-is-file-a-feedback	prelude:guide-context	PRELUDE-NEEDED	-	-	-	-	-	-	-	-	snippet-ecf4edd623233793	8de47d6613f7b3ffb7878b4629420ca10c62923660d4b92d5fc9293c1035aed7
part-17-migration-from-pre-ios-27/references/03-error-taxonomy-migration.md	2544	136-when-the-answer-really-is-file-a-feedback	compile:27 imports:FoundationModels	VERIFIED	top	-	pass	-	-	-	-	-	snippet-79b6b97bb191e496	d2e66dd8eccebc3354a20cdae443594a21aaef668ff86010fd61369dec766565
part-17-migration-from-pre-ios-27/references/03-error-taxonomy-migration.md	2570	14-the-complete-catch-ladder	prelude:guide-context	PRELUDE-NEEDED	-	-	-	-	-	-	-	-	snippet-c773e468bae1bbd7	5d929551c12cbc0c04372cc38dec5adff8814177f20d2248e6e64d4089163243
part-17-migration-from-pre-ios-27/references/03-error-taxonomy-migration.md	2944	161-framework-orientation-in-one-block	illustrative	ILLUSTRATIVE	-	-	-	-	-	-	-	-	snippet-a7f9b6484c829bc6	135c7fd6f6e46c70a354c50aa8cf421b083fa8c21b4a95de10062875786e302e
part-17-migration-from-pre-ios-27/references/03-error-taxonomy-migration.md	2967	162-the-critical-design-decision	illustrative	ILLUSTRATIVE	-	-	-	-	-	-	-	-	snippet-c246ff5ae3e4022d	4a9444d018baec50a62f999513ea2a42e037ab4606a74b9329305ab32e7ff9ea
part-17-migration-from-pre-ios-27/references/03-error-taxonomy-migration.md	2986	163-the-suite	illustrative	ILLUSTRATIVE	-	-	-	-	-	-	-	-	snippet-d9c802cebc88cebc	42ada60a67a31a459d06b32436babc39f2e45326d37b2b22b6b2818a42675d5f
part-17-migration-from-pre-ios-27/references/03-error-taxonomy-migration.md	3094	164-running-it-and-stamping-the-os-build	prelude:guide-context	PRELUDE-NEEDED	-	-	-	-	-	-	-	-	snippet-eee79bc1d7dc4ff3	df271c5fba3d240b852c5dafa85a0fc18ecea225478a242f6cd3a53ad682e7c5
part-17-migration-from-pre-ios-27/references/04-dual-sdk-builds.md	189	12-why-the-wrong-choice-is-expensive	illustrative	ILLUSTRATIVE	-	-	-	-	-	-	-	-	snippet-f15270b7524fb351	654849e13d3c08714e014f34a45475220ffc536edf3f146d4a4b9ac46b7188ac
part-17-migration-from-pre-ios-27/references/04-dual-sdk-builds.md	204	12-why-the-wrong-choice-is-expensive	compile:27 imports:FoundationModels	VERIFIED	top	-	pass	-	-	-	-	-	snippet-29ed6bd13fd7f5e1	52414f855b277db36934fc30add8154def5fc68dbd340aec0680b18d29deb299
part-17-migration-from-pre-ios-27/references/04-dual-sdk-builds.md	222	13-the-shape-of-a-correct-gate	compile:27	VERIFIED	body	-	pass	-	-	-	-	-	snippet-514cfcb88127899d	6d48505a4bd572450e5da78939982379077aa292589985b245fe9aa5da88e166
part-17-migration-from-pre-ios-27/references/04-dual-sdk-builds.md	258	21-what-it-does	prelude:guide-context	PRELUDE-NEEDED	-	-	-	-	-	-	-	-	snippet-5f5e201e7d0531e1	a390468e86b25346cebb9ed7c0aeb8b7aea76d074321e5deafe87ab377418338
part-17-migration-from-pre-ios-27/references/04-dual-sdk-builds.md	312	23-unknown-default-is-now-load-bearing	prelude:guide-context	PRELUDE-NEEDED	-	-	-	-	-	-	-	-	snippet-28a0b85e89fc0a7f	b43007953a6ecae166c379afe58b45b38463a04cf294b4c52dcdfc5883a99d13
part-17-migration-from-pre-ios-27/references/04-dual-sdk-builds.md	395	33-the-trap-canimportfoundationmodels-is-true-on-the-26-sdk	illustrative	ILLUSTRATIVE	-	-	-	-	-	-	-	-	snippet-51071ff543a4a743	282ab29eea5676b3feda7a053a5571cce3bf6c5cf68883c71565d1dd0789c440
part-17-migration-from-pre-ios-27/references/04-dual-sdk-builds.md	412	33-the-trap-canimportfoundationmodels-is-true-on-the-26-sdk	compile:27 imports:FoundationModels	VERIFIED	top	-	pass	-	-	-	-	-	snippet-3aefe5da4bea2014	0214325403ce994703c6d132b8c2501d97b9c3a8900da5e354d58b5b590dd011
part-17-migration-from-pre-ios-27/references/04-dual-sdk-builds.md	442	41-the-form-as-apple-writes-it	illustrative	ILLUSTRATIVE	-	-	-	-	-	-	-	-	snippet-3a6708bdd2910148	f4fd31ee138ebb1661123d7ea4536e8977de4f00b794ea7be2b0a0c5d9c00a05
part-17-migration-from-pre-ios-27/references/04-dual-sdk-builds.md	464	41-the-form-as-apple-writes-it	illustrative	ILLUSTRATIVE	-	-	-	-	-	-	-	-	snippet-7afd23ec1f9680cd	d9c4d1bc7ca531f089b7f923d54e6424c52a96afb4618010d8da57e7e2b45070
part-17-migration-from-pre-ios-27/references/04-dual-sdk-builds.md	503	42--measured-the-number-is-the-modules--user-module-version	illustrative	ILLUSTRATIVE	-	-	-	-	-	-	-	-	snippet-4c1db31f1d07076f	5b865976b6e1892f96da3948d8e907e561364a54735ac568d18a5f101fb30fda
part-17-migration-from-pre-ios-27/references/04-dual-sdk-builds.md	598	45-nested-if-versus-	illustrative	ILLUSTRATIVE	-	-	-	-	-	-	-	-	snippet-ace7bd0f055bdddf	443efa34f16848e4d93cfec3f8349b0b04a181b2e63036c06849f6bb07e21850
part-17-migration-from-pre-ios-27/references/04-dual-sdk-builds.md	605	45-nested-if-versus-	illustrative	ILLUSTRATIVE	-	-	-	-	-	-	-	-	snippet-6848b7a3c20592a9	d9c4d1bc7ca531f089b7f923d54e6424c52a96afb4618010d8da57e7e2b45070
part-17-migration-from-pre-ios-27/references/04-dual-sdk-builds.md	635	46-️-silent-failure-three-ways-to-write-a-gate-that-is-quietly-always-false	illustrative	ILLUSTRATIVE	-	-	-	-	-	-	-	-	snippet-a7b0f8be963a0108	415d206c6ceafad0197eba34adb21afc4f87b4b07dcde6ac4ba829a61851a9a0
part-17-migration-from-pre-ios-27/references/04-dual-sdk-builds.md	648	46-️-silent-failure-three-ways-to-write-a-gate-that-is-quietly-always-false	illustrative	ILLUSTRATIVE	-	-	-	-	-	-	-	-	snippet-3e2de0d4c3c4c022	8e14b771aafc3d1276215bf4714748f38cba73ad51394bef593bcf1967a9a237
part-17-migration-from-pre-ios-27/references/04-dual-sdk-builds.md	664	46-️-silent-failure-three-ways-to-write-a-gate-that-is-quietly-always-false	illustrative	ILLUSTRATIVE	-	-	-	-	-	-	-	-	snippet-8c7230d4e4a67b1b	fc3a4aad482b20e430ea906db3617272fefc85735daafffe2c52cabb97c1e1b0
part-17-migration-from-pre-ios-27/references/04-dual-sdk-builds.md	696	47-a-gate-you-can-verify-locally-in-ten-seconds	illustrative	ILLUSTRATIVE	-	-	-	-	-	-	-	-	snippet-24b0e8ac4d10708e	0ef7a21ab4259b8ffedd78a261d716da7054f5e28317325cdd4e38eb370b3ae1
part-17-migration-from-pre-ios-27/references/04-dual-sdk-builds.md	724	47-a-gate-you-can-verify-locally-in-ten-seconds	illustrative	ILLUSTRATIVE	-	-	-	-	-	-	-	-	snippet-aa702f263d4bed72	bd565c11fc4e33c53266c3081fc7d4a336af44cd2313f9cf899f73b97d0fd7e8
part-17-migration-from-pre-ios-27/references/04-dual-sdk-builds.md	814	53-the-equivalent-for-a-swiftpm-package	prelude:guide-context	PRELUDE-NEEDED	-	-	-	-	-	-	-	-	snippet-e04add2444004606	997beb9a744b6417a575cab5663307a9c16d06521117b1642e51e6bd6a4fd681
part-17-migration-from-pre-ios-27/references/04-dual-sdk-builds.md	859	61-the-declaration	illustrative	ILLUSTRATIVE	-	-	-	-	-	-	-	-	snippet-22dc9f0dc5fbb6fd	109d1fd4bcb5b9deeee8d338ec0cb65f904516487b6b1270e1f224bfad83608d
part-17-migration-from-pre-ios-27/references/04-dual-sdk-builds.md	881	61-the-declaration	illustrative	ILLUSTRATIVE	-	-	-	-	-	-	-	-	snippet-3acb5ca6b2dc3748	80aba1f8abb02e6ac357e0590461cf9ba6e15a698aaec58bad4e819a6a5d40e7
part-17-migration-from-pre-ios-27/references/04-dual-sdk-builds.md	913	62-the-division-of-labour-trait--sdk	illustrative	ILLUSTRATIVE	-	-	-	-	-	-	-	-	snippet-c06df21a53ae440c	d9c4d1bc7ca531f089b7f923d54e6424c52a96afb4618010d8da57e7e2b45070
part-17-migration-from-pre-ios-27/references/04-dual-sdk-builds.md	987	71-why-available-is-not-enough	illustrative	ILLUSTRATIVE	-	-	-	-	-	-	-	-	snippet-04379b4d2423f3d6	eae0e22a3292db34cb1a68ef8b3f8a98be3ad7ca837e5c2a0774c397479897c0
part-17-migration-from-pre-ios-27/references/04-dual-sdk-builds.md	1309	93-the-special-case-a-package-with-a-270-platform-floor	illustrative	ILLUSTRATIVE	-	-	-	-	-	-	-	-	snippet-dcfc73528463a0df	169497856efd8dea0c04914d1e3dfdeb635604f8738e8727e25313c509a204c2
part-17-migration-from-pre-ios-27/references/04-dual-sdk-builds.md	1369	101-model-availability	illustrative	ILLUSTRATIVE	-	-	-	-	-	-	-	-	snippet-69873cefa90f8877	2f6aff8b3188540f08273ef4f7b98fce94fa0cfa2db36023e85ab76343d7978e
part-17-migration-from-pre-ios-27/references/04-dual-sdk-builds.md	1380	101-model-availability	prelude:guide-context	PRELUDE-NEEDED	-	-	-	-	-	-	-	-	snippet-3d66b4fddf29e940	64c7fc04d7282af07f6cc9aa7150dac63780a1cccccac4f4b3134b84e3b9d2a5
part-17-migration-from-pre-ios-27/references/04-dual-sdk-builds.md	1419	102-pcc-quota-state	illustrative	ILLUSTRATIVE	-	-	-	-	-	-	-	-	snippet-b867dd1fb1ed439d	0844e00452a816b3a7c88dd1b70852c778814ce4c9eec9e961776775a3ec0366
part-17-migration-from-pre-ios-27/references/04-dual-sdk-builds.md	1475	102-pcc-quota-state	illustrative	ILLUSTRATIVE	-	-	-	-	-	-	-	-	snippet-78257cf7acdcc3bb	074dd629d172f46eb3a950ffab5c470cdd5546371498403e3e67d3e1deb7f3cb
part-17-migration-from-pre-ios-27/references/04-dual-sdk-builds.md	1510	103-feature-presence-you-can-probe	compile:27	VERIFIED	top	-	pass	-	-	-	-	-	snippet-86b60a22b58886ad	9ba0d119227da210eb429e672c2bfa57c7c7524a460ef7c34628fade19cd6eb8
part-17-migration-from-pre-ios-27/references/04-dual-sdk-builds.md	1558	111-the-264-trap	illustrative	ILLUSTRATIVE	-	-	-	-	-	-	-	-	snippet-b5d3254da02a5aff	595334a5dd32e4767dac674d9ba4bb6cfce623619a67eee70aea3c76772f6c79
part-17-migration-from-pre-ios-27/references/04-dual-sdk-builds.md	1633	121-stored-properties-the-any-escape-hatch	xfail:sim27-on-26 compile:sim27 imports:FoundationModels	MIGRATION-PROVEN	mixed	-	-	pass	-	xfail-pass	-	-	snippet-f9594c6c036f34ac	448d481d1f7441471cc2f7602d4277aa256ea19b598a1018ec50766443903735
part-17-migration-from-pre-ios-27/references/04-dual-sdk-builds.md	1646	121-stored-properties-the-any-escape-hatch	compile:27	VERIFIED	top	-	pass	-	-	-	-	-	snippet-5b566d156036ac56	31687fb6cbbfa0395d7e7850eb42db7ee919bfbba0b24a768bbc6923c6dc3385
part-17-migration-from-pre-ios-27/references/04-dual-sdk-builds.md	1679	121-stored-properties-the-any-escape-hatch	compile:27 imports:CoreAI	VERIFIED	top	-	pass	-	-	-	-	-	snippet-ba1d52795e05dbd4	f3140ad9d246c7161bab7fd4cbe5e5cc0d2f7bfc024deb6b499bd39f3982dc01
part-17-migration-from-pre-ios-27/references/04-dual-sdk-builds.md	1719	122-the-error-you-throw-when-the-gate-is-closed	compile:27 imports:Foundation	VERIFIED	top	-	pass	-	-	-	-	-	snippet-0b4e9f34845ca88e	b14d232a8c1fe540db50201acccaa8b6945823d92987b7be789674405a3eec8d
part-17-migration-from-pre-ios-27/references/04-dual-sdk-builds.md	1753	123-one-bool-to-rule-them	compile:27	VERIFIED	top	-	pass	-	-	-	-	-	snippet-dd940ee270bebfc4	789490992825b05e6c6813e987ffa49775010f2c832545b26e7ee63df961f7b1
part-17-migration-from-pre-ios-27/references/04-dual-sdk-builds.md	1801	124-two-protocols-one-app	illustrative	ILLUSTRATIVE	-	-	-	-	-	-	-	-	snippet-b45f7dc3099f7f39	5e23957e984d058afbb469939aabc35b5e3c80bfb09fb4396dc0be4b21685b33
part-17-migration-from-pre-ios-27/references/04-dual-sdk-builds.md	1886	131-what-actually-happened	prelude:guide-context	PRELUDE-NEEDED	-	-	-	-	-	-	-	-	snippet-c67036a478309b8e	ff2945dce05bc5d379aaaad0c73d888da83f4e22612f643767edb2ac7086df9d
part-17-migration-from-pre-ios-27/references/04-dual-sdk-builds.md	2053	142-the-strategy-that-follows	illustrative	ILLUSTRATIVE	-	-	-	-	-	-	-	-	snippet-7626d05ba776e29e	ae864e297b0c37ca67274305e3abc205b662604171cc5d17bb543def53f999f0
part-17-migration-from-pre-ios-27/references/04-dual-sdk-builds.md	2474	171-packageswift	prelude:external-module	PRELUDE-NEEDED	-	-	-	-	-	-	-	-	snippet-ba980bdefa35ad5d	a14a123b735dffd08f8826131fb988d6cde57de454798124a8a52fa71f9d9252
part-17-migration-from-pre-ios-27/references/04-dual-sdk-builds.md	2518	172-sourcestextgencapabilitiesswift--the-gate-log	compile:27	VERIFIED	top	-	pass	-	-	-	-	-	snippet-e1227f716aa6488d	1d77e69c6ab31bfd2a13075c781da00368b83aed0dadb712db86b8d94cfa690c
part-17-migration-from-pre-ios-27/references/04-dual-sdk-builds.md	2576	173-sourcestextgentextgeneratorswift--the-ungated-protocol	illustrative	ILLUSTRATIVE	-	-	-	-	-	-	-	-	snippet-6a056ef7953a4c14	0b0b805f20d71276a1b5f8b44d357042f7a957d6e6e9d40fe11bab7d5832925d
part-17-migration-from-pre-ios-27/references/04-dual-sdk-builds.md	2608	174-sourcestextgensystembackendswift--the-26-backend-ungated	illustrative	ILLUSTRATIVE	-	-	-	-	-	-	-	-	snippet-ed7d22212e210f7e	f1c18085043be201c50f5e047b22648858127d114a0151b6a0b0464f93496349
part-17-migration-from-pre-ios-27/references/04-dual-sdk-builds.md	2653	175-sourcestextgenpccbackendswift--the-27-backend-fully-gated	illustrative	ILLUSTRATIVE	-	-	-	-	-	-	-	-	snippet-9190e73a624a95f1	ef6224e830da58ac8908d2c0ae2c77f105f073afaded1bb9adfe8fccd673487d
part-17-migration-from-pre-ios-27/references/04-dual-sdk-builds.md	2706	176-sourcestextgenbackendsswift--the-factory-the-only-assembly-point	prelude:guide-context	PRELUDE-NEEDED	-	-	-	-	-	-	-	-	snippet-a9f1184d2c1b28bf	7aa07ce72aebf55e3f09655080477bb830d951dc826d535b02f5726263a307f5
part-17-migration-from-pre-ios-27/references/04-dual-sdk-builds.md	2748	177-teststextgentestsgatetestsswift--asserting-the-negative	prelude:external-module	PRELUDE-NEEDED	-	-	-	-	-	-	-	-	snippet-998410a087faaa30	efdfbd4271ad25202ef78724f21b3bcdd7f21bc3a4a6a8ea10e8c4c38c40dfc6
part-17-migration-from-pre-ios-27/references/04-dual-sdk-builds.md	2793	178-if-you-are-in-an-xcode-project-rather-than-a-package	illustrative	ILLUSTRATIVE	-	-	-	-	-	-	-	-	snippet-fba280b8d07342ad	9284cb2e8cd02c94042b47c1c2f36401d8f105d826945a4ae2d36509b148f59d
part-17-migration-from-pre-ios-27/references/04-dual-sdk-builds.md	2804	178-if-you-are-in-an-xcode-project-rather-than-a-package	illustrative	ILLUSTRATIVE	-	-	-	-	-	-	-	-	snippet-e810d1681e253f51	b2402d723f019b1f1cc378f707d4e33a7c724000b02d6bc1ed15a11037522bca
part-17-migration-from-pre-ios-27/references/05-coreml-to-coreai.md	339	22-mlmodel--aimodel--but-the-runnable-object-is-a-third-type	prelude:guide-context	PRELUDE-NEEDED	-	-	-	-	-	-	-	-	snippet-adc6cf923c51970e	e53c58c0283ae25a593c9dc2191cb3513e4653063639c9d60e798725c127bab2
part-17-migration-from-pre-ios-27/references/05-coreml-to-coreai.md	366	23-mlmultiarray--ndarray--and-the-view-discipline	prelude:guide-context	PRELUDE-NEEDED	-	-	-	-	-	-	-	-	snippet-01c7915d483c6e71	5e4006f5e45368bcdd9f5f88691a855728a395b441dee2fdae791679cd3a7c39
part-17-migration-from-pre-ios-27/references/05-coreml-to-coreai.md	445	24-mlfeatureprovider--a-dictionary-and-a-destructive-output-bag	prelude:guide-context	PRELUDE-NEEDED	-	-	-	-	-	-	-	-	snippet-46d47e91bf16f758	a1298146505d6460cb033edaf501030350d32205216b3a41bae6f6989ee84d13
part-17-migration-from-pre-ios-27/references/05-coreml-to-coreai.md	471	24-mlfeatureprovider--a-dictionary-and-a-destructive-output-bag	prelude:guide-context	PRELUDE-NEEDED	-	-	-	-	-	-	-	-	snippet-e6cbb42d2021888b	910f403f0162a157b39d1268fdeff24cd7cb6607f2b1395eccba0888eb353d83
part-17-migration-from-pre-ios-27/references/05-coreml-to-coreai.md	509	25-compute-unit-selection--specializationoptions	illustrative	ILLUSTRATIVE	-	-	-	-	-	-	-	-	snippet-deadba5b71a6fe50	fb8808a3afad8acd4657cb72ae2d93d415c30b06def49e8be2c67e11f433ddb1
part-17-migration-from-pre-ios-27/references/05-coreml-to-coreai.md	613	26-model-compilation--specialization-and-caching	illustrative	ILLUSTRATIVE	-	-	-	-	-	-	-	-	snippet-ea7b79bf3177ef09	3e2cab59091787fac52a008b2ec6ef6c92a17b2642b89b49a14654dd351724f4
part-17-migration-from-pre-ios-27/references/05-coreml-to-coreai.md	687	28-the-row-with-no-right-hand-side-xcodes-generated-wrapper-class	prelude:guide-context	PRELUDE-NEEDED	-	-	-	-	-	-	-	-	snippet-f5f3f8f891e50991	c27a16e635383aedaba05b51fbdf5269c2ee40d1d1facc543fc3de307e3c5e59
part-17-migration-from-pre-ios-27/references/05-coreml-to-coreai.md	707	28-the-row-with-no-right-hand-side-xcodes-generated-wrapper-class	prelude:guide-context	PRELUDE-NEEDED	-	-	-	-	-	-	-	-	snippet-a16ee6efcd9f3ea9	eb398c8e6b369e5aebe24eca8ecd713a58f4b7475729b721fb66df1231ca1740
part-17-migration-from-pre-ios-27/references/05-coreml-to-coreai.md	848	31-️-silent-failure-the-optional-sample-loader-may-request-an-unintended-compute-unit	compile:27 imports:Foundation	VERIFIED	top	-	pass	-	-	-	-	-	snippet-2c431c6e4c42db64	735fa26927dd27a6ba7edc0048a4da83bbf3eff3116364f7a01cb9d8b30ef325
part-17-migration-from-pre-ios-27/references/05-coreml-to-coreai.md	945	33-️-silent-failure-two-options-structs-two-multi-gigabyte-cache-entries	prelude:guide-context	PRELUDE-NEEDED	-	-	-	-	-	-	-	-	snippet-8e347166e7282d11	7219d14a98932b4b26d0fac0896ab136e88ac1f456f5f38989dac06aec0b156e
part-17-migration-from-pre-ios-27/references/05-coreml-to-coreai.md	1114	41-states-kv-caches-as-first-class-in-place-model-inputs	prelude:guide-context	PRELUDE-NEEDED	-	-	-	-	-	-	-	-	snippet-3dd16abb59c51a74	9b08a4901cf02150a0e376a35c6efa5c73ba03a12738f48c4d1fe4539867085f
part-17-migration-from-pre-ios-27/references/05-coreml-to-coreai.md	1243	42-multi-function-assets--and-the-finding-that-reframes-them	prelude:guide-context	PRELUDE-NEEDED	-	-	-	-	-	-	-	-	snippet-5cde5ab353ccced7	13b1ed6eb40a169e7fde3430a36cc195ca80d2d42e906437e32731376f1a8f11
part-17-migration-from-pre-ios-27/references/05-coreml-to-coreai.md	1464	44-ahead-of-time-compilation	prelude:guide-context	PRELUDE-NEEDED	-	-	-	-	-	-	-	-	snippet-1ac5a3ef28cf470e	f06f9ccca7b556dd641f26d730217946d74c5395169b97d52301eb719c32e33b
part-17-migration-from-pre-ios-27/references/05-coreml-to-coreai.md	1630	52--no-documented-error-types-so-you-cannot-write-precise-catch-blocks	prelude:guide-context	PRELUDE-NEEDED	-	-	-	-	-	-	-	-	snippet-df81e98c33bb2e26	458586377a7133860bf6b97fc3f0ca8a7d8d00cccafe74aa50d5d9b743559165
part-17-migration-from-pre-ios-27/references/05-coreml-to-coreai.md	2041	81-step-1-put-both-behind-one-protocol	illustrative	ILLUSTRATIVE	-	-	-	-	-	-	-	-	snippet-12817947f0861d56	50a0be28d485a2b9c16747ae8ff0ab62a6267403ad8cb12d8e2bd16df14b4c99
part-17-migration-from-pre-ios-27/references/05-coreml-to-coreai.md	2058	81-step-1-put-both-behind-one-protocol	prelude:guide-context	PRELUDE-NEEDED	-	-	-	-	-	-	-	-	snippet-69c26f686f4bebff	aace0e0d67969ee6db45b82a5f44e07ca3f36550ca4c56375adee763afacb7b5
part-17-migration-from-pre-ios-27/references/05-coreml-to-coreai.md	2081	81-step-1-put-both-behind-one-protocol	prelude:guide-context	PRELUDE-NEEDED	-	-	-	-	-	-	-	-	snippet-5f0a7102c66716d5	8a3eb80fc3b8297f355f81d5ac7e8d9736706b0133063428f20db5ef890de11f
part-17-migration-from-pre-ios-27/references/05-coreml-to-coreai.md	2156	82-step-2-choose-the-backend-once-at-a-seam-you-control	prelude:guide-context	PRELUDE-NEEDED	-	-	-	-	-	-	-	-	snippet-5b2bf78fb24e1cef	a8e2576042a8c7d2abcd72ca927510672ad702ef3ea7a270a209363f0fca9c11
part-17-migration-from-pre-ios-27/references/05-coreml-to-coreai.md	2320	92-the-core-ai-api-you-need-on-day-one	illustrative	ILLUSTRATIVE	-	-	-	-	-	-	-	-	snippet-032b00db69105636	ff7ebb9a2fb57032fcdc588ecb39ea1836b84dcc11e2e036f050e3cd0a842d5e
part-17-migration-from-pre-ios-27/references/06-toolchain-and-asset-compatibility.md	1621	making-the-invalidation-visible-before-your-user-does	prelude:guide-context	PRELUDE-NEEDED	-	-	-	-	-	-	-	-	snippet-5c28fc823e6261db	fb76d881a7f2cb0390fe74cd4e16042000874e5a10588b56ce9205865497d264
part-17-migration-from-pre-ios-27/references/06-toolchain-and-asset-compatibility.md	1775	the-workflow-and-the-api	illustrative	ILLUSTRATIVE	-	-	-	-	-	-	-	-	snippet-7b73cf9938856911	f5a62230cb4b019091da659c9b602d755006d17f299a84523b2c30d787842159
part-17-migration-from-pre-ios-27/references/06-toolchain-and-asset-compatibility.md	1826	️-the-silent-failure	illustrative	ILLUSTRATIVE	-	-	-	-	-	-	-	-	snippet-74d322c45a47e024	6303ab171c66df31c5d5490c7cb8c0370b8ec54fd760cad73bf42d9356786a71
part-17-migration-from-pre-ios-27/references/06-toolchain-and-asset-compatibility.md	1861	what-fix-it-means	compile:27	VERIFIED	top	-	pass	-	-	-	-	-	snippet-d07b245841c96f39	854e79a9716e76744905b8466fc7b07cf75d5648e8e273104df474db03565d2a
part-17-migration-from-pre-ios-27/references/06-toolchain-and-asset-compatibility.md	2046	what-to-do-instead	compile:27	VERIFIED	top	-	pass	-	-	-	-	-	snippet-262902e959f82732	c8f35f91309f2eafae8adfe6142dddad7aa308d56710de367830578d9a318ca2
part-17-migration-from-pre-ios-27/references/06-toolchain-and-asset-compatibility.md	2062	what-to-do-instead	compile:27	VERIFIED	top	-	pass	-	-	-	-	-	snippet-880392eb04f32b87	8a2afe1c51a05f6f185f1a1f04f4d6822c450eec5a4e8b483f2e51f432e658b8
part-17-migration-from-pre-ios-27/references/06-toolchain-and-asset-compatibility.md	2710	how-to-actually-depend-on-it	illustrative	ILLUSTRATIVE	-	-	-	-	-	-	-	-	snippet-d6c321674be2309b	f8fbe780ef1c50f6ddb6576c1e864e70127a7e0a6fbcd4fd47ba2021831c0439
part-17-migration-from-pre-ios-27/references/06-toolchain-and-asset-compatibility.md	3034	two-places-to-put-it	compile:27	VERIFIED	top	-	pass	-	-	-	-	-	snippet-f0fcf81f495bdc15	9c7e7cb6d51691dd95234e6afc18c1d62946c2ead272b54239b1c6ccd38dfbd6
